Date,Open,High,Low,Close,Volume,Dividends,Stock Splits,MACD,MACD_signal,MACD_hist,ATR_14,is_price_swing_high,is_price_swing_low,is_macd_swing_high,is_macd_swing_low
2021-09-07 00:00:00+01:00,1.187394618988037,1.1887779235839844,1.1838297843933105,1.1875073909759521,0,0.0,0.0,0.004302238768582267,0.0027438372731705845,0.0015584014954116827,0.005146614142826625,False,False,False,False
2021-09-08 00:00:00+01:00,1.1845533847808838,1.185400128364563,1.1803170442581177,1.184356927871704,0,0.0,0.0,0.004226565900439461,0.0030403829986243597,0.001186182901815101,0.0053879788943699426,False,False,False,False
2021-09-09 00:00:00+01:00,1.1820330619812012,1.1841325759887695,1.1806097030639648,1.1819101572036743,0,0.0,0.0,0.003923928062702142,0.0032170920114399167,0.0007068360512622256,0.005381626742226737,False,False,False,False
2021-09-10 00:00:00+01:00,1.1823545694351196,1.185300350189209,1.1819353103637695,1.1825922727584839,0,0.0,0.0,0.003696515293203584,0.0033129766677926506,0.0003835386254109332,0.005147380488259452,False,False,False,False
2021-09-13 00:00:00+01:00,1.1812511682510376,1.1817537546157837,1.1770604848861694,1.1811953783035278,0,0.0,0.0,0.0033647841891475405,0.003323338172063629,4.144601708391165e-05,0.005061822278159005,False,False,False,False
2021-09-14 00:00:00+01:00,1.1810698509216309,1.1846994161605835,1.1801999807357788,1.1811953783035278,0,0.0,0.0,0.003066535783529334,0.0032719776943567697,-0.00020544191082743583,0.005154635225023542,False,False,False,False
2021-09-15 00:00:00+01:00,1.18035888671875,1.183300256729126,1.1800997257232666,1.1804981231689453,0,0.0,0.0,0.0027422976113142816,0.0031660416777482725,-0.0004237440664339909,0.005144000053405762,False,False,False,False
2021-09-16 00:00:00+01:00,1.1819353103637695,1.1823126077651978,1.1751710176467896,1.1819995641708374,0,0.0,0.0,0.002576786671851794,0.003048190676568977,-0.00047140400471718316,0.005171247891017369,False,False,False,False
2021-09-17 00:00:00+01:00,1.17648446559906,1.1789672374725342,1.1729655265808105,1.176747441291809,0,0.0,0.0,0.0019987750033263474,0.002838307541920451,-0.0008395325385941038,0.005419773714882987,False,False,False,False
2021-09-20 00:00:00+01:00,1.1728830337524414,1.1737089157104492,1.1700559854507446,1.1729930639266968,0,0.0,0.0,0.0012236443050901435,0.0025153748945543897,-0.0012917305894642461,0.005547395774296352,False,False,False,False
2021-09-21 00:00:00+01:00,1.1725666522979736,1.1748948097229004,1.1715912818908691,1.1730204820632935,0,0.0,0.0,0.0006045907113274573,0.002133218057909003,-0.0015286273465815459,0.00531973157610212,False,False,False,False
2021-09-22 00:00:00+01:00,1.1726078987121582,1.1744533777236938,1.1717147827148438,1.17229163646698,0,0.0,0.0,5.454576025409885e-05,0.0017174835983780224,-0.0016629378381239235,0.005072670323508126,False,False,False,False
2021-09-23 00:00:00+01:00,1.1688934564590454,1.175100564956665,1.1684194803237915,1.168770432472229,0,0.0,0.0,-0.0006579165088034244,0.001242403576941733,-0.0019003200857451575,0.005073530333382743,False,False,False,False
2021-09-24 00:00:00+01:00,1.1741775274276733,1.1748120784759521,1.1701655387878418,1.1740258932113647,0,0.0,0.0,-0.0007893767858970779,0.0008360475043739709,-0.0016254242902710488,0.005295685359409877,False,False,False,False
2021-09-27 00:00:00+01:00,1.1722092628479004,1.1728004217147827,1.1686612367630005,1.1723054647445679,0,0.0,0.0,-0.0010206191395365494,0.0004647141755918669,-0.0014853333151284163,0.005325436592102051,False,False,False,False
2021-09-28 00:00:00+01:00,1.1696043014526367,1.1705996990203857,1.1669973134994507,1.1696795225143433,0,0.0,0.0,-0.0013996378094482953,9.184377858383448e-05,-0.0014914815880321297,0.00519099405833653,False,False,False,False
2021-09-29 00:00:00+01:00,1.168688416481018,1.1691995859146118,1.1610087156295776,1.1686338186264038,0,0.0,0.0,-0.0017640574443493762,-0.00027933646600280767,-0.0014847209783465684,0.005542678492409843,False,False,False,False
2021-09-30 00:00:00+01:00,1.1602274179458618,1.161170482635498,1.1570056676864624,1.1601601839065552,0,0.0,0.0,-0.0027054276494093976,-0.0007645547026841257,-0.001940872946725272,0.006131104060581752,False,False,False,False
2021-10-01 00:00:00+01:00,1.1574207544326782,1.1608995199203491,1.1563901901245117,1.1574475765228271,0,0.0,0.0,-0.003628527656641012,-0.001337349293475503,-0.0022911783631655086,0.006058071340833392,False,False,False,False
2021-10-04 00:00:00+01:00,1.160725712776184,1.1640088558197021,1.1588560342788696,1.160725712776184,0,0.0,0.0,-0.004048899668801065,-0.0018796593685406157,-0.002169240300260449,0.006205345903124128,False,False,False,False
2021-10-05 00:00:00+01:00,1.1616560220718384,1.16225004196167,1.1583056449890137,1.1618449687957764,0,0.0,0.0,-0.004242824273132051,-0.0023522923494589025,-0.0018905319236731484,0.006258479186466762,False,False,False,False
2021-10-06 00:00:00+01:00,1.1595144271850586,1.1599582433700562,1.1530168056488037,1.1596084833145142,0,0.0,0.0,-0.004524817328897868,-0.002786797345346696,-0.0017380199835511719,0.00637894868850708,False,True,False,False
2021-10-07 00:00:00+01:00,1.1555349826812744,1.157139539718628,1.1549345254898071,1.1555349826812744,0,0.0,0.0,-0.005019138806820145,-0.003233265637641386,-0.001785873169178759,0.006067514419555664,False,False,False,False
2021-10-08 00:00:00+01:00,1.1559224128723145,1.1583727598190308,1.1542545557022095,1.1559758186340332,0,0.0,0.0,-0.005314063150194004,-0.0036494251401519096,-0.0016646380100420943,0.005883710724966866,False,False,False,False
2021-10-11 00:00:00+01:00,1.1565908193588257,1.1587486267089844,1.15529465675354,1.1566041707992554,0,0.0,0.0,-0.005434445147916911,-0.00400642914170491,-0.0014280160062120012,0.005894456590924945,False,False,False,False
2021-10-12 00:00:00+01:00,1.15529465675354,1.1570056676864624,1.1533892154693604,1.1553747653961182,0,0.0,0.0,-0.005564902754953804,-0.004318123864354689,-0.0012467788905991158,0.0059571606772286555,False,False,False,False
2021-10-13 00:00:00+01:00,1.1530966758728027,1.1579005718231201,1.1530567407608032,1.15340256690979,0,0.0,0.0,-0.005761021810601896,-0.00460670345360413,-0.001154318356997766,0.005825928279331752,False,False,False,True
2021-10-14 00:00:00+01:00,1.1599582433700562,1.162500023841858,1.1584665775299072,1.1599582433700562,0,0.0,0.0,-0.005326063725625829,-0.00475057550800847,-0.0005754882176173589,0.006044200488499233,False,False,False,False
2021-10-15 00:00:00+01:00,1.1590708494186401,1.1619800329208374,1.1588828563690186,1.159151554107666,0,0.0,0.0,-0.004988939996497521,-0.004798248405706281,-0.00019069159079124036,0.0058822376387459895,False,False,False,False
2021-10-18 00:00:00+01:00,1.159595012664795,1.1612108945846558,1.1573002338409424,1.1597026586532593,0,0.0,0.0,-0.004623994945862631,-0.004763397713737551,0.00013940276787492017,0.005782416888645717,False,False,False,False
2021-10-19 00:00:00+01:00,1.1614537239074707,1.1670000553131104,1.1614537239074707,1.161386251449585,0,0.0,0.0,-0.004151070538440438,-0.004640932278678129,0.0004898617402376909,0.005684316158294678,False,False,False,False
2021-10-20 00:00:00+01:00,1.1633858680725098,1.1654006242752075,1.1618045568466187,1.1631964445114136,0,0.0,0.0,-0.003588837205317885,-0.0044305132640060805,0.0008416760586881953,0.00514047486441476,False,False,False,False
2021-10-21 00:00:00+01:00,1.165243148803711,1.1669973134994507,1.1633182764053345,1.1655012369155884,0,0.0,0.0,-0.002923584490939213,-0.004129127509392707,0.0012055430184534938,0.0050898705210004535,False,False,False,False
2021-10-22 00:00:00+01:00,1.1625880002975464,1.1654061079025269,1.1622366905212402,1.1625338792800903,0,0.0,0.0,-0.0026057701871673444,-0.0038244560449476345,0.00121868585778029,0.004854389599391392,False,False,False,False
2021-10-25 00:00:00+01:00,1.1641308069229126,1.1668611764907837,1.159326195716858,1.1640088558197021,0,0.0,0.0,-0.0022094130435916792,-0.0035014474446764437,0.0012920344010847644,0.0051108598709106445,False,False,False,False
2021-10-26 00:00:00+01:00,1.161170482635498,1.1629002094268799,1.1585874557495117,1.161170482635498,0,0.0,0.0,-0.0021001212558424687,-0.0032211822069096487,0.00112106095106718,0.004867519651140485,False,False,False,False
2021-10-27 00:00:00+01:00,1.1598236560821533,1.162439227104187,1.1585336923599243,1.1598236560821533,0,0.0,0.0,-0.0020979999362962243,-0.002996545752786964,0.0008985458164907398,0.004812632288251605,False,False,False,False
2021-10-28 00:00:00+01:00,1.1598910093307495,1.1693171262741089,1.158319115638733,1.1600120067596436,0,0.0,0.0,-0.00205740397734977,-0.0028087173976995253,0.0007513134203497554,0.005304047039576939,True,False,False,False
2021-10-29 00:00:00+01:00,1.1683744192123413,1.1691803932189941,1.1546677350997925,1.1683608293533325,0,0.0,0.0,-0.0013361488854894965,-0.0025142036952575195,0.001178054809768023,0.006093953336988177,False,False,True,False
2021-11-01 00:00:00+00:00,1.1559356451034546,1.159326195716858,1.1546677350997925,1.1556684970855713,0,0.0,0.0,-0.0017683299615400827,-0.0023650289485140324,0.0005966989869739497,0.006813713482448033,False,False,False,False
2021-11-02 00:00:00+00:00,1.1601735353469849,1.1614995002746582,1.1579166650772095,1.1599582433700562,0,0.0,0.0,-0.0017445794775010626,-0.0022409390543114385,0.000496359576810376,0.00688422577721732,False,False,False,False
2021-11-03 00:00:00+00:00,1.158077597618103,1.159900426864624,1.1563634872436523,1.1579434871673584,0,0.0,0.0,-0.0018668115933264673,-0.0021661135621144443,0.000299301968787977,0.006491175719669887,False,False,False,False
2021-11-04 00:00:00+00:00,1.1615750789642334,1.1617100238800049,1.152923822402954,1.1615750789642334,0,0.0,0.0,-0.001651603659327039,-0.0020632115815569633,0.0004116079222299244,0.006897534642900739,False,False,False,False
2021-11-05 00:00:00+00:00,1.1556684970855713,1.1564704179763794,1.151410460472107,1.1555349826812744,0,0.0,0.0,-0.0019460028030184873,-0.002039769825849268,9.376702283078091e-05,0.007344245910644531,False,False,False,False
2021-11-08 00:00:00+00:00,1.1568450927734375,1.1595547199249268,1.1551746129989624,1.1568851470947266,0,0.0,0.0,-0.0020467753093615926,-0.002041170922551733,-5.604386809859516e-06,0.007135868072509766,False,False,False,False
2021-11-09 00:00:00+00:00,1.1588693857192993,1.1609008312225342,1.157019019126892,1.159151554107666,0,0.0,0.0,-0.0019216070519385564,-0.0020172581484290976,9.565109649054123e-05,0.007135961736951556,False,False,False,False
2021-11-10 00:00:00+00:00,1.159366488456726,1.1598236560821533,1.1513441801071167,1.1595547199249268,0,0.0,0.0,-0.001769480721789618,-0.0019677026631012015,0.00019822194131158353,0.007470147950308663,False,False,False,False
2021-11-11 00:00:00+00:00,1.1485671997070312,1.1491611003875732,1.1454885005950928,1.148593544960022,0,0.0,0.0,-0.002504524127314278,-0.002075066955943817,-0.00042945717137046107,0.008241696017129081,False,False,False,False
2021-11-12 00:00:00+00:00,1.1447803974151611,1.1459873914718628,1.1434059143066406,1.145081877708435,0,0.0,0.0,-0.0033320042499767055,-0.002326454414750395,-0.0010055498352263105,0.008074028151375907,False,False,False,False
2021-11-15 00:00:00+00:00,1.1442302465438843,1.1464208364486694,1.1416958570480347,1.144164800643921,0,0.0,0.0,-0.0040155004737334465,-0.0026642636265470053,-0.0013512368471864412,0.008024283817836217,False,False,False,False
2021-11-16 00:00:00+00:00,1.1367381811141968,1.1387006044387817,1.1330673694610596,1.1366478204727173,0,0.0,0.0,-0.005104887665847269,-0.003152388434407058,-0.0019524992314402106,0.008537990706307548,False,False,False,False
2021-11-17 00:00:00+00:00,1.1316184997558594,1.1334000825881958,1.127052664756775,1.1321182250976562,0,0.0,0.0,-0.006261556035276117,-0.00377422195458087,-0.002487334080695247,0.008437786783490862,False,False,False,False
2021-11-18 00:00:00+00:00,1.1318106651306152,1.1359764337539673,1.1315033435821533,1.1321182250976562,0,0.0,0.0,-0.007096420928301317,-0.00443866174932496,-0.002657759178976357,0.0077206747872488836,False,False,False,False
2021-11-19 00:00:00+00:00,1.1370097398757935,1.1370097398757935,1.1252391338348389,1.1368415355682373,0,0.0,0.0,-0.007292858161043414,-0.005009501031668651,-0.0022833571293747633,0.007583354200635638,False,False,False,False
2021-11-22 00:00:00+00:00,1.1275737285614014,1.1290504932403564,1.123822808265686,1.1275737285614014,0,0.0,0.0,-0.00810296472101868,-0.005628193769538657,-0.0024747709514800226,0.008096763065883092,False,False,False,False
2021-11-23 00:00:00+00:00,1.1243535280227661,1.1273448467254639,1.12271249294281,1.12421452999115,0,0.0,0.0,-0.008913292370808401,-0.006285213489792605,-0.0026280788810157957,0.008187225886753626,False,False,False,False
2021-11-24 00:00:00+00:00,1.1243914365768433,1.1254544258117676,1.1187809705734253,1.1244926452636719,0,0.0,0.0,-0.009424402645960006,-0.006913051321026086,-0.0025113513249339203,0.008036315441131592,False,True,False,False
2021-11-25 00:00:00+00:00,1.1206992864608765,1.1230907440185547,1.1203980445861816,1.1202975511550903,0,0.0,0.0,-0.010052095951154083,-0.0075408602470516855,-0.0025112357041023976,0.007602742740086147,False,False,False,False
2021-11-26 00:00:00+00:00,1.1209003925323486,1.1322002410888672,1.1207997798919678,1.1209630966186523,0,0.0,0.0,-0.010376232709399469,-0.008107934739521244,-0.0022682979698782253,0.00814007009778704,False,False,False,True
2021-11-29 00:00:00+00:00,1.1291142702102661,1.12980055809021,1.125885248184204,1.1293182373046875,0,0.0,0.0,-0.00984543139450178,-0.00845543407051735,-0.00138999732398443,0.008484482765197754,False,False,False,False
2021-11-30 00:00:00+00:00,1.1293565034866333,1.1381744146347046,1.1246063709259033,1.1293437480926514,0,0.0,0.0,-0.009315327721459266,-0.008627412800705734,-0.000687914920753532,0.008847951889038086,True,False,False,False
2021-12-01 00:00:00+00:00,1.1330032348632812,1.1358473300933838,1.1304160356521606,1.1330289840698242,0,0.0,0.0,-0.008499867811677664,-0.008601903802900119,0.00010203599122245513,0.008307763508387975,False,False,False,False
2021-12-02 00:00:00+00:00,1.1319644451141357,1.1348161697387695,1.1301862001419067,1.1319515705108643,0,0.0,0.0,-0.00785005764989477,-0.00845153457229905,0.0006014769224042798,0.008267930575779505,False,False,False,False
2021-12-03 00:00:00+00:00,1.130684494972229,1.1331830024719238,1.1267352104187012,1.1306205987930298,0,0.0,0.0,-0.007357662159893197,-0.00823276008981788,0.0008750979299246824,0.008390988622392927,False,False,False,False
2021-12-06 00:00:00+00:00,1.1302627325057983,1.1310003995895386,1.1269001960754395,1.1304799318313599,0,0.0,0.0,-0.006899255511850111,-0.007966059174224325,0.0010668036623742144,0.00789118664605277,False,False,False,False
2021-12-07 00:00:00+00:00,1.1284515857696533,1.1299434900283813,1.1231285333633423,1.128668189048767,0,0.0,0.0,-0.006606007499466271,-0.007694048839272715,0.001088041339806444,0.007730918271200997,False,False,False,False
2021-12-08 00:00:00+00:00,1.1273066997528076,1.1339025497436523,1.12696373462677,1.1276500225067139,0,0.0,0.0,-0.006382193909079126,-0.007431677853233998,0.0010494839441548718,0.007907041481563024,False,False,False,False
2021-12-09 00:00:00+00:00,1.1344043016433716,1.1345586776733398,1.1279425621032715,1.1345586776733398,0,0.0,0.0,-0.005582992035408685,-0.007061940689668936,0.001478948654260251,0.007559759276253837,False,False,False,False
2021-12-10 00:00:00+00:00,1.129407525062561,1.1322592496871948,1.1267352104187012,1.1293309926986694,0,0.0,0.0,-0.005310236183242889,-0.006711599788383727,0.0014013636051408377,0.007188669272831508,False,False,False,False
2021-12-13 00:00:00+00:00,1.1311193704605103,1.1316057443618774,1.126354455947876,1.131183385848999,0,0.0,0.0,-0.00488825381205249,-0.006346930593117479,0.0014586767810649895,0.007216530186789376,False,False,False,False
2021-12-14 00:00:00+00:00,1.1283371448516846,1.13275945186615,1.1266590356826782,1.1285407543182373,0,0.0,0.0,-0.004712742460302621,-0.006020092966554508,0.0013073505062518864,0.007175598825727191,False,False,False,False
2021-12-15 00:00:00+00:00,1.1258726119995117,1.1278001070022583,1.1249226331710815,1.1261261701583862,0,0.0,0.0,-0.00471414349991317,-0.00575890307322624,0.00104475957331307,0.007141564573560443,False,False,False,False
2021-12-16 00:00:00+00:00,1.1293054819107056,1.1363636255264282,1.1282098293304443,1.1290758848190308,0,0.0,0.0,-0.004426213874258567,-0.005492365233432706,0.0010661513591741396,0.0070226192474365234,True,False,False,False
2021-12-17 00:00:00+00:00,1.1335426568984985,1.13490629196167,1.1268366575241089,1.1334141492843628,0,0.0,0.0,-0.003804114422460092,-0.005154715071238184,0.0013506006487780916,0.0069677744592939106,False,False,False,False
2021-12-20 00:00:00+00:00,1.1242523193359375,1.130454421043396,1.1237343549728394,1.1243535280227661,0,0.0,0.0,-0.003996147437816733,-0.004923001544553894,0.0009268541067371612,0.006690042359488351,False,True,False,False
2021-12-21 00:00:00+00:00,1.1276754140853882,1.1303266286849976,1.1261768341064453,1.1277517080307007,0,0.0,0.0,-0.003829980626562479,-0.004704397360955612,0.0008744167343931325,0.00665215083530971,False,False,False,False
2021-12-22 00:00:00+00:00,1.1290504932403564,1.134199619293213,1.1265320777893066,1.128757357597351,0,0.0,0.0,-0.0035759236936068195,-0.004478702627485853,0.0009027789338790339,0.006869120257241386,False,False,False,False
2021-12-23 00:00:00+00:00,1.1330161094665527,1.1345586776733398,1.1291524171829224,1.1328877210617065,0,0.0,0.0,-0.003006637288081926,-0.004184289559605068,0.001177652271523142,0.006822943687438965,False,False,False,False
2021-12-24 00:00:00+00:00,1.1324644088745117,1.134429931640625,1.1308379173278809,1.132733702659607,0,0.0,0.0,-0.0025386378709513213,-0.0038551592218743188,0.0013165213509229974,0.006786644458770752,False,False,False,False
2021-12-27 00:00:00+00:00,1.132387399673462,1.1335002183914185,1.1304160356521606,1.1324259042739868,0,0.0,0.0,-0.0021675950322124216,-0.0035176463839419396,0.001350051351729518,0.006481843335287911,False,False,False,False
2021-12-28 00:00:00+00:00,1.1329776048660278,1.1336004734039307,1.1290377378463745,1.1330032348632812,0,0.0,0.0,-0.001806135153915367,-0.0031753441379366253,0.0013692089840212584,0.006312123366764614,False,False,False,False
2021-12-29 00:00:00+00:00,1.1313369274139404,1.137000560760498,1.1275355815887451,1.1314777135849,0,0.0,0.0,-0.0016240513608878349,-0.0028650855825268673,0.0012410342216390324,0.006494717938559396,False,False,False,False
2021-12-30 00:00:00+00:00,1.1359764337539673,1.1359764337539673,1.1300712823867798,1.1360150575637817,0,0.0,0.0,-0.0011009320448340798,-0.00251225487498831,0.00141132283015423,0.006357695375170026,False,False,False,False
2021-12-31 00:00:00+00:00,1.1323232650756836,1.1379153728485107,1.1305055618286133,1.132502794265747,0,0.0,0.0,-0.0009587150426999536,-0.0022015469085306387,0.0012428318658306852,0.006511875561305455,True,False,False,False
2022-01-03 00:00:00+00:00,1.1373846530914307,1.1375917196273804,1.1285407543182373,1.1373459100723267,0,0.0,0.0,-0.00045002051750908656,-0.0018512416303263282,0.0014012211128172417,0.006722629070281982,False,False,False,False
2022-01-04 00:00:00+00:00,1.1301988363265991,1.1323001384735107,1.1273448467254639,1.1302244663238525,0,0.0,0.0,-0.000614434615685111,-0.0016038802273980848,0.0009894456117129737,0.007178553513118199,False,True,False,False
2022-01-05 00:00:00+00:00,1.1285407543182373,1.1345586776733398,1.1277644634246826,1.1283625364303589,0,0.0,0.0,-0.0008847769961792817,-0.0014600595811543242,0.0005752825849750425,0.00693260771887643,False,False,False,False
2022-01-06 00:00:00+00:00,1.1312217712402344,1.1330673694610596,1.1285535097122192,1.1313496828079224,0,0.0,0.0,-0.0008482098966906548,-0.0013376896442615902,0.0004894797475709354,0.006692264761243548,False,False,False,False
2022-01-07 00:00:00+00:00,1.129586100578308,1.1359764337539673,1.1290504932403564,1.1296881437301636,0,0.0,0.0,-0.000942438677975721,-0.0012586394510044165,0.0003162007730286955,0.006495560918535505,False,False,False,False
2022-01-10 00:00:00+00:00,1.135344386100769,1.1359764337539673,1.1288337707519531,1.1353960037231445,0,0.0,0.0,-0.0005501967416168263,-0.0011169509091268986,0.0005667541675100723,0.006579101085662842,False,False,False,False
2022-01-11 00:00:00+00:00,1.1332728862762451,1.136899709701538,1.1315544843673706,1.1330417394638062,0,0.0,0.0,-0.00042441919117885973,-0.0009784445655372908,0.0005540253743584311,0.00641322135925293,False,False,False,False
2022-01-12 00:00:00+00:00,1.1370097398757935,1.1433000564575195,1.1355764865875244,1.1366478204727173,0,0.0,0.0,-3.3374258459284434e-05,-0.0007894305041216896,0.0007560562456624052,0.0067315782819475445,False,False,False,False
2022-01-13 00:00:00+00:00,1.1439814567565918,1.1479079723358154,1.1436413526535034,1.144164800643921,0,0.0,0.0,0.0008730254518698466,-0.00045693931292338237,0.001329964764793229,0.007279302392687116,False,False,False,False
2022-01-14 00:00:00+00:00,1.14565908908844,1.148369312286377,1.1410053968429565,1.1457115411758423,0,0.0,0.0,0.0016966053761626743,-2.623037510617103e-05,0.0017228357512688453,0.0075849975858415875,True,False,False,False
2022-01-17 00:00:00+00:00,1.1412137746810913,1.143458366394043,1.1393154859542847,1.1410704851150513,0,0.0,0.0,0.0019522990740934443,0.00036947551473375206,0.0015828235593596922,0.007715948990413121,False,False,False,False
2022-01-18 00:00:00+00:00,1.141291856765747,1.1423349380493164,1.1329647302627563,1.1410574913024902,0,0.0,0.0,0.0021293439284608695,0.0007214491974791756,0.0014078947309816938,0.0077091796057564875,False,False,True,False
2022-01-19 00:00:00+00:00,1.1330032348632812,1.1356796026229858,1.1319515705108643,1.1329647302627563,0,0.0,0.0,0.0015982118775337284,0.0008968017334900862,0.0007014101440436422,0.007937805993216378,False,False,False,False
2022-01-20 00:00:00+00:00,1.134352684020996,1.136893391609192,1.1330161094665527,1.1343399286270142,0,0.0,0.0,0.0012735719706509219,0.0009721557809222533,0.00030141618972866853,0.007689152445111956,False,False,False,False
2022-01-21 00:00:00+00:00,1.1315417289733887,1.1361054182052612,1.1302244663238525,1.1313753128051758,0,0.0,0.0,0.0007682172547343047,0.0009313680756846637,-0.00016315082095035905,0.007462722914559501,False,False,False,False
2022-01-24 00:00:00+00:00,1.1340954303741455,1.1340954303741455,1.1291396617889404,1.1341469287872314,0,0.0,0.0,0.0005846270313765167,0.0008620198668230344,-0.00027739283544651763,0.007102344717298236,False,False,False,False
2022-01-25 00:00:00+00:00,1.132387399673462,1.132502794265747,1.1266844272613525,1.1324130296707153,0,0.0,0.0,0.00029580938234152754,0.0007487777699267331,-0.00045296838758520557,0.007150079522814069,False,False,False,False
2022-01-26 00:00:00+00:00,1.130352258682251,1.1313496828079224,1.1272051334381104,1.130454421043396,0,0.0,0.0,-9.008558227097119e-05,0.0005810050994871924,-0.0006710906817581635,0.007186012608664376,False,False,False,False
2022-01-27 00:00:00+00:00,1.1242270469665527,1.12447988986969,1.1133501529693604,1.1243535280227661,0,0.0,0.0,-0.0008780792504103907,0.0002891882295076758,-0.0011672674799180665,0.007913036005837577,False,False,False,False
2022-01-28 00:00:00+00:00,1.1146159172058105,1.1170064210891724,1.1123347282409668,1.1147029399871826,0,0.0,0.0,-0.002255294084407833,-0.00021970823327542593,-0.002035585851132407,0.008261331490107946,False,True,False,False
2022-01-31 00:00:00+00:00,1.115138053894043,1.121692419052124,1.114504098892212,1.1152374744415283,0,0.0,0.0,-0.0032659662732679173,-0.0008289598412739243,-0.002437006431993993,0.008392981120518275,False,False,False,False
2022-02-01 00:00:00+00:00,1.12291419506073,1.1279042959213257,1.1222084760665894,1.12296462059021,0,0.0,0.0,-0.003404173950420031,-0.0013440026631031457,-0.002060171287316885,0.008565017155238561,False,False,False,True
2022-02-02 00:00:00+00:00,1.1273066997528076,1.132939100265503,1.126697063446045,1.1273956298828125,0,0.0,0.0,-0.0031201914866656466,-0.001699240427815646,-0.0014209510588500006,0.008473183427538191,False,False,False,False
2022-02-03 00:00:00+00:00,1.1299946308135986,1.1450687646865845,1.1272051334381104,1.1299946308135986,0,0.0,0.0,-0.002654812656064376,-0.0018903548734653922,-0.0007644577825989837,0.00922316312789917,False,False,False,False
2022-02-04 00:00:00+00:00,1.1435105800628662,1.148369312286377,1.1413440704345703,1.14357590675354,0,0.0,0.0,-0.0011765387091755564,-0.0017475916406074251,0.0005710529314318688,0.010078779288700648,False,False,False,False
2022-02-07 00:00:00+00:00,1.1454622745513916,1.1460003852844238,1.1416698694229126,1.145514726638794,0,0.0,0.0,0.00014972467264273703,-0.0013681283779573927,0.0015178530506001298,0.009718801294054304,False,False,False,False
2022-02-08 00:00:00+00:00,1.144086241722107,1.145081877708435,1.1397050619125366,1.1442956924438477,0,0.0,0.0,0.0010898687576881283,-0.0008765289508282885,0.001966397708516417,0.009483354432242257,False,False,False,False
2022-02-09 00:00:00+00:00,1.1421130895614624,1.1447004079818726,1.1403288841247559,1.142126202583313,0,0.0,0.0,0.0016409640062973185,-0.0003730303594031671,0.002013994365700486,0.009514987468719482,False,False,False,False
2022-02-10 00:00:00+00:00,1.142126202583313,1.1494252681732178,1.1380836963653564,1.142152190208435,0,0.0,0.0,0.0020561064303592502,0.00011279699854931634,0.001943309431809934,0.009905031749180384,True,False,False,False
2022-02-11 00:00:00+00:00,1.1411746740341187,1.1419005393981934,1.1371259689331055,1.1415525674819946,0,0.0,0.0,0.0023100959020265766,0.0005522567792447684,0.0017578391227818081,0.009910064084189278,False,False,True,False
2022-02-14 00:00:00+00:00,1.1365832090377808,1.136893391609192,1.1292799711227417,1.1365057229995728,0,0.0,0.0,0.002080167342461303,0.0008578388918880754,0.0012223284505732278,0.010253642286573137,False,False,False,False
2022-02-15 00:00:00+00:00,1.1306078433990479,1.1368803977966309,1.1305822134017944,1.1306334733963013,0,0.0,0.0,0.0014078767095786482,0.0009678464554261901,0.0004400302541524581,0.010331520012446813,False,False,False,False
2022-02-16 00:00:00+00:00,1.135563611984253,1.1393154859542847,1.1345458030700684,1.1356796026229858,0,0.0,0.0,0.0012676493234420327,0.0010278070290293587,0.00023984229441267402,0.009729930332728795,False,False,False,False
2022-02-17 00:00:00+00:00,1.1373329162597656,1.1386927366256714,1.13275945186615,1.1375269889831543,0,0.0,0.0,0.0012907082681810067,0.0010803872768596883,0.0002103209913213184,0.009295250688280379,False,False,False,False
2022-02-18 00:00:00+00:00,1.1363893747329712,1.137669324874878,1.131580114364624,1.1366478204727173,0,0.0,0.0,0.0012239323662959212,0.001109096294746935,0.00011483607154898624,0.009216742856161935,False,False,False,False
2022-02-21 00:00:00+00:00,1.131733775138855,1.1385631561279297,1.1314136981964111,1.131721019744873,0,0.0,0.0,0.000764645976371936,0.0010402062310719351,-0.00027556025469999915,0.008822645459856306,False,False,False,False
2022-02-22 00:00:00+00:00,1.1309658288955688,1.1363766193389893,1.1289101839065552,1.1309658288955688,0,0.0,0.0,0.0003358491532521324,0.0008993348155079746,-0.0005634856622558423,0.008643499442509242,False,False,False,False
2022-02-23 00:00:00+00:00,1.1330546140670776,1.1359764337539673,1.1307356357574463,1.13291335105896,0,0.0,0.0,0.00015142777890453374,0.0007497534081872865,-0.0005983256292827528,0.007741868495941162,False,False,False,False
2022-02-24 00:00:00+00:00,1.1305949687957764,1.1305949687957764,1.1110494136810303,1.1305694580078125,0,0.0,0.0,-0.000181764797999584,0.0005634497669499125,-0.0007452145649494965,0.007991101060594832,False,False,False,False
2022-02-25 00:00:00+00:00,1.1190814971923828,1.1266082525253296,1.1168068647384644,1.11906898021698,0,0.0,0.0,-0.001358158751275651,0.0001791280633047998,-0.0015372868145804507,0.008664820875440325,False,False,False,False
2022-02-28 00:00:00+00:00,1.118105411529541,1.1244546175003052,1.1143178939819336,1.118105411529541,0,0.0,0.0,-0.002341223211088206,-0.00032494219157380136,-0.0020162810195144044,0.008973896503448486,False,False,False,False
2022-03-01 00:00:00+00:00,1.1214659214019775,1.1232168674468994,1.1102105379104614,1.1215918064117432,0,0.0,0.0,-0.0028066328318927525,-0.0008212803196375915,-0.001985352512255161,0.009590668337685722,False,False,False,False
2022-03-02 00:00:00+00:00,1.1131023168563843,1.1141936779022217,1.1058521270751953,1.1132758855819702,0,0.0,0.0,-0.00380266387926409,-0.0014175570315628915,-0.0023851068477011984,0.009904818875449044,False,False,False,False
2022-03-03 00:00:00+00:00,1.1113580465316772,1.111605167388916,1.1039842367172241,1.1112345457077026,0,0.0,0.0,-0.004702536810858415,-0.0020745529874219965,-0.002627983823436419,0.01020949227469308,False,False,False,False
2022-03-04 00:00:00+00:00,1.1069294214248657,1.1069294214248657,1.0890042781829834,1.1066844463348389,0,0.0,0.0,-0.005716946188023986,-0.0028030316275423945,-0.0029139145604815913,0.010920754500797816,False,False,False,False
2022-03-07 00:00:00+00:00,1.087393879890442,1.0930753946304321,1.0808590650558472,1.087453007698059,0,0.0,0.0,-0.00798069284271996,-0.003838563870577908,-0.004142128972142053,0.01231555427823748,False,True,False,False
2022-03-08 00:00:00+00:00,1.08695650100708,1.0922157764434814,1.0851165056228638,1.0865312814712524,0,0.0,0.0,-0.009736863478107649,-0.0050182237920838564,-0.004718639686023793,0.01220250129699707,False,False,False,False
2022-03-09 00:00:00+00:00,1.0900845527648926,1.1091147661209106,1.0897876024246216,1.0898232460021973,0,0.0,0.0,-0.010739212378257923,-0.00616242150931867,-0.004576790868939253,0.013391801289149694,False,False,False,True
2022-03-10 00:00:00+00:00,1.1073338985443115,1.1116174459457397,1.0982131958007812,1.107382893562317,0,0.0,0.0,-0.010001374675537189,-0.006930212142562375,-0.003071162532974814,0.014513586248670305,False,False,False,False
2022-03-11 00:00:00+00:00,1.1012123823165894,1.104191541671753,1.0934697389602661,1.1013944149017334,0,0.0,0.0,-0.009787034320966947,-0.00750157657824329,-0.002285457742723657,0.014996707439422607,False,False,False,False
2022-03-14 00:00:00+00:00,1.0932546854019165,1.0986958742141724,1.0902509689331055,1.093206763267517,0,0.0,0.0,-0.010160716688395466,-0.008033404600273726,-0.00212731208812174,0.01525935104915074,False,False,False,False
2022-03-15 00:00:00+00:00,1.094534993171692,1.1018311977386475,1.093948245048523,1.0943193435668945,0,0.0,0.0,-0.010248943286420342,-0.008476512337503048,-0.0017724309489172939,0.015501039368765695,False,False,False,False
2022-03-16 00:00:00+00:00,1.0967316627502441,1.1038745641708374,1.0955781936645508,1.0969363451004028,0,0.0,0.0,-0.009992505959847353,-0.00877971106197191,-0.0012127948978754438,0.014621845313480921,False,False,False,False
2022-03-17 00:00:00+00:00,1.102244257926941,1.1110494136810303,1.1021226644515991,1.1021955013275146,0,0.0,0.0,-0.009258184982622097,-0.008875405846101948,-0.0003827791365201491,0.014646879264286585,False,False,False,False
2022-03-18 00:00:00+00:00,1.1098902225494385,1.1117905378341675,1.1005337238311768,1.1099518537521362,0,0.0,0.0,-0.00795861553374233,-0.008692047783630025,0.0007334322498876947,0.014726885727473668,False,False,False,False
2022-03-21 00:00:00+00:00,1.1042159795761108,1.1066721677780151,1.1026087999343872,1.1043134927749634,0,0.0,0.0,-0.007299521649935858,-0.008413542556891192,0.001114020906955334,0.0143223660332816,False,False,False,False
2022-03-22 00:00:00+00:00,1.1016370058059692,1.1045695543289185,1.0961546897888184,1.101722002029419,0,0.0,0.0,-0.006906680727510439,-0.008112170191015042,0.0012054894635046033,0.013799164976392473,False,False,False,False
2022-03-23 00:00:00+00:00,1.1030100584030151,1.1042001247406006,1.096575379371643,1.1029735803604126,0,0.0,0.0,-0.006420349759291399,-0.007773806104670314,0.001353456345378915,0.013680100440979004,False,False,False,False
2022-03-24 00:00:00+00:00,1.1006306409835815,1.101333737373352,1.0969964265823364,1.1006306409835815,0,0.0,0.0,-0.006153055990784084,-0.0074496560818930685,0.0012966000911089843,0.012519163744790214,False,False,False,False
2022-03-25 00:00:00+00:00,1.100897192955017,1.1038745641708374,1.0982975959777832,1.1009578704833984,0,0.0,0.0,-0.005847413722130046,-0.007129207609940464,0.0012817938878104179,0.011072848524366106,False,False,False,False
2022-03-28 00:00:00+01:00,1.098189115524292,1.0996744632720947,1.094534993171692,1.098189115524292,0,0.0,0.0,-0.005762182554285511,-0.006855802598809474,0.0010936200445239627,0.011024534702301025,False,False,False,False
2022-03-29 00:00:00+01:00,1.0993843078613281,1.1136353015899658,1.097044587135315,1.0993843078613281,0,0.0,0.0,-0.0055343971217742816,-0.0065915215034024355,0.001057124381628154,0.010596479688371931,False,False,False,False
2022-03-30 00:00:00+01:00,1.1091516017913818,1.1170001029968262,1.108905553817749,1.1091516017913818,0,0.0,0.0,-0.004513705348358155,-0.0061759582723935795,0.001662252924035425,0.010298022202083043,False,False,False,False
2022-03-31 00:00:00+01:00,1.1161835193634033,1.1183055639266968,1.1074001789093018,1.1161835193634033,0,0.0,0.0,-0.003101629134399486,-0.005561092444794762,0.0024594633103952757,0.010083181517464774,True,False,False,False
2022-04-01 00:00:00+01:00,1.1072357892990112,1.1075423955917358,1.1029735803604126,1.1072357892990112,0,0.0,0.0,-0.0026737344518543704,-0.004983620846206684,0.0023098863943523135,0.010230788162776403,False,False,False,False
2022-04-04 00:00:00+01:00,1.1047282218933105,1.1057054996490479,1.0980926752090454,1.1047282218933105,0,0.0,0.0,-0.0025080532890404683,-0.004488507334773442,0.0019804540457329734,0.010267836706978934,False,False,True,False
2022-04-05 00:00:00+01:00,1.0975863933563232,1.0991426706314087,1.092132329940796,1.0975863933563232,0,0.0,0.0,-0.002919382822105243,-0.004174682432239802,0.0012552996101345588,0.010485027517591203,False,False,False,False
2022-04-06 00:00:00+01:00,1.090643286705017,1.0937448740005493,1.0875712633132935,1.090643286705017,0,0.0,0.0,-0.003762246288033566,-0.004092195203398555,0.0003299489153649887,0.010192317622048514,False,False,False,False
2022-04-07 00:00:00+01:00,1.0898232460021973,1.0935057401657104,1.08672034740448,1.0898232460021973,0,0.0,0.0,-0.0044451511531538035,-0.0041627863933496045,-0.00028236475980419895,0.00987293039049421,False,False,False,False
2022-04-08 00:00:00+01:00,1.0864840745925903,1.0891940593719482,1.0836936235427856,1.0864840745925903,0,0.0,0.0,-0.005195906232254854,-0.004369410361130655,-0.0008264958711241997,0.00978625672204154,False,False,False,False
2022-04-11 00:00:00+01:00,1.0884946584701538,1.0932785272598267,1.0874648094177246,1.0884946584701538,0,0.0,0.0,-0.005564503591947156,-0.004608429007293955,-0.0009560745846532012,0.009670513016836984,False,False,False,False
2022-04-12 00:00:00+01:00,1.0877959728240967,1.0903936624526978,1.0851871967315674,1.0877959728240967,0,0.0,0.0,-0.005845613157865026,-0.00485586583740817,-0.0009897473204568564,0.009497778756277902,False,False,False,False
2022-04-13 00:00:00+01:00,1.0826143026351929,1.0873819589614868,1.0810343027114868,1.0826143026351929,0,0.0,0.0,-0.006412591628763398,-0.0051672109956792155,-0.0012453806330841822,0.009553815637316023,False,False,False,False
2022-04-14 00:00:00+01:00,1.089656949043274,1.0922634601593018,1.0758588314056396,1.089656949043274,0,0.0,0.0,-0.00622192101211283,-0.005378152998965938,-0.0008437680131468915,0.01032721996307373,False,False,False,False
2022-04-15 00:00:00+01:00,1.0820988416671753,1.0823447704315186,1.0798786878585815,1.0820988416671753,0,0.0,0.0,-0.006604556063119604,-0.005623433611796672,-0.0009811224513229322,0.010566890239715576,False,False,False,False
2022-04-18 00:00:00+01:00,1.081525444984436,1.081583857536316,1.0783647298812866,1.081525444984436,0,0.0,0.0,-0.006874816809248063,-0.00587371025128695,-0.001001106557961113,0.009648561477661133,False,False,False,False
2022-04-19 00:00:00+01:00,1.0781787633895874,1.081209659576416,1.0761945247650146,1.0781787633895874,0,0.0,0.0,-0.007275185819516139,-0.006154005364932789,-0.0011211804545833504,0.008771070412227086,False,False,False,False
2022-04-20 00:00:00+01:00,1.0794472694396973,1.08672034740448,1.0784810781478882,1.0794472694396973,0,0.0,0.0,-0.007404765777187183,-0.006404157447383668,-0.0010006083298035153,0.008602227483476912,False,False,False,False
2022-04-21 00:00:00+01:00,1.0849870443344116,1.0934697389602661,1.082438588142395,1.0849870443344116,0,0.0,0.0,-0.0069799843760443014,-0.006519322833115795,-0.0004606615429285062,0.008660265377589635,True,False,False,False
2022-04-22 00:00:00+01:00,1.0835175514221191,1.0854227542877197,1.077284336090088,1.0835175514221191,0,0.0,0.0,-0.006684858959308482,-0.006552430058354332,-0.00013242890095414937,0.008588501385280065,False,False,False,False
2022-04-25 00:00:00+01:00,1.0811045169830322,1.081221342086792,1.0700336694717407,1.0811045169830322,0,0.0,0.0,-0.006569947389094333,-0.006555933524502333,-1.4013864591999776e-05,0.008651929242270333,False,False,False,False
2022-04-26 00:00:00+01:00,1.0714209079742432,1.0738831758499146,1.0644639730453491,1.0714209079742432,0,0.0,0.0,-0.007177527391603933,-0.006680252297922654,-0.000497275093681279,0.009125173091888428,False,False,False,False
2022-04-27 00:00:00+01:00,1.0643619298934937,1.0656436681747437,1.0516685247421265,1.0643619298934937,0,0.0,0.0,-0.008134865788711254,-0.0069711749960803746,-0.0011636907926308795,0.01005138669695173,False,False,False,False
2022-04-28 00:00:00+01:00,1.0555092096328735,1.056222677230835,1.0472848415374756,1.0555092096328735,0,0.0,0.0,-0.009498412123033262,-0.007476622421470952,-0.0020217897015623095,0.010833348546709334,False,True,False,False
2022-04-29 00:00:00+01:00,1.0504201650619507,1.0590416193008423,1.0505415201187134,1.0504201650619507,0,0.0,0.0,-0.010864437312299025,-0.008154185399636568,-0.0027102519126624564,0.010955180440630232,False,False,False,False
2022-05-02 00:00:00+01:00,1.0535964965820312,1.056769609451294,1.0503981113433838,1.0535964965820312,0,0.0,0.0,-0.011557491144882137,-0.008834846548685682,-0.002722644596196455,0.01103839703968593,False,False,False,False
2022-05-03 00:00:00+01:00,1.0509058237075806,1.0577645301818848,1.0494390726089478,1.0509058237075806,0,0.0,0.0,-0.01218341330974071,-0.009504559900896688,-0.0026788534088440213,0.011150096143995012,False,False,False,False
2022-05-04 00:00:00+01:00,1.0528532266616821,1.0566357374191284,1.0506519079208374,1.0528532266616821,0,0.0,0.0,-0.012379617467525028,-0.010079571414222357,-0.0023000460533026713,0.010405753340039934,False,False,False,True
2022-05-05 00:00:00+01:00,1.0622477531433105,1.0639996528625488,1.0504642724990845,1.0622477531433105,0,0.0,0.0,-0.011642839496114776,-0.010392225030600841,-0.0012506144655139353,0.010674118995666504,False,False,False,False
2022-05-06 00:00:00+01:00,1.0539740324020386,1.0598385334014893,1.048536777496338,1.0539740324020386,0,0.0,0.0,-0.011592921777121568,-0.010632364379904986,-0.0009605573972165816,0.011386752128601074,False,False,False,False
2022-05-09 00:00:00+01:00,1.053219199180603,1.0572165250778198,1.0496593713760376,1.053219199180603,0,0.0,0.0,-0.011481914000393889,-0.010802274304002768,-0.0006796396963911211,0.011545768805912562,False,False,False,False
2022-05-10 00:00:00+01:00,1.056579828262329,1.0585819482803345,1.0527312755584717,1.056579828262329,0,0.0,0.0,-0.010996009701561782,-0.010841021383514572,-0.0001549883180472101,0.011353560856410436,False,False,False,False
2022-05-11 00:00:00+01:00,1.0532968044281006,1.0575631856918335,1.0507071018218994,1.0532968044281006,0,0.0,0.0,-0.010751898437668217,-0.010823196794345302,7.129835667708459e-05,0.010841676167079381,False,False,False,False
2022-05-12 00:00:00+01:00,1.05124831199646,1.0529751777648926,1.0373551845550537,1.05124831199646,0,0.0,0.0,-0.01060152691847871,-0.010778862819171984,0.00017733590069327412,0.011399047715323312,False,False,False,False
2022-05-13 00:00:00+01:00,1.0379581451416016,1.041938066482544,1.0351966619491577,1.0379581451416016,0,0.0,0.0,-0.011423083603621098,-0.010907706976061807,-0.0005153766275592907,0.011582459722246443,False,True,False,False
2022-05-16 00:00:00+01:00,1.0400632619857788,1.0437977313995361,1.0391337871551514,1.0400632619857788,0,0.0,0.0,-0.011768646231435254,-0.011079894827136496,-0.0006887514042987573,0.010810962745121546,False,False,False,True
2022-05-17 00:00:00+01:00,1.0438958406448364,1.055375576019287,1.0432424545288086,1.0438958406448364,0,0.0,0.0,-0.011599537784909852,-0.011183823418691168,-0.0004157143662186849,0.010493814945220947,False,False,False,False
2022-05-18 00:00:00+01:00,1.0547856092453003,1.0564124584197998,1.0492409467697144,1.0547856092453003,0,0.0,0.0,-0.010466157457994951,-0.011040290226551924,0.000574132768556973,0.010168067046574183,False,False,False,False
2022-05-19 00:00:00+01:00,1.0472739934921265,1.0598047971725464,1.0466053485870361,1.0472739934921265,0,0.0,0.0,-0.010058126179804727,-0.010843857417202486,0.000785731237397759,0.010503734861101423,False,False,False,False
2022-05-20 00:00:00+01:00,1.057898759841919,1.05988347530365,1.0541073083877563,1.057898759841919,0,0.0,0.0,-0.008776261325059265,-0.010430338198773842,0.0016540768737145772,0.010949305125645228,False,False,False,False
2022-05-23 00:00:00+01:00,1.0569819211959839,1.069027066230774,1.0568702220916748,1.0569819211959839,0,0.0,0.0,-0.007745075005204383,-0.00989328556005995,0.002148210554855567,0.011222975594656808,False,False,False,False
2022-05-24 00:00:00+01:00,1.0682048797607422,1.0746333599090576,1.0662003755569458,1.0682048797607422,0,0.0,0.0,-0.005953623786417728,-0.009105353205331505,0.0031517294189137776,0.012056376252855574,False,False,False,False
2022-05-25 00:00:00+01:00,1.0736525058746338,1.0736525058746338,1.064407229423523,1.0736525058746338,0,0.0,0.0,-0.004047649109776508,-0.008093812386220506,0.004046163276443998,0.011749940259116036,False,False,False,False
2022-05-26 00:00:00+01:00,1.0686614513397217,1.0728693008422852,1.0664504766464233,1.0686614513397217,0,0.0,0.0,-0.002906383851833949,-0.0070563266793431945,0.004149942827509245,0.011285015514918737,False,False,False,False
2022-05-27 00:00:00+01:00,1.0732953548431396,1.0765074491500854,1.0698047876358032,1.0732953548431396,0,0.0,0.0,-0.0016094528562862198,-0.0059669519147318,0.00435749905844558,0.011305647236960275,False,False,False,False
2022-05-30 00:00:00+01:00,1.0731456279754639,1.078515887260437,1.0727427005767822,1.0731456279754639,0,0.0,0.0,-0.000586941508976091,-0.004890949833580659,0.004304008324604568,0.011300112519945418,True,False,False,False
2022-05-31 00:00:00+01:00,1.0773539543151855,1.0774933099746704,1.068216323852539,1.0773539543151855,0,0.0,0.0,0.0005565671065748123,-0.0038014464455495647,0.004358013552124377,0.011473034109388078,False,False,False,False
2022-06-01 00:00:00+01:00,1.0734105110168457,1.0736640691757202,1.063173770904541,1.0734105110168457,0,0.0,0.0,0.0011315590965939037,-0.0028148453371208714,0.003946404433714775,0.011347217219216483,False,False,False,False
2022-06-02 00:00:00+01:00,1.0654165744781494,1.0738486051559448,1.064565896987915,1.0654165744781494,0,0.0,0.0,0.0009314631928485362,-0.00206558363112699,0.002997046823975526,0.010863721370697021,False,False,False,False
2022-06-03 00:00:00+01:00,1.0751069784164429,1.0765421390533447,1.0706638097763062,1.0751069784164429,0,0.0,0.0,0.001537101608720004,-0.0013450465831575911,0.002882148191877595,0.01124129125050136,False,False,False,False
2022-06-06 00:00:00+01:00,1.0726046562194824,1.0752688646316528,1.0686043500900269,1.0726046562194824,0,0.0,0.0,0.0017944723677365548,-0.0007171427929787619,0.002511615160715317,0.01062359128679548,False,False,True,False
2022-06-07 00:00:00+01:00,1.0691413879394531,1.0708931684494019,1.0652804374694824,1.0691413879394531,0,0.0,0.0,0.0016993941837415427,-0.000233835397634701,0.0019332295813762437,0.010252705642155238,False,False,False,False
2022-06-08 00:00:00+01:00,1.0698620080947876,1.0748296976089478,1.0673270225524902,1.0698620080947876,0,0.0,0.0,0.001663021782077223,0.00014553603830768383,0.0015174857437695393,0.0098457932472229,False,False,False,False
2022-06-09 00:00:00+01:00,1.071765422821045,1.0770059823989868,1.0647132396697998,1.071765422821045,0,0.0,0.0,0.0017674124223883148,0.00046991131512381,0.0012975011072645047,0.009823169027056013,False,False,False,False
2022-06-10 00:00:00+01:00,1.0619205236434937,1.0642147064208984,1.0507733821868896,1.0619205236434937,0,0.0,0.0,0.0010437104264469088,0.0005846711373884298,0.00045903928905847904,0.010454254490988595,False,False,False,False
2022-06-13 00:00:00+01:00,1.0489987134933472,1.0497585535049438,1.041905403137207,1.0489987134933472,0,0.0,0.0,-0.0005659863678373345,0.0003545396363432769,-0.0009205260041806114,0.010623088904789515,False,False,False,False
2022-06-14 00:00:00+01:00,1.0415147542953491,1.0482399463653564,1.0398253202438354,1.0415147542953491,0,0.0,0.0,-0.0024177058279535313,-0.00019990945651608471,-0.0022177963714374465,0.010617954390389579,False,False,False,False
2022-06-15 00:00:00+01:00,1.0440592765808105,1.0507181882858276,1.0386265516281128,1.0440592765808105,0,0.0,0.0,-0.003637949144840169,-0.0008875173941809016,-0.0027504317506592676,0.010967212063925607,False,False,False,False
2022-06-16 00:00:00+01:00,1.0456204414367676,1.0530306100845337,1.0382598638534546,1.0456204414367676,0,0.0,0.0,-0.00442798475622963,-0.0015956108665906472,-0.002832373889638983,0.01146183695111956,False,True,False,False
2022-06-17 00:00:00+01:00,1.0546854734420776,1.0551751852035522,1.0445609092712402,1.0546854734420776,0,0.0,0.0,-0.004273360704829088,-0.0021311608342383355,-0.0021421998705907523,0.011807629040309362,False,False,False,False
2022-06-20 00:00:00+01:00,1.049141764640808,1.0545185804367065,1.048635721206665,1.049141764640808,0,0.0,0.0,-0.004545750418450734,-0.0026140787510808153,-0.0019316716673699183,0.011577112334115165,False,False,False,True
2022-06-21 00:00:00+01:00,1.0520778894424438,1.058189868927002,1.0514252185821533,1.0520778894424438,0,0.0,0.0,-0.004473136957272139,-0.00298589039231908,-0.001487246564953059,0.011210535253797258,False,False,False,False
2022-06-22 00:00:00+01:00,1.053263545036316,1.0602879524230957,1.0471861362457275,1.053263545036316,0,0.0,0.0,-0.004270687936526851,-0.0032428499011606343,-0.001027838035366217,0.011483328683035714,False,False,False,False
2022-06-23 00:00:00+01:00,1.0564124584197998,1.058066725730896,1.0484488010406494,1.0564124584197998,0,0.0,0.0,-0.003812209853368387,-0.003356721891602185,-0.0004554879617662019,0.01137564011982509,False,False,False,False
2022-06-24 00:00:00+01:00,1.052011489868164,1.0569148063659668,1.0513699054718018,1.052011489868164,0,0.0,0.0,-0.003760633805401703,-0.0034375042743620887,-0.0003231295310396143,0.011295667716435023,False,False,False,False
2022-06-27 00:00:00+01:00,1.0566133260726929,1.0614246129989624,1.0550860166549683,1.0566133260726929,0,0.0,0.0,-0.0033102709503043393,-0.003412057609550539,0.00010178665924619971,0.011444875172206334,True,False,False,False
2022-06-28 00:00:00+01:00,1.0580891370773315,1.0605015754699707,1.0505746603012085,1.0580891370773315,0,0.0,0.0,-0.0028019701608943404,-0.0032900401198192996,0.00048806995892495923,0.011618035180228097,False,False,True,False
2022-06-29 00:00:00+01:00,1.0523545742034912,1.053629755973816,1.0468025207519531,1.0523545742034912,0,0.0,0.0,-0.0028292555248152773,-0.0031978832008184954,0.0003686276760032181,0.011546169008527483,False,False,False,False
2022-06-30 00:00:00+01:00,1.04465913772583,1.047877550125122,1.0383893251419067,1.04465913772583,0,0.0,0.0,-0.0034322716910646367,-0.003244760898867724,-0.00018751079219691278,0.011044255324772425,False,False,False,False
2022-07-01 00:00:00+01:00,1.0477677583694458,1.0477896928787231,1.036989450454712,1.0477677583694458,0,0.0,0.0,-0.003617624913095918,-0.003319333701713363,-0.00029829121138255513,0.010386049747467041,False,False,False,False
2022-07-04 00:00:00+01:00,1.0433948040008545,1.0463534593582153,1.041807770729065,1.0433948040008545,0,0.0,0.0,-0.004070457843941444,-0.0034695585301589794,-0.0006008993137824646,0.010156520775386266,False,False,False,False
2022-07-05 00:00:00+01:00,1.0433186292648315,1.0448557138442993,1.0237300395965576,1.0433186292648315,0,0.0,0.0,-0.004384931112361379,-0.0036526330465994593,-0.0007322980657619195,0.010801809174673898,False,False,False,False
2022-07-06 00:00:00+01:00,1.0257673263549805,1.0273902416229248,1.0162187814712524,1.0257673263549805,0,0.0,0.0,-0.005981446513620314,-0.00411839574000363,-0.0018630507736166844,0.011682459286281041,False,False,False,False
2022-07-07 00:00:00+01:00,1.0186411142349243,1.0219202041625977,1.015331506729126,1.0186411142349243,0,0.0,0.0,-0.007732585797532776,-0.004841233751509459,-0.002891352046023317,0.01166971240724836,False,False,False,False
2022-07-08 00:00:00+01:00,1.0169836282730103,1.0191082954406738,1.007973074913025,1.0169836282730103,0,0.0,0.0,-0.009148661486476861,-0.00570271929850294,-0.0034459421879739216,0.012032960142408098,False,False,False,False
2022-07-11 00:00:00+01:00,1.0166114568710327,1.0167768001556396,1.0054292678833008,1.0166114568710327,0,0.0,0.0,-0.010183553132542489,-0.0065988860653108505,-0.0035846670672316384,0.012211978435516357,False,False,False,False
2022-07-12 00:00:00+01:00,1.004752516746521,1.007384181022644,1.0001100301742554,1.004752516746521,0,0.0,0.0,-0.011824326105831062,-0.0076439740734148935,-0.004180352032416169,0.012454807758331299,False,False,False,False
2022-07-13 00:00:00+01:00,1.0033109188079834,1.011623501777649,0.9998899698257446,1.0033109188079834,0,0.0,0.0,-0.013090081107284268,-0.00873319548018877,-0.004356885627095498,0.012605922562735421,False,False,False,False
2022-07-14 00:00:00+01:00,1.0032706260681152,1.0049240589141846,0.9953616261482239,1.0032706260681152,0,0.0,0.0,-0.013935809020921841,-0.009773718188335384,-0.004162090832586457,0.01289288912500654,False,True,False,False
2022-07-15 00:00:00+01:00,1.0025665760040283,1.009795069694519,1.0010610818862915,1.0025665760040283,0,0.0,0.0,-0.014495767260127135,-0.010718128002693735,-0.0037776392574334003,0.012844379459108626,False,False,False,True
2022-07-18 00:00:00+01:00,1.009631872177124,1.0198878049850464,1.008237361907959,1.009631872177124,0,0.0,0.0,-0.014205673681478403,-0.011415637138450669,-0.002790036543027735,0.013372544731412615,False,False,False,False
2022-07-19 00:00:00+01:00,1.0145177841186523,1.0268205404281616,1.0125659704208374,1.0145177841186523,0,0.0,0.0,-0.01342674501134411,-0.011817858713029358,-0.0016088862983147517,0.0137941198689597,False,False,False,False
2022-07-20 00:00:00+01:00,1.0231330394744873,1.0271897315979004,1.0175942182540894,1.0231330394744873,0,0.0,0.0,-0.011976205084575753,-0.011849527987338638,-0.00012667709723711458,0.013701741184507097,False,False,False,False
2022-07-21 00:00:00+01:00,1.0182781219482422,1.0275379419326782,1.016311764717102,1.0182781219482422,0,0.0,0.0,-0.01109054807755383,-0.011697732005381678,0.0006071839278278483,0.013732165098190308,False,False,False,False
2022-07-22 00:00:00+01:00,1.0221081972122192,1.025514841079712,1.0133970975875854,1.0221081972122192,0,0.0,0.0,-0.009964736178315725,-0.011351132839968489,0.0013863966616527636,0.014172004801886422,False,False,False,False
2022-07-25 00:00:00+01:00,1.0200231075286865,1.0256409645080566,1.0180604457855225,1.0200231075286865,0,0.0,0.0,-0.009135463512034203,-0.010907998974381633,0.0017725354623474299,0.013204493692943029,False,False,False,False
2022-07-26 00:00:00+01:00,1.022494912147522,1.0249052047729492,1.011398434638977,1.022494912147522,0,0.0,0.0,-0.008184459618578499,-0.010363291103221008,0.0021788314846425093,0.012233559574399675,False,False,False,False
2022-07-27 00:00:00+01:00,1.0129557847976685,1.0171905755996704,1.0107442140579224,1.0129557847976685,0,0.0,0.0,-0.008107056930889867,-0.00991204426875478,0.001804987337864914,0.012327479464667184,False,False,False,False
2022-07-28 00:00:00+01:00,1.0209290981292725,1.0233110189437866,1.0115723609924316,1.0209290981292725,0,0.0,0.0,-0.007317977899200523,-0.00939323099484393,0.0020752530956434073,0.012370582137789046,False,False,False,False
2022-07-29 00:00:00+01:00,1.0192328691482544,1.0253781080245972,1.014857530593872,1.0192328691482544,0,0.0,0.0,-0.006751669540673966,-0.008864918704009938,0.0021132491633359726,0.01229674049786159,False,False,False,False
2022-08-01 00:00:00+01:00,1.0208247900009155,1.0277491807937622,1.0209603309631348,1.0208247900009155,0,0.0,0.0,-0.006104047715511651,-0.008312744506310282,0.002208696790798631,0.011726375137056624,False,False,False,False
2022-08-02 00:00:00+01:00,1.0261356830596924,1.0293148756027222,1.0183714628219604,1.0261356830596924,0,0.0,0.0,-0.005103428916573005,-0.007670881388362827,0.002567452471789822,0.011669938053403581,False,False,False,False
2022-08-03 00:00:00+01:00,1.015568733215332,1.020762324333191,1.0123199224472046,1.015568733215332,0,0.0,0.0,-0.0051042571509538615,-0.007157556540881034,0.0020532993899271728,0.011973747185298375,False,False,False,False
2022-08-04 00:00:00+01:00,1.015764594078064,1.0232481956481934,1.0155996084213257,1.015764594078064,0,0.0,0.0,-0.005031113651507768,-0.006732267963006381,0.0017011543114986132,0.011898423944200789,False,False,False,False
2022-08-05 00:00:00+01:00,1.024779200553894,1.0249052047729492,1.014363408088684,1.024779200553894,0,0.0,0.0,-0.004197358955562169,-0.006225286161517539,0.0020279272059553696,0.011414178780147008,False,False,False,False
2022-08-08 00:00:00+01:00,1.0170871019363403,1.0221813917160034,1.0160020589828491,1.0170871019363403,0,0.0,0.0,-0.0041099138959728165,-0.0058022117084085955,0.001692297812435779,0.010813355445861816,False,False,False,False
2022-08-09 00:00:00+01:00,1.0197629928588867,1.0246951580047607,1.0189213752746582,1.0197629928588867,0,0.0,0.0,-0.0037811047996700875,-0.005397990326660895,0.001616885526990807,0.010451648916516985,False,False,False,False
2022-08-10 00:00:00+01:00,1.0208144187927246,1.0369141101837158,1.0203040838241577,1.0208144187927246,0,0.0,0.0,-0.0033965268884752486,-0.004997697639023765,0.0016011707505485164,0.010874858924320765,True,False,False,False
2022-08-11 00:00:00+01:00,1.0300782918930054,1.036591649055481,1.0276330709457397,1.0300782918930054,0,0.0,0.0,-0.0023175141251123854,-0.004461660936241489,0.0021441468111291035,0.011136250836508614,False,False,False,False
2022-08-12 00:00:00+01:00,1.0316723585128784,1.0327378511428833,1.0239607095718384,1.0316723585128784,0,0.0,0.0,-0.0013185613280135566,-0.0038330410145959028,0.002514479686582346,0.011221723897116525,False,False,False,False
2022-08-15 00:00:00+01:00,1.0256409645080566,1.0267151594161987,1.0182262659072876,1.0256409645080566,0,0.0,0.0,-0.0010020165064204,-0.0032668361129608026,0.0022648196065404025,0.011217389787946428,False,False,True,False
2022-08-16 00:00:00+01:00,1.0161981582641602,1.019440770149231,1.0123404264450073,1.0161981582641602,0,0.0,0.0,-0.0014958646057516845,-0.0029126418115189793,0.0014167772057672948,0.011328092643192835,False,False,False,False
2022-08-17 00:00:00+01:00,1.0170663595199585,1.019783854484558,1.0148060321807861,1.0170663595199585,0,0.0,0.0,-0.0017964775223635598,-0.002689408953687896,0.0008929314313243361,0.01084517581122262,False,False,False,False
2022-08-18 00:00:00+01:00,1.0180189609527588,1.0193679332733154,1.0113166570663452,1.0180189609527588,0,0.0,0.0,-0.0019355367869231532,-0.0025386345203349476,0.0006030977334117943,0.010668797152382987,False,False,False,False
2022-08-19 00:00:00+01:00,1.0089900493621826,1.011224627494812,1.003623127937317,1.0089900493621826,0,0.0,0.0,-0.0027426840095508,-0.002579444418178118,-0.00016323959137268165,0.011088762964521135,False,False,False,False
2022-08-22 00:00:00+01:00,1.0035223960876465,1.0048232078552246,0.99277263879776,1.0035223960876465,0,0.0,0.0,-0.0037799747271332063,-0.002819550479969136,-0.0009604242471640701,0.011465477091925485,False,False,False,False
2022-08-23 00:00:00+01:00,0.9939467906951904,1.0019036531448364,0.9903146624565125,0.9939467906951904,0,0.0,0.0,-0.00531345620694923,-0.0033183316253651554,-0.0019951245815840743,0.01142204659325736,False,True,False,False
2022-08-24 00:00:00+01:00,0.9966909885406494,0.9998200535774231,0.9911981225013733,0.9966909885406494,0,0.0,0.0,-0.0062354392338688225,-0.003901753147065889,-0.0023336860868029335,0.011489365782056535,False,False,False,False
2022-08-25 00:00:00+01:00,0.9969095587730408,1.0030593872070312,0.995678722858429,0.9969095587730408,0,0.0,0.0,-0.006869295669653441,-0.0044952616515834,-0.0023740340180700417,0.011263570615223475,False,False,False,False
2022-08-26 00:00:00+01:00,0.9971283078193665,1.0088272094726562,0.9947279095649719,0.9971283078193665,0,0.0,0.0,-0.007270174199183632,-0.005050244161103446,-0.002219930038080186,0.01164372478212629,False,False,False,False
2022-08-29 00:00:00+01:00,0.993867814540863,1.0031095743179321,0.9914930462837219,0.993867814540863,0,0.0,0.0,-0.0077614981610700795,-0.005592494961096773,-0.0021690031999733062,0.011930044208254133,False,False,False,True
2022-08-30 00:00:00+01:00,1.0014019012451172,1.0052272081375122,0.998342752456665,1.0014019012451172,0,0.0,0.0,-0.007456978699974304,-0.00596539170887228,-0.0014915869911020238,0.01151634965624128,False,False,False,False
2022-08-31 00:00:00+01:00,1.0025062561035156,1.0077394247055054,0.9971680045127869,1.0025062561035156,0,0.0,0.0,-0.007045318578502879,-0.0061813770827984,-0.0008639414957044792,0.011144506079810006,False,False,False,False
2022-09-01 00:00:00+01:00,1.003905177116394,1.0045808553695679,0.9917388558387756,1.003905177116394,0,0.0,0.0,-0.006530909472864277,-0.006251283560811576,-0.0002796259120527011,0.011434853076934814,False,False,False,False
2022-09-02 00:00:00+01:00,0.995232880115509,1.0033310651779175,0.9951239228248596,0.995232880115509,0,0.0,0.0,-0.006745263245179434,-0.006350079497685147,-0.0003951837474942864,0.0111016503402165,False,False,False,False
2022-09-05 00:00:00+01:00,0.9909427762031555,0.9943521022796631,0.9880836606025696,0.9909427762031555,0,0.0,0.0,-0.007178565649600843,-0.006515776728068287,-0.0006627889215325561,0.010662270443780082,False,False,False,False
2022-09-06 00:00:00+01:00,0.9952229857444763,0.9985321760177612,0.9865143895149231,0.9952229857444763,0,0.0,0.0,-0.007094799357465487,-0.0066315812539477275,-0.0004632181035177591,0.011165125029427665,False,True,False,False
2022-09-07 00:00:00+01:00,0.9897951483726501,0.9955201148986816,0.9877811670303345,0.9897951483726501,0,0.0,0.0,-0.007381307957590955,-0.006781526594676373,-0.0005997813629145818,0.011142815862383162,False,False,False,False
2022-09-08 00:00:00+01:00,0.9995701909065247,1.00290846824646,0.9933445453643799,0.9995701909065247,0,0.0,0.0,-0.006741887565156923,-0.0067735987887724836,3.1711223615560336e-05,0.011051207780838013,False,False,False,False
2022-09-09 00:00:00+01:00,1.0012015104293823,1.011224627494812,1.000930905342102,1.0012015104293823,0,0.0,0.0,-0.006033952793589981,-0.006625669589735984,0.0005917167961460032,0.010725281068256922,False,False,False,False
2022-09-12 00:00:00+01:00,1.0071406364440918,1.0196797847747803,1.0064716339111328,1.0071406364440918,0,0.0,0.0,-0.00493676361476636,-0.0062878883947420595,0.0013511247799757,0.011101748262132918,True,False,False,False
2022-09-13 00:00:00+01:00,1.0129557847976685,1.018744945526123,0.9995802044868469,1.0129557847976685,0,0.0,0.0,-0.003556996570505122,-0.005741710029894672,0.0021847134593895503,0.011854806116649083,False,False,False,False
2022-09-14 00:00:00+01:00,0.9982032775878906,1.0022751092910767,0.9963633418083191,0.9982032775878906,0,0.0,0.0,-0.003612285113011815,-0.005315825046518101,0.0017035399335062857,0.012512790305273873,False,False,False,False
2022-09-15 00:00:00+01:00,0.9984025359153748,1.0017931461334229,0.9957482218742371,0.9984025359153748,0,0.0,0.0,-0.003598541453660564,-0.004972368327946594,0.0013738268742860297,0.01193747775895255,False,False,False,False
2022-09-16 00:00:00+01:00,0.9988313317298889,1.0035626888275146,0.994579553604126,0.9988313317298889,0,0.0,0.0,-0.0035125586760462735,-0.00468040639756653,0.0011678477215202564,0.011749378272465296,False,False,False,False
2022-09-19 00:00:00+01:00,1.002234935760498,1.002807855606079,0.9966810345649719,1.002234935760498,0,0.0,0.0,-0.0031336515210458327,-0.00437105542226239,0.0012374039012165577,0.011375623089926583,False,False,False,False
2022-09-20 00:00:00+01:00,1.0029587745666504,1.0050251483917236,0.9957084655761719,1.0029587745666504,0,0.0,0.0,-0.002743333685485849,-0.004045511074907082,0.001302177389421233,0.01128599899155753,False,False,True,False
2022-09-21 00:00:00+01:00,0.997078537940979,0.9974067807197571,0.9869135022163391,0.997078537940979,0,0.0,0.0,-0.002875344756704701,-0.003811477811266606,0.0009361330545619054,0.011514804192951747,False,False,False,False
2022-09-22 00:00:00+01:00,0.983071506023407,0.9906188249588013,0.9811038970947266,0.983071506023407,0,0.0,0.0,-0.004063374840039158,-0.0038618572170211166,-0.00020151762301804125,0.012028617518288749,False,False,False,False
2022-09-23 00:00:00+01:00,0.9841550588607788,0.9852216839790344,0.9703933596611023,0.9841550588607788,0,0.0,0.0,-0.004861424111008872,-0.004061770595818668,-0.0007996535151902039,0.012577125004359655,False,False,False,False
2022-09-26 00:00:00+01:00,0.968992292881012,0.9699885249137878,0.9582307934761047,0.968992292881012,0,0.0,0.0,-0.006640840921567692,-0.0045775846609684735,-0.0020632562605992187,0.013570444924490792,False,False,False,False
2022-09-27 00:00:00+01:00,0.9623712301254272,0.9670057892799377,0.9594534635543823,0.9623712301254272,0,0.0,0.0,-0.008487467748843458,-0.005359561278543471,-0.003127906470299987,0.013699007885796683,False,False,False,False
2022-09-28 00:00:00+01:00,0.9596191644668579,0.9686262011528015,0.954016387462616,0.9596191644668579,0,0.0,0.0,-0.010057069871194924,-0.0062990629970737615,-0.003758006874121162,0.013805900301252092,False,True,False,False
2022-09-29 00:00:00+01:00,0.9708172082901001,0.9787322282791138,0.9638276100158691,0.9708172082901001,0,0.0,0.0,-0.010278913395727951,-0.0070950330768046,-0.0031838803189233513,0.014338659388678414,False,False,False,True
2022-09-30 00:00:00+01:00,0.9829555749893188,0.9849985241889954,0.9736055731773376,0.9829555749893188,0,0.0,0.0,-0.009367281054091348,-0.00754948267226195,-0.0018177983818293978,0.014031733785356795,False,False,False,False
2022-10-03 00:00:00+01:00,0.9792688488960266,0.9844263195991516,0.9753623604774475,0.9792688488960266,0,0.0,0.0,-0.008840387357355595,-0.007807663609280679,-0.0010327237480749155,0.013310249362673079,False,False,False,False
2022-10-04 00:00:00+01:00,0.9832068681716919,0.998013973236084,0.9806710481643677,0.9832068681716919,0,0.0,0.0,-0.008012689762625258,-0.007848668839949596,-0.0001640209226756624,0.01346401231629508,False,False,False,False
2022-10-05 00:00:00+01:00,0.998432457447052,0.9994204044342041,0.9835453629493713,0.998432457447052,0,0.0,0.0,-0.00605831911501431,-0.007490598894962539,0.0014322797799482291,0.014190341745104109,True,False,False,False
2022-10-06 00:00:00+01:00,0.9910998940467834,0.9926347136497498,0.9789333343505859,0.9910998940467834,0,0.0,0.0,-0.005043010199499931,-0.0070010811558700176,0.0019580709563700865,0.014941483736038208,False,False,True,False
2022-10-07 00:00:00+01:00,0.9789045453071594,0.9816046953201294,0.9731696844100952,0.9789045453071594,0,0.0,0.0,-0.005162918382249138,-0.006633448601145842,0.0014705302188967049,0.015784582921436856,False,False,False,False
2022-10-10 00:00:00+01:00,0.9735012650489807,0.9752291440963745,0.96825110912323,0.9735012650489807,0,0.0,0.0,-0.005629057766739387,-0.006432570434264552,0.0008035126675251646,0.015880065304892405,False,False,False,False
2022-10-11 00:00:00+01:00,0.9710057377815247,0.975809633731842,0.9673987030982971,0.9710057377815247,0,0.0,0.0,-0.006129191280005997,-0.006371894603412841,0.0002427033234068442,0.015334755182266235,False,False,False,False
2022-10-12 00:00:00+01:00,0.9700167775154114,0.9733022451400757,0.9669683575630188,0.9700167775154114,0,0.0,0.0,-0.006530076859719736,-0.0064035310546742205,-0.0001265458050455151,0.014646129948752267,False,False,False,False
2022-10-13 00:00:00+01:00,0.9707984328269958,0.979508638381958,0.9635953307151794,0.9707984328269958,0,0.0,0.0,-0.006707389903189975,-0.006464302824377372,-0.00024308707881260348,0.014723628759384155,False,True,False,False
2022-10-14 00:00:00+01:00,0.975134015083313,0.9803825616836548,0.9709492325782776,0.975134015083313,0,0.0,0.0,-0.006424014473459527,-0.006456245154193803,3.223068073427565e-05,0.013556476150240217,False,False,False,False
2022-10-17 00:00:00+01:00,0.973937451839447,0.9847074747085571,0.9724504947662354,0.973937451839447,0,0.0,0.0,-0.006224240883028087,-0.00640984429996066,0.000185603416932573,0.013750629765646798,False,False,False,False
2022-10-18 00:00:00+01:00,0.9846396446228027,0.9873617887496948,0.9814602136611938,0.9846396446228027,0,0.0,0.0,-0.0051430554162625874,-0.0061564865232210456,0.0010134311069584581,0.013665952852794103,False,False,False,False
2022-10-19 00:00:00+01:00,0.9863878488540649,0.9866993427276611,0.9760192036628723,0.9863878488540649,0,0.0,0.0,-0.004097904580077638,-0.005744770134592365,0.0016468655545147266,0.013063601085117884,False,False,False,False
2022-10-20 00:00:00+01:00,0.9766482710838318,0.9845135807991028,0.9755526185035706,0.9766482710838318,0,0.0,0.0,-0.004009300817386263,-0.0053976762711511455,0.0013883754537648823,0.012824594974517822,False,False,False,False
2022-10-21 00:00:00+01:00,0.9778899550437927,0.9856975078582764,0.9707323908805847,0.9778899550437927,0,0.0,0.0,-0.0037951401652821515,-0.005077169049977346,0.0012820288846951949,0.013246106249945504,False,False,False,False
2022-10-24 00:00:00+01:00,0.9860085844993591,0.9889631271362305,0.9808922410011292,0.9860085844993591,0,0.0,0.0,-0.002936461063442697,-0.004649027452670417,0.00171256638922772,0.012698109660829817,False,False,False,False
2022-10-25 00:00:00+01:00,0.9886503219604492,0.9975360631942749,0.9852216839790344,0.9886503219604492,0,0.0,0.0,-0.0020195059461489695,-0.004123123151366127,0.002103617205217158,0.01241959844316755,False,False,False,False
2022-10-26 00:00:00+01:00,0.9963731169700623,1.0080543756484985,0.9944608211517334,0.9963731169700623,0,0.0,0.0,-0.0006620160848680445,-0.0034309017380665108,0.0027688856531984662,0.012412807771137782,False,False,False,False
2022-10-27 00:00:00+01:00,1.009193778038025,1.0094891786575317,0.9976455569267273,1.009193778038025,0,0.0,0.0,0.0014318194880511559,-0.0024583574928429774,0.0038901769808941332,0.0120689400604793,True,False,False,False
2022-10-28 00:00:00+01:00,0.9967803955078125,0.9998999834060669,0.9931473135948181,0.9967803955078125,0,0.0,0.0,0.002065730581369163,-0.0015535398780005495,0.0036192704593697124,0.012454156364713396,False,False,False,False
2022-10-31 00:00:00+00:00,0.9955002665519714,0.9968101382255554,0.9873520135879517,0.9955002665519714,0,0.0,0.0,0.0024367249334302787,-0.000755486915714384,0.003192211849144663,0.012528955936431885,False,False,False,False
2022-11-01 00:00:00+00:00,0.9886307716369629,0.9951634407043457,0.9862127304077148,0.9886307716369629,0,0.0,0.0,0.0021516271826119704,-0.00017406409604911309,0.0023256912786610833,0.012739930834089006,False,False,False,False
2022-11-02 00:00:00+00:00,0.9877909421920776,0.9913553595542908,0.9867576956748962,0.9877909421920776,0,0.0,0.0,0.0018367450895571125,0.00022809774107213204,0.0016086473484849804,0.011931670563561576,False,False,False,False
2022-11-03 00:00:00+00:00,0.9814409017562866,0.9839614629745483,0.9731224179267883,0.9814409017562866,0,0.0,0.0,0.001062555094826445,0.0003949892118229947,0.0006675658830034504,0.012294841664178031,False,True,False,False
2022-11-04 00:00:00+00:00,0.9749630093574524,0.993818461894989,0.9748489260673523,0.9749630093574524,0,0.0,0.0,-7.28678570185437e-05,0.00030141779805468706,-0.00037428565507323077,0.012774309941700526,False,False,False,False
2022-11-07 00:00:00+00:00,0.9928810596466064,1.0005003213882446,0.9919454455375671,0.9928810596466064,0,0.0,0.0,0.00046774629616397334,0.00033468349767654435,0.000133062798487429,0.013639522450310844,False,False,False,False
2022-11-08 00:00:00+00:00,1.0018634796142578,1.0094178915023804,0.9976056814193726,1.0018634796142578,0,0.0,0.0,0.0016025202734709643,0.0005882508528354284,0.0010142694206355359,0.014057857649666923,False,False,False,False
2022-11-09 00:00:00+00:00,1.008084774017334,1.0088781118392944,1.0012515783309937,1.008084774017334,0,0.0,0.0,0.002969611458518484,0.0010645229739720396,0.0019050884845464445,0.013828665018081665,False,False,False,False
2022-11-10 00:00:00+00:00,1.0019538402557373,1.018298864364624,0.9937788844108582,1.0019538402557373,0,0.0,0.0,0.003517775232676046,0.0015551734257128408,0.001962601806963205,0.014511155230658395,False,False,False,False
2022-11-11 00:00:00+00:00,1.0192224979400635,1.0338374376296997,1.016621708869934,1.0192224979400635,0,0.0,0.0,0.005284716406817713,0.0023010820219338153,0.002983634384883898,0.015997614179338728,False,False,False,False
2022-11-14 00:00:00+00:00,1.0328551530838013,1.0350252389907837,1.0273585319519043,1.0328551530838013,0,0.0,0.0,0.007696352592818756,0.0033801361361108038,0.004316216456707952,0.016246782881872996,False,False,False,False
2022-11-15 00:00:00+00:00,1.0319278240203857,1.0475481748580933,1.031385064125061,1.0319278240203857,0,0.0,0.0,0.009424128453227265,0.004588934599534096,0.004835193853693169,0.01601528695651463,True,False,False,False
2022-11-16 00:00:00+00:00,1.0357863903045654,1.0437324047088623,1.0336451530456543,1.0357863903045654,0,0.0,0.0,0.01097820738130828,0.0058667891558889336,0.005111418225419347,0.015921609742300852,False,False,False,False
2022-11-17 00:00:00+00:00,1.0395010709762573,1.040571928024292,1.0309491157531738,1.0395010709762573,0,0.0,0.0,0.012367010613514529,0.007166833447414053,0.005200177166100476,0.01546277744429452,False,False,False,False
2022-11-18 00:00:00+00:00,1.036172866821289,1.0395874977111816,1.0328017473220825,1.036172866821289,0,0.0,0.0,0.013048671952727187,0.00834320114847668,0.004705470804250506,0.015271893569401332,False,False,False,False
2022-11-21 00:00:00+00:00,1.0330898761749268,1.0333247184753418,1.022704005241394,1.0330898761749268,0,0.0,0.0,0.013188097714477598,0.009312180461676865,0.003875917252800733,0.015570559671946935,False,False,True,False
2022-11-22 00:00:00+00:00,1.0245691537857056,1.0290182828903198,1.0243382453918457,1.0245691537857056,0,0.0,0.0,0.01246732696440711,0.009943209762222915,0.002524117202184196,0.015867271593638828,False,False,False,False
2022-11-23 00:00:00+00:00,1.0311086177825928,1.0382059812545776,1.0298130512237549,1.0311086177825928,0,0.0,0.0,0.012282209379751219,0.010411009685728577,0.001871199694022642,0.015793578965323313,False,False,False,False
2022-11-24 00:00:00+00:00,1.0416233539581299,1.0448229312896729,1.0383676290512085,1.0416233539581299,0,0.0,0.0,0.012835988409995336,0.010896005430581928,0.0019399829794134078,0.015418205942426409,False,False,False,False
2022-11-25 00:00:00+00:00,1.040810227394104,1.0429050922393799,1.0356147289276123,1.040810227394104,0,0.0,0.0,0.01305871700225869,0.011328547744917282,0.0017301692573414088,0.014114852462496077,False,False,False,False
2022-11-28 00:00:00+00:00,1.0367528200149536,1.0496704578399658,1.0342438220977783,1.0367528200149536,0,0.0,0.0,0.012760734347692315,0.01161498506547229,0.0011457492822200249,0.014035552740097046,False,False,False,False
2022-11-29 00:00:00+00:00,1.034554123878479,1.039414644241333,1.032545804977417,1.034554123878479,0,0.0,0.0,0.012206456116302444,0.01173327927563832,0.0004731768406641239,0.013981431722640991,False,False,False,False
2022-11-30 00:00:00+00:00,1.0324499607086182,1.0394577980041504,1.0292301177978516,1.0324499607086182,0,0.0,0.0,0.011465234159454774,0.011679670252401613,-0.0002144360929468396,0.012960553169250488,False,False,False,True
2022-12-01 00:00:00+00:00,1.042535424232483,1.053141474723816,1.0397928953170776,1.042535424232483,0,0.0,0.0,0.01155838516770924,0.011655413235463138,-9.702806775389872e-05,0.012161118643624442,False,False,False,False
2022-12-02 00:00:00+00:00,1.052842140197754,1.0545185804367065,1.0434166193008423,1.052842140197754,0,0.0,0.0,0.01232183540596199,0.01178869766956291,0.0005331377363990801,0.011888291154588972,False,False,False,False
2022-12-05 00:00:00+00:00,1.0544185638427734,1.0594117641448975,1.0492409467697144,1.0544185638427734,0,0.0,0.0,0.012905314995580675,0.012012021134766463,0.0008932938608142114,0.011460270200456892,False,False,False,False
2022-12-06 00:00:00+00:00,1.0496923923492432,1.0532081127166748,1.0477018356323242,1.0496923923492432,0,0.0,0.0,0.012838371478042454,0.012177291203421663,0.000661080274620791,0.011096852166312081,False,False,False,False
2022-12-07 00:00:00+00:00,1.0469011068344116,1.0546187162399292,1.0443755388259888,1.0469011068344116,0,0.0,0.0,0.012416949974764613,0.012225222957690254,0.00019172701707435846,0.011141163962227958,False,False,False,False
2022-12-08 00:00:00+00:00,1.051325798034668,1.0563119649887085,1.049163818359375,1.051325798034668,0,0.0,0.0,0.012298239548288015,0.012239826275809808,5.841327247820688e-05,0.011328671659742082,False,False,False,False
2022-12-09 00:00:00+00:00,1.0559661388397217,1.0588396787643433,1.0520004034042358,1.0559661388397217,0,0.0,0.0,0.012435251562724847,0.012278911333192817,0.00015634022953203014,0.010903315884726388,False,False,False,False
2022-12-12 00:00:00+00:00,1.0522217750549316,1.0579211711883545,1.0507071018218994,1.0522217750549316,0,0.0,0.0,0.012102189203024194,0.012243566907159094,-0.00014137770413489952,0.010793490069253104,False,False,False,False
2022-12-13 00:00:00+00:00,1.0541739463806152,1.066894292831421,1.0529308319091797,1.0541739463806152,0,0.0,0.0,0.011859054990458251,0.012166664523818926,-0.0003076095333606754,0.010867467948368617,False,False,False,False
2022-12-14 00:00:00+00:00,1.062665343284607,1.0669853687286377,1.0620108842849731,1.062665343284607,0,0.0,0.0,0.012210795688162968,0.012175490756687736,3.530493147523191e-05,0.010802975722721644,False,False,False,False
2022-12-15 00:00:00+00:00,1.0676347017288208,1.0725586414337158,1.0607378482818604,1.0676347017288208,0,0.0,0.0,0.012743637698288568,0.012289120145007902,0.00045451755328066584,0.011126577854156494,True,False,False,False
2022-12-16 00:00:00+00:00,1.064056158065796,1.0663254261016846,1.0599396228790283,1.064056158065796,0,0.0,0.0,0.012730411998649327,0.012377378515736188,0.00035303348291313916,0.010574323790413993,False,False,False,False
2022-12-19 00:00:00+00:00,1.05850350856781,1.0659003257751465,1.0577198266983032,1.05850350856781,0,0.0,0.0,0.012132027664350398,0.01232830834545903,-0.0001962806811086331,0.010668013777051653,False,False,False,False
2022-12-20 00:00:00+00:00,1.0614584684371948,1.065552830696106,1.058066725730896,1.0614584684371948,0,0.0,0.0,0.011760674598120024,0.01221478159599123,-0.00045410699787120506,0.010472186974116735,False,False,False,False
2022-12-21 00:00:00+00:00,1.062699317932129,1.0643506050109863,1.0597037076950073,1.062699317932129,0,0.0,0.0,0.011434688826759132,0.01205876304214481,-0.0006240742153856785,0.009326142924172538,False,False,False,False
2022-12-22 00:00:00+00:00,1.0610079765319824,1.0657458305358887,1.05840265750885,1.0610079765319824,0,0.0,0.0,0.010914055203866235,0.011829821474489096,-0.0009157662706228611,0.008994715554373605,False,False,False,False
2022-12-23 00:00:00+00:00,1.060333013534546,1.063117265701294,1.0587948560714722,1.060333013534546,0,0.0,0.0,0.010327931468711915,0.01152944347333366,-0.0012015120046217458,0.008576972143990653,False,False,False,False
2022-12-26 00:00:00+00:00,1.0667804479599,1.0637166500091553,1.060895323753357,1.0667804479599,0,0.0,0.0,0.010265345744688181,0.011276623927604566,-0.0010112781829163843,0.008338894162859236,False,False,False,False
2022-12-27 00:00:00+00:00,1.064022183418274,1.0668998956680298,1.0612443685531616,1.064022183418274,0,0.0,0.0,0.009879294849386655,0.010997158111960984,-0.0011178632625743288,0.008011204855782645,False,False,False,False
2022-12-28 00:00:00+00:00,1.0637166500091553,1.067429542541504,1.0613908767700195,1.0637166500091553,0,0.0,0.0,0.009439875729555292,0.010685701635479845,-0.0012458259059245531,0.007770333971296038,False,False,False,False
2022-12-29 00:00:00+00:00,1.062925100326538,1.0670194625854492,1.0612331628799438,1.062925100326538,0,0.0,0.0,0.008924880994554796,0.010333537507294835,-0.0014086565127400391,0.007646935326712472,False,False,False,False
2022-12-30 00:00:00+00:00,1.066075325012207,1.0697933435440063,1.0639203786849976,1.066075325012207,0,0.0,0.0,0.008670987020467757,0.01000102740992942,-0.001330040389461662,0.0076222334589277,False,False,False,False
2023-01-02 00:00:00+00:00,1.0709733963012695,1.071237325668335,1.0653257369995117,1.0709733963012695,0,0.0,0.0,0.008763981906900531,0.009753618309323642,-0.0009896364024231108,0.006996452808380127,False,False,False,False
2023-01-03 00:00:00+00:00,1.0677714347839355,1.068261981010437,1.0521553754806519,1.0677714347839355,0,0.0,0.0,0.0084815395811344,0.009499202563685794,-0.0010176629825513935,0.007425495556422642,False,False,False,False
2023-01-04 00:00:00+00:00,1.0546854734420776,1.063151240348816,1.0545964241027832,1.0546854734420776,0,0.0,0.0,0.007119702784888382,0.009023302607926312,-0.00190359982303793,0.007522225379943848,False,False,False,False
2023-01-05 00:00:00+00:00,1.0606365203857422,1.06326425075531,1.0515578985214233,1.0606365203857422,0,0.0,0.0,0.006446327811428176,0.008507907648626686,-0.0020615798371985093,0.00780874490737915,False,False,False,False
2023-01-06 00:00:00+00:00,1.0522217750549316,1.062225103378296,1.0485258102416992,1.0522217750549316,0,0.0,0.0,0.005174030665531015,0.007841132252007551,-0.0026671015864765356,0.008202944483075823,False,True,False,True
2023-01-09 00:00:00+00:00,1.0656323432922363,1.0759514570236206,1.0652804374694824,1.0656323432922363,0,0.0,0.0,0.005188042269122617,0.0073105142554305644,-0.0021224719863079475,0.009363199983324324,False,False,False,False
2023-01-10 00:00:00+00:00,1.073318362236023,1.0756852626800537,1.0713175535202026,1.073318362236023,0,0.0,0.0,0.005753026748715806,0.006999016754087613,-0.001245990005371807,0.009749344417027064,False,False,False,False
2023-01-11 00:00:00+00:00,1.0738946199417114,1.077470064163208,1.0726851224899292,1.0738946199417114,0,0.0,0.0,0.006176086123794278,0.006834430628028946,-0.0006583445042346687,0.009566613606044225,False,False,False,False
2023-01-12 00:00:00+00:00,1.0766000747680664,1.0838346481323242,1.0738024711608887,1.0766000747680664,0,0.0,0.0,0.0066529799095189635,0.00679814048432695,-0.00014516057480798688,0.009974454130445207,False,False,False,False
2023-01-13 00:00:00+00:00,1.0860239267349243,1.0867793560028076,1.0780625343322754,1.0860239267349243,0,0.0,0.0,0.00770255747791837,0.006979023883045235,0.0007235335948731353,0.010459857327597482,False,False,False,False
2023-01-16 00:00:00+00:00,1.082461953163147,1.0875475406646729,1.080263614654541,1.082461953163147,0,0.0,0.0,0.008152951612928172,0.007213809429021823,0.0009391421839063489,0.01057617153440203,False,False,False,False
2023-01-17 00:00:00+00:00,1.0830129384994507,1.086909294128418,1.0787020921707153,1.0830129384994507,0,0.0,0.0,0.008456866627436721,0.0074624208687048025,0.0009944457587319185,0.010731066976274763,False,False,False,False
2023-01-18 00:00:00+00:00,1.0793308019638062,1.0884472131729126,1.0767043828964233,1.0793308019638062,0,0.0,0.0,0.008304870443624823,0.007630910783688807,0.0006739596599360164,0.011156533445630754,False,False,False,False
2023-01-19 00:00:00+00:00,1.0797853469848633,1.0833063125610352,1.0782949924468994,1.0797853469848633,0,0.0,0.0,0.008127402717889254,0.007730209170528897,0.00039719354736035724,0.011023896081107003,False,False,False,False
2023-01-20 00:00:00+00:00,1.083388328552246,1.0856584310531616,1.0804619789123535,1.083388328552246,0,0.0,0.0,0.008183158411444458,0.00782079901871201,0.0003623593927324486,0.011021145752498082,False,False,False,False
2023-01-23 00:00:00+00:00,1.0864723920822144,1.0919533967971802,1.0847516059875488,1.086507797241211,0,0.0,0.0,0.008382432785726257,0.007933125772114859,0.00044930701361139795,0.01028879199709211,False,False,False,False
2023-01-24 00:00:00+00:00,1.0874292850494385,1.089680790901184,1.0839285850524902,1.0874292850494385,0,0.0,0.0,0.008516542131637994,0.008049809044019487,0.0004667330876185066,0.009758591651916504,False,False,False,False
2023-01-25 00:00:00+00:00,1.088814616203308,1.0922634601593018,1.0858116149902344,1.088814616203308,0,0.0,0.0,0.008635069692628061,0.008166861173741203,0.0004682085188868583,0.009383269718715124,False,False,False,False
2023-01-26 00:00:00+00:00,1.0922038555145264,1.0932546854019165,1.0851635932922363,1.0922038555145264,0,0.0,0.0,0.008899894482416792,0.008313467835476322,0.000586426646940471,0.00898268393107823,False,False,True,False
2023-01-27 00:00:00+00:00,1.0894432067871094,1.0901559591293335,1.0838816165924072,1.0894432067871094,0,0.0,0.0,0.008785732302629246,0.008407920728906906,0.0003778115737223392,0.00788215228489467,False,False,False,False
2023-01-30 00:00:00+00:00,1.0871455669403076,1.0915005207061768,1.0854581594467163,1.0871455669403076,0,0.0,0.0,0.00841287918478728,0.008408912420082982,3.966764704299228e-06,0.007595683847154889,False,False,False,False
2023-01-31 00:00:00+00:00,1.0850694179534912,1.0868383646011353,1.0804152488708496,1.0850694179534912,0,0.0,0.0,0.007859265806506421,0.00829898309736767,-0.0004397172908612492,0.007734639304024833,False,False,False,False
2023-02-01 00:00:00+00:00,1.0860947370529175,1.092442512512207,1.085293173789978,1.0860947370529175,0,0.0,0.0,0.007417750685511315,0.0081227366149964,-0.0007049859294850844,0.007544704845973423,False,False,False,False
2023-02-02 00:00:00+00:00,1.1012852191925049,1.102657437324524,1.088767170906067,1.1012852191925049,0,0.0,0.0,0.008199077861843707,0.008138004864365861,6.107299747784567e-05,0.008000663348606654,True,False,False,False
2023-02-03 00:00:00+00:00,1.0905125141143799,1.094067931175232,1.0811045169830322,1.0905125141143799,0,0.0,0.0,0.007858430909868153,0.00808209007346632,-0.00022365916359816732,0.00892186164855957,False,False,False,False
2023-02-06 00:00:00+00:00,1.079086184501648,1.0800302028656006,1.0718343257904053,1.079086184501648,0,0.0,0.0,0.006590485426707815,0.007783769144114619,-0.001193283717406804,0.009669789246150426,False,False,False,False
2023-02-07 00:00:00+00:00,1.0730764865875244,1.0745997428894043,1.0669511556625366,1.0730764865875244,0,0.0,0.0,0.005042569497444749,0.007235529214780646,-0.002192959717335897,0.00969780342919486,False,False,False,False
2023-02-08 00:00:00+00:00,1.0729728937149048,1.0760208368301392,1.0716849565505981,1.0729728937149048,0,0.0,0.0,0.0037640858536542865,0.006541240542555374,-0.0027771546889010876,0.009649557726723807,False,False,False,False
2023-02-09 00:00:00+00:00,1.0715816020965576,1.0790396928787231,1.0711569786071777,1.0715816020965576,0,0.0,0.0,0.0026085430879256855,0.005754701051629436,-0.0031461579637037506,0.009793102741241455,False,False,False,False
2023-02-10 00:00:00+00:00,1.0742292404174805,1.0751763582229614,1.0669283866882324,1.0742292404174805,0,0.0,0.0,0.0018846839427941742,0.004980697629862384,-0.0030960136870682095,0.009770452976226807,False,False,False,False
2023-02-13 00:00:00+00:00,1.0677714347839355,1.0725010633468628,1.065723180770874,1.0677714347839355,0,0.0,0.0,0.0007809273660943639,0.00414074357710878,-0.003359816211014416,0.00996715681893485,False,False,False,False
2023-02-14 00:00:00+00:00,1.0730419158935547,1.0798436403274536,1.0709964036941528,1.0730419158935547,0,0.0,0.0,0.00032769859974823845,0.0033781345816366716,-0.003050435981888433,0.010368611131395613,False,False,False,False
2023-02-15 00:00:00+00:00,1.0735719203948975,1.0744600296020508,1.0665984153747559,1.0735719203948975,0,0.0,0.0,1.1149941324894996e-05,0.0027047376535743162,-0.0026935877122494212,0.01035221985408238,False,False,False,False
2023-02-16 00:00:00+00:00,1.0691757202148438,1.0722250938415527,1.0655754804611206,1.0691757202148438,0,0.0,0.0,-0.0005876793631571786,0.0020462542502280175,-0.002633933613385196,0.010328948497772217,False,False,False,False
2023-02-17 00:00:00+00:00,1.0665756464004517,1.0681477785110474,1.0613795518875122,1.0665756464004517,0,0.0,0.0,-0.0012575637166698517,0.0013854906568484438,-0.0026430543735182954,0.010454220431191581,False,False,False,False
2023-02-20 00:00:00+00:00,1.0684444904327393,1.0705492496490479,1.0671560764312744,1.0684444904327393,0,0.0,0.0,-0.001618989099704926,0.0007845947055377698,-0.002403583805242696,0.010257312229701452,False,False,False,False
2023-02-21 00:00:00+00:00,1.068261981010437,1.0695644617080688,1.0644866228103638,1.068261981010437,0,0.0,0.0,-0.0018982662728110888,0.0002480225098679981,-0.002146288782679087,0.010093365396772112,False,False,False,False
2023-02-22 00:00:00+00:00,1.065200924873352,1.0665528774261475,1.0619093179702759,1.065200924873352,0,0.0,0.0,-0.0023396273250939625,-0.000269507457124394,-0.0020701198679695687,0.009364077023097448,False,False,False,False
2023-02-23 00:00:00+00:00,1.0605803728103638,1.0630381107330322,1.0582010746002197,1.0605803728103638,0,0.0,0.0,-0.0030273516494276898,-0.0008210762955850532,-0.0022062753538426363,0.008422587599073137,False,False,False,False
2023-02-24 00:00:00+00:00,1.0598047971725464,1.0614246129989624,1.053774118423462,1.0598047971725464,0,0.0,0.0,-0.0035935365510029182,-0.0013755683466686263,-0.002217968204334292,0.007634895188467843,False,False,False,False
2023-02-27 00:00:00+00:00,1.0554758310317993,1.0618642568588257,1.0533522367477417,1.0554758310317993,0,0.0,0.0,-0.00434150735917993,-0.0019687561491708873,-0.002372751210009043,0.007376108850751605,False,False,False,False
2023-02-28 00:00:00+00:00,1.0611205101013184,1.0645002126693726,1.058234691619873,1.0611205101013184,0,0.0,0.0,-0.0044277607177707345,-0.002460557062890857,-0.0019672036548798776,0.007711001804896763,False,False,False,False
2023-03-01 00:00:00+00:00,1.0577309131622314,1.0691070556640625,1.0565686225891113,1.0577309131622314,0,0.0,0.0,-0.0047152745212917235,-0.0029115005545710306,-0.001803773966720693,0.008043553147997175,False,False,False,True
2023-03-02 00:00:00+00:00,1.066894292831421,1.067270040512085,1.0583466291427612,1.066894292831421,0,0.0,0.0,-0.004155817447632826,-0.0031603639331833897,-0.000995453514449436,0.008135778563363212,False,False,False,False
2023-03-03 00:00:00+00:00,1.0599732398986816,1.062925100326538,1.0591312646865845,1.0599732398986816,0,0.0,0.0,-0.004222243422191241,-0.00337273983098496,-0.0008495035912062807,0.008082704884665353,False,False,False,False
2023-03-06 00:00:00+00:00,1.0626201629638672,1.0693814754486084,1.062304139137268,1.0626201629638672,0,0.0,0.0,-0.004015019272589182,-0.0035011957193058045,-0.0005138235532833775,0.007892421313694544,False,False,False,False
2023-03-07 00:00:00+00:00,1.0688328742980957,1.06963312625885,1.0571606159210205,1.0688328742980957,0,0.0,0.0,-0.0033113080600837286,-0.0034632181874613894,0.00015191012737766083,0.008221771035875593,False,False,False,False
2023-03-08 00:00:00+00:00,1.05507493019104,1.0573283433914185,1.0526647567749023,1.05507493019104,0,0.0,0.0,-0.003819731476945032,-0.003534520845358118,-0.000285210631586914,0.008805462292262487,False,False,False,False
2023-03-09 00:00:00+00:00,1.0549525022506714,1.0586491823196411,1.053851842880249,1.0549525022506714,0,0.0,0.0,-0.004184305539792099,-0.0036644777842449144,-0.0005198277555471848,0.00859126022883824,False,False,False,False
2023-03-10 00:00:00+00:00,1.0584698915481567,1.0698620080947876,1.0575743913650513,1.0584698915481567,0,0.0,0.0,-0.00414166663607185,-0.003759915554610302,-0.00038175108146154806,0.009372396128518241,False,False,False,False
2023-03-13 00:00:00+00:00,1.0683646202087402,1.0737217664718628,1.0652350187301636,1.0683646202087402,0,0.0,0.0,-0.003271738523354717,-0.0036622801483591856,0.00039054162500446864,0.01009911298751831,False,False,False,False
2023-03-14 00:00:00+00:00,1.0725010633468628,1.0747140645980835,1.0679652690887451,1.0725010633468628,0,0.0,0.0,-0.0022229134721922783,-0.0033744068131258045,0.0011514933409335262,0.010127408163888114,False,False,False,False
2023-03-15 00:00:00+00:00,1.0727657079696655,1.0760092735290527,1.052033543586731,1.0727657079696655,0,0.0,0.0,-0.0013547408442808884,-0.0029704736193568214,0.001615732775075933,0.011339970997401647,False,True,False,False
2023-03-16 00:00:00+00:00,1.0583354234695435,1.063456416130066,1.0555092096328735,1.0583354234695435,0,0.0,0.0,-0.001810243778613163,-0.00273842765120809,0.0009281838725949268,0.012026114123208182,False,False,False,False
2023-03-17 00:00:00+00:00,1.0614134073257446,1.0669625997543335,1.0612106323242188,1.0614134073257446,0,0.0,0.0,-0.001900952564519942,-0.00257093263387046,0.0006699800693505181,0.012034339564187186,False,False,False,False
2023-03-20 00:00:00+00:00,1.0678855180740356,1.0730534791946411,1.0632416009902954,1.0678855180740356,0,0.0,0.0,-0.001434063689631504,-0.002343558845022669,0.000909495155391165,0.012221174580710275,False,False,False,False
2023-03-21 00:00:00+00:00,1.071914792060852,1.0787253379821777,1.070491909980774,1.071914792060852,0,0.0,0.0,-0.0007305013905323232,-0.0020209473541246,0.0012904459635922766,0.01209984506879534,False,False,False,False
2023-03-22 00:00:00+00:00,1.0774236917495728,1.0801469087600708,1.0759514570236206,1.0774236917495728,0,0.0,0.0,0.00026850382057452826,-0.001563057119184774,0.0018315609397593024,0.012006487165178572,False,False,False,False
2023-03-23 00:00:00+00:00,1.0870392322540283,1.0928997993469238,1.0868619680404663,1.0870392322540283,0,0.0,0.0,0.0018151920026168167,-0.0008874072948244561,0.002702599297441273,0.01255742141178676,True,False,False,False
2023-03-24 00:00:00+00:00,1.0835057497024536,1.0839003324508667,1.0718917846679688,1.0835057497024536,0,0.0,0.0,0.0027244255371099424,-0.0001650407284375764,0.0028894662655475187,0.01296736512865339,False,False,False,False
2023-03-27 00:00:00+01:00,1.077818512916565,1.0795999765396118,1.074806571006775,1.077818512916565,0,0.0,0.0,0.0029520577018740113,0.0004583789576247412,0.00249367874424927,0.012697841439928328,False,False,False,False
2023-03-28 00:00:00+01:00,1.0807071924209595,1.08489990234375,1.0804035663604736,1.0807071924209595,0,0.0,0.0,0.003327196279155231,0.0010321424219308392,0.002295053857224392,0.012048789433070592,False,False,False,False
2023-03-29 00:00:00+01:00,1.0839520692825317,1.0871999263763428,1.0821340084075928,1.0839520692825317,0,0.0,0.0,0.0038420420790405974,0.001594122353352791,0.0022479197256878064,0.012169889041355677,False,False,False,False
2023-03-30 00:00:00+01:00,1.0843634605407715,1.0923947095870972,1.0826963186264038,1.0843634605407715,0,0.0,0.0,0.004234444876428212,0.002122186857967875,0.0021122580184603367,0.011797666549682617,False,False,False,False
2023-03-31 00:00:00+01:00,1.0904649496078491,1.0925856828689575,1.086059331893921,1.0904649496078491,0,0.0,0.0,0.004980355656069246,0.0026938206175881494,0.002286535038481097,0.011295548507145472,False,False,False,False
2023-04-03 00:00:00+01:00,1.0803335905075073,1.0915720462799072,1.078934907913208,1.0803335905075073,0,0.0,0.0,0.004699802912386808,0.003095017076547881,0.0016047858358389268,0.01171614442552839,False,False,False,False
2023-04-04 00:00:00+01:00,1.091226577758789,1.0971648693084717,1.0883879661560059,1.091226577758789,0,0.0,0.0,0.005295393872140952,0.003535092435666495,0.001760301436474457,0.011205826486860002,False,False,False,False
2023-04-05 00:00:00+01:00,1.0960105657577515,1.0969241857528687,1.0905362367630005,1.0960105657577515,0,0.0,0.0,0.006083307269334037,0.004044735402400004,0.0020385718669340335,0.0104295015335083,False,False,False,False
2023-04-06 00:00:00+01:00,1.090334177017212,1.0930156707763672,1.0885539054870605,1.090334177017212,0,0.0,0.0,0.006178475561116503,0.004471483434143304,0.0017069921269731994,0.010345893246786935,False,False,False,False
2023-04-07 00:00:00+01:00,1.0920130014419556,1.0925379991531372,1.0881037712097168,1.0920130014419556,0,0.0,0.0,0.006316550951112276,0.004840496937537099,0.0014760540135751775,0.00983119010925293,False,False,False,False
2023-04-10 00:00:00+01:00,1.0913575887680054,1.0918222665786743,1.0832475423812866,1.0913575887680054,0,0.0,0.0,0.006300462556735553,0.00513249006137679,0.0011679724953587633,0.009683021477290563,False,False,False,False
2023-04-11 00:00:00+01:00,1.086932897567749,1.0926692485809326,1.0868029594421387,1.086932897567749,0,0.0,0.0,0.0058630907268559795,0.0052786101944726285,0.000584480532383351,0.009514033794403076,False,False,False,False
2023-04-12 00:00:00+01:00,1.0917507410049438,1.099855899810791,1.091524362564087,1.0917507410049438,0,0.0,0.0,0.005837934032033143,0.005390474961984732,0.0004474590700484114,0.009331669126238142,False,False,False,False
2023-04-13 00:00:00+01:00,1.0999890565872192,1.1068999767303467,1.0981649160385132,1.0999890565872192,0,0.0,0.0,0.006408882775905678,0.005594156524768921,0.0008147262511367563,0.009331796850476946,False,False,False,False
2023-04-14 00:00:00+01:00,1.1054610013961792,1.1075423955917358,1.0978032350540161,1.1054610013961792,0,0.0,0.0,0.007219680006994578,0.005919261221214053,0.001300418785780525,0.00940608126776559,True,False,False,False
2023-04-17 00:00:00+01:00,1.098659634590149,1.0999042987823486,1.0910717248916626,1.098659634590149,0,0.0,0.0,0.0072300852718167885,0.0061814260313346,0.0010486592404821884,0.0099280732018607,False,False,True,False
2023-04-18 00:00:00+01:00,1.0925379991531372,1.0983458757400513,1.0922753810882568,1.0925379991531372,0,0.0,0.0,0.006667507820257157,0.006278642389119112,0.00038886543113804493,0.0099203245980399,False,False,False,False
2023-04-19 00:00:00+01:00,1.0975382328033447,1.098659634590149,1.0918341875076294,1.0975382328033447,0,0.0,0.0,0.006549638053151341,0.006332841521925558,0.00021679653122578298,0.009715114321027483,False,False,False,False
2023-04-20 00:00:00+01:00,1.095218300819397,1.0989010334014893,1.0934339761734009,1.095218300819397,0,0.0,0.0,0.006197584395837286,0.006305790096707904,-0.00010820570087061859,0.00951831681387765,False,False,False,False
2023-04-21 00:00:00+01:00,1.0970927476882935,1.099251389503479,1.0939722061157227,1.0970927476882935,0,0.0,0.0,0.006000659663599084,0.00624476401008614,-0.00024410434648705626,0.008992748601096017,False,False,False,False
2023-04-24 00:00:00+01:00,1.0992271900177002,1.103423833847046,1.0968761444091797,1.0992271900177002,0,0.0,0.0,0.005948259222583241,0.0061854630525855605,-0.00023720383000231954,0.008258206503731864,False,False,False,False
2023-04-25 00:00:00+01:00,1.1059499979019165,1.1068068742752075,1.0969241857528687,1.1059499979019165,0,0.0,0.0,0.006375710682949176,0.006223512578658283,0.00015219810429089285,0.0085078307560512,False,False,False,False
2023-04-26 00:00:00+01:00,1.0978394746780396,1.109410047531128,1.0969241857528687,1.0978394746780396,0,0.0,0.0,0.005990957573548172,0.006177001577636261,-0.00018604400408808903,0.008867059435163225,True,False,False,False
2023-04-27 00:00:00+01:00,1.1047282218933105,1.1065618991851807,1.0994206666946411,1.1047282218933105,0,0.0,0.0,0.006170769501320672,0.006175755162373144,-4.985661052472196e-06,0.009173359189714705,False,False,False,False
2023-04-28 00:00:00+01:00,1.1032048463821411,1.1043744087219238,1.0965633392333984,1.1032048463821411,0,0.0,0.0,0.0061198027999516125,0.006164564689888839,-4.4761889937226275e-05,0.00913046087537493,False,False,False,False
2023-05-01 00:00:00+01:00,1.1010911464691162,1.103557825088501,1.0966956615447998,1.1010911464691162,0,0.0,0.0,0.0058415160431395385,0.006099954960538979,-0.00025843891739944086,0.009201594761439733,False,False,False,False
2023-05-02 00:00:00+01:00,1.0969241857528687,1.1005216836929321,1.0943553447723389,1.0969241857528687,0,0.0,0.0,0.005224508002253936,0.005924865568881971,-0.0007003575666280348,0.008759651865277971,False,False,False,False
2023-05-03 00:00:00+01:00,1.1010911464691162,1.1058155298233032,1.100594401359558,1.1010911464691162,0,0.0,0.0,0.005013965713941637,0.0057426855978939045,-0.0007287198839522674,0.00831265960420881,False,False,False,False
2023-05-04 00:00:00+01:00,1.1068925857543945,1.109139323234558,1.0986838340759277,1.1068925857543945,0,0.0,0.0,0.005254664596694214,0.005645081397653967,-0.0003904168009597527,0.008363825934273856,False,False,False,False
2023-05-05 00:00:00+01:00,1.102292776107788,1.1048002243041992,1.0971648693084717,1.102292776107788,0,0.0,0.0,0.005016427742748908,0.005519350666672955,-0.0005029229239240469,0.008030857358660017,False,False,False,False
2023-05-08 00:00:00+01:00,1.10186767578125,1.1053388118743896,1.1012487411499023,1.10186767578125,0,0.0,0.0,0.004738696532067932,0.005363219839751951,-0.000624523307684019,0.007866987160273961,False,False,False,False
2023-05-09 00:00:00+01:00,1.0996140241622925,1.1001100540161133,1.0944032669067383,1.0996140241622925,0,0.0,0.0,0.004287320137776218,0.005148039899356804,-0.0008607197615805862,0.007912627288273402,False,False,False,False
2023-05-10 00:00:00+01:00,1.096467137336731,1.100473165512085,1.0942834615707397,1.096467137336731,0,0.0,0.0,0.003633785607585205,0.004845189041002485,-0.0012114034334172801,0.00796424491064889,False,False,False,False
2023-05-11 00:00:00+01:00,1.098406195640564,1.0998680591583252,1.0901321172714233,1.098406195640564,0,0.0,0.0,0.003235029181016813,0.004523157069005351,-0.0012881278879885378,0.008282584803444999,False,False,False,False
2023-05-12 00:00:00+01:00,1.0912145376205444,1.0935176610946655,1.085564136505127,1.0912145376205444,0,0.0,0.0,0.0023120532306151187,0.0040809363013273045,-0.0017688830707121858,0.00873218263898577,False,False,False,False
2023-05-15 00:00:00+01:00,1.0852696895599365,1.0892059803009033,1.0848575830459595,1.0852696895599365,0,0.0,0.0,0.0010883428460568556,0.003482417610273215,-0.0023940747642163594,0.00848034449986049,False,False,False,False
2023-05-16 00:00:00+01:00,1.0873701572418213,1.090358018875122,1.0856702327728271,1.0873701572418213,0,0.0,0.0,0.0002847513017691927,0.0028428843485724105,-0.0025581330468032177,0.007951949323926653,False,False,False,False
2023-05-17 00:00:00+01:00,1.0865668058395386,1.0875475406646729,1.081162929534912,1.0865668058395386,0,0.0,0.0,-0.0004121732542141654,0.0021918728280150954,-0.0026040460822292608,0.0077849626541137695,False,False,False,False
2023-05-18 00:00:00+01:00,1.0838346481323242,1.0849517583847046,1.0765421390533447,1.0838346481323242,0,0.0,0.0,-0.001171449538204028,0.001519208354771271,-0.0026906578929752987,0.007917804377419608,False,False,False,False
2023-05-19 00:00:00+01:00,1.0775396823883057,1.082391619682312,1.0761018991470337,1.0775396823883057,0,0.0,0.0,-0.002255136776885047,0.0007643393284400073,-0.0030194761053250543,0.007979989051818848,False,False,False,False
2023-05-22 00:00:00+01:00,1.0822745561599731,1.0830715894699097,1.0796570777893066,1.0822745561599731,0,0.0,0.0,-0.0027007691926199673,7.131762422801248e-05,-0.00277208681684798,0.007893996579306466,False,False,False,False
2023-05-23 00:00:00+01:00,1.0811045169830322,1.0821340084075928,1.0763798952102661,1.0811045169830322,0,0.0,0.0,-0.0031124698607423174,-0.0005654398727660535,-0.002547029987976264,0.007679947784968785,False,False,False,False
2023-05-24 00:00:00+01:00,1.076971173286438,1.0799369812011719,1.0749683380126953,1.076971173286438,0,0.0,0.0,-0.003729283045344367,-0.0011982085072817163,-0.0025310745380626508,0.007371425628662109,False,False,False,False
2023-05-25 00:00:00+01:00,1.0757315158843994,1.0754191875457764,1.0709964036941528,1.0757315158843994,0,0.0,0.0,-0.004268932335490527,-0.0018123532729234786,-0.0024565790625670487,0.007103357996259417,False,False,False,False
2023-05-26 00:00:00+01:00,1.0724436044692993,1.0757546424865723,1.0702054500579834,1.0724436044692993,0,0.0,0.0,-0.004905369216034794,-0.0024309564615457415,-0.0024744127544890525,0.007207580975123814,False,False,False,False
2023-05-29 00:00:00+01:00,1.0723055601119995,1.0745755434036255,1.0706294775009155,1.0723055601119995,0,0.0,0.0,-0.005359112541647004,-0.003016587677565994,-0.00234252486408101,0.00695627076285226,False,False,False,False
2023-05-30 00:00:00+01:00,1.0707669258117676,1.0745755434036255,1.067338466644287,1.0707669258117676,0,0.0,0.0,-0.005776276999718943,-0.0035685255419965842,-0.002207751457722359,0.007031083106994629,False,False,False,False
2023-05-31 00:00:00+01:00,1.073306918144226,1.0738831758499146,1.06516695022583,1.073306918144226,0,0.0,0.0,-0.0058346682608645395,-0.0040217540857701755,-0.001812914175094364,0.0069582462310791016,False,True,False,False
2023-06-01 00:00:00+01:00,1.0695186853408813,1.0753995180130005,1.0664163827896118,1.0695186853408813,0,0.0,0.0,-0.0061161196633297,-0.00444062720128208,-0.0016754924620476196,0.006682608808789935,False,False,False,True
2023-06-02 00:00:00+01:00,1.0760787725448608,1.077934741973877,1.071811318397522,1.0760787725448608,0,0.0,0.0,-0.005743618852255938,-0.004701225531476852,-0.0010423933207790864,0.0068296875272478375,False,False,False,False
2023-06-05 00:00:00+01:00,1.0698620080947876,1.0722709894180298,1.0674750804901123,1.0698620080947876,0,0.0,0.0,-0.0058822433711955835,-0.004937429099420599,-0.0009448142717749849,0.007080784865788051,False,False,False,False
2023-06-06 00:00:00+01:00,1.0711798667907715,1.073306918144226,1.0667349100112915,1.0711798667907715,0,0.0,0.0,-0.005818689883264172,-0.005113681256189314,-0.0007050086270748582,0.007094170366014753,False,False,False,False
2023-06-07 00:00:00+01:00,1.0698047876358032,1.074021577835083,1.0668829679489136,1.0698047876358032,0,0.0,0.0,-0.005812280332337938,-0.005253401071419039,-0.0005588792609188993,0.006888023444584438,False,False,False,False
2023-06-08 00:00:00+01:00,1.0707440376281738,1.078283429145813,1.0702168941497803,1.0707440376281738,0,0.0,0.0,-0.005666095866182941,-0.005335940030371819,-0.0003301558358111221,0.006941301482064384,False,False,False,False
2023-06-09 00:00:00+01:00,1.078271746635437,1.0787487030029297,1.0747718811035156,1.078271746635437,0,0.0,0.0,-0.004886491980539809,-0.0052460504204054174,0.0003595584398656086,0.007117927074432373,False,False,False,False
2023-06-12 00:00:00+01:00,1.0750954151153564,1.0789697170257568,1.073433518409729,1.0750954151153564,0,0.0,0.0,-0.0044733872685402964,-0.005091517790032394,0.0006181305214920975,0.007092322622026716,False,False,False,False
2023-06-13 00:00:00+01:00,1.0762988328933716,1.0822510719299316,1.076055645942688,1.0762988328933716,0,0.0,0.0,-0.00400275181937082,-0.004873764595900079,0.0008710127765292593,0.007165142468043736,False,False,False,False
2023-06-14 00:00:00+01:00,1.078934907913208,1.085835337638855,1.077574610710144,1.078934907913208,0,0.0,0.0,-0.0033781197499846982,-0.0045746356267170035,0.0011965158767323052,0.00741955212184361,False,False,False,False
2023-06-15 00:00:00+01:00,1.084304690361023,1.0938525199890137,1.0804269313812256,1.084304690361023,0,0.0,0.0,-0.0024218798450847956,-0.004144084470390563,0.001722204625305767,0.008088724953787667,False,False,False,False
2023-06-16 00:00:00+01:00,1.0945948362350464,1.0970999002456665,1.0920130014419556,1.0945948362350464,0,0.0,0.0,-0.0008242229285591041,-0.0034801121620242712,0.002655889233465167,0.008720806666782923,False,False,False,False
2023-06-19 00:00:00+01:00,1.0942115783691406,1.0949305295944214,1.0911003351211548,1.0942115783691406,0,0.0,0.0,0.00040632215267577543,-0.002702825299084262,0.0031091474517600374,0.008477457932063512,False,False,False,False
2023-06-20 00:00:00+01:00,1.0924304723739624,1.0945229530334473,1.0894551277160645,1.0924304723739624,0,0.0,0.0,0.0012237114428861329,-0.0019175179506901831,0.0031412293935763162,0.00821685791015625,False,False,False,False
2023-06-21 00:00:00+01:00,1.0920368432998657,1.0961307287216187,1.0906671285629272,1.0920368432998657,0,0.0,0.0,0.0018187701179903648,-0.0011702603369540736,0.002989030454944438,0.00796546254839216,False,False,False,False
2023-06-22 00:00:00+01:00,1.0992635488510132,1.1011154651641846,1.095110297203064,1.0992635488510132,0,0.0,0.0,0.002840746786406001,-0.0003680589122820587,0.0032088056986880596,0.00801278863634382,True,False,False,False
2023-06-23 00:00:00+01:00,1.0958904027938843,1.0958904027938843,1.0845046043395996,1.0958904027938843,0,0.0,0.0,0.003339984698283338,0.00037354980983102075,0.0029664348884523174,0.008452449526105608,False,False,False,False
2023-06-26 00:00:00+01:00,1.0906671285629272,1.0921800136566162,1.088814616203308,1.0906671285629272,0,0.0,0.0,0.003276391560125047,0.0009541181598898261,0.002322273400235221,0.008488433701651437,False,False,False,False
2023-06-27 00:00:00+01:00,1.091048002243042,1.0976104736328125,1.0903223752975464,1.091048002243042,0,0.0,0.0,0.0032196131664190553,0.001407217161195672,0.0018123960052233833,0.008499111448015486,False,False,False,False
2023-06-28 00:00:00+01:00,1.0957223176956177,1.0962508916854858,1.0899657011032104,1.0957223176956177,0,0.0,0.0,0.0035113177867533985,0.0018280372863072173,0.0016832805004461811,0.008342436381748744,False,False,True,False
2023-06-29 00:00:00+01:00,1.0915838479995728,1.094067931175232,1.0862362384796143,1.0915838479995728,0,0.0,0.0,0.0033697119404729747,0.002136372217140369,0.0012333397233326056,0.00844825165612357,False,False,False,False
2023-06-30 00:00:00+01:00,1.0868029594421387,1.0933741331100464,1.0836466550827026,1.0868029594421387,0,0.0,0.0,0.0028389844900538197,0.0022768946717230593,0.0005620898183307604,0.00874762875693185,False,False,False,False
2023-07-03 00:00:00+01:00,1.0907504558563232,1.093135118484497,1.0871810913085938,1.0907504558563232,0,0.0,0.0,0.0027057192842749878,0.002362659594233445,0.00034305969004154273,0.008688807487487793,False,False,False,False
2023-07-04 00:00:00+01:00,1.091309905052185,1.0918222665786743,1.0890754461288452,1.091309905052185,0,0.0,0.0,0.002615103240850347,0.002413148323556826,0.00020195491729352137,0.0082038300377982,False,False,False,False
2023-07-05 00:00:00+01:00,1.0884946584701538,1.0906195640563965,1.086507797241211,1.0884946584701538,0,0.0,0.0,0.0022897279439781926,0.0023884642476410993,-9.873630366290676e-05,0.007481294018881661,False,False,False,False
2023-07-06 00:00:00+01:00,1.0856584310531616,1.0901559591293335,1.083435297012329,1.0856584310531616,0,0.0,0.0,0.0017824587528345592,0.0022672631486797914,-0.00048480439584523216,0.007047397749764579,False,True,False,False
2023-07-07 00:00:00+01:00,1.0890636444091797,1.096467137336731,1.0868619680404663,1.0890636444091797,0,0.0,0.0,0.0016363536570869197,0.002141081250361217,-0.0005047275932742973,0.007545862879071917,False,False,False,True
2023-07-10 00:00:00+01:00,1.0969723463058472,1.0992755889892578,1.0944511890411377,1.0969723463058472,0,0.0,0.0,0.0021341295463968013,0.002139690909568334,-5.561363171532625e-06,0.00791329996926444,False,False,False,False
2023-07-11 00:00:00+01:00,1.100594401359558,1.1025601625442505,1.0978635549545288,1.100594401359558,0,0.0,0.0,0.0027887432013211644,0.0022695013679189,0.0005192418334022644,0.007922172546386719,False,False,False,False
2023-07-12 00:00:00+01:00,1.101406455039978,1.1125946044921875,1.1012852191925049,1.101406455039978,0,0.0,0.0,0.003334615809158059,0.0024825242561667318,0.0008520915529913273,0.008130856922694616,False,False,False,False
2023-07-13 00:00:00+01:00,1.1144545078277588,1.1196202039718628,1.113065242767334,1.1144545078277588,0,0.0,0.0,0.004765162766355857,0.0029390519582045567,0.0018261108081513004,0.008377628667013986,False,False,False,False
2023-07-14 00:00:00+01:00,1.1223469972610474,1.12447988986969,1.1206114292144775,1.1223469972610474,0,0.0,0.0,0.006461258111928547,0.0036434931889493547,0.0028177649229791926,0.008588314056396484,False,False,False,False
2023-07-17 00:00:00+01:00,1.1227755546569824,1.125112533569336,1.1205486059188843,1.1227755546569824,0,0.0,0.0,0.007750662085350246,0.004464926968229533,0.003285735117120713,0.008393730436052595,False,False,False,False
2023-07-18 00:00:00+01:00,1.1237596273422241,1.1275737285614014,1.1220070123672485,1.1237596273422241,0,0.0,0.0,0.008751053764940897,0.005322152327571807,0.0034289014373690904,0.008342410836900984,True,False,False,False
2023-07-19 00:00:00+01:00,1.1228890419006348,1.123974323272705,1.1176306009292603,1.1228890419006348,0,0.0,0.0,0.009365660900163553,0.006130854042090156,0.003234806858073397,0.00811795677457537,False,False,False,False
2023-07-20 00:00:00+01:00,1.120523452758789,1.12296462059021,1.1133129596710205,1.120523452758789,0,0.0,0.0,0.009551751562881128,0.00681503354624835,0.0027367180166327776,0.008112541266850062,False,False,True,False
2023-07-21 00:00:00+01:00,1.113709807395935,1.1147029399871826,1.110962986946106,1.113709807395935,0,0.0,0.0,0.009045158559564559,0.007261058548911592,0.0017841000106529666,0.008343134607587541,False,False,False,False
2023-07-24 00:00:00+01:00,1.112532615661621,1.114504098892212,1.1068804264068604,1.112532615661621,0,0.0,0.0,0.0084512694464276,0.0074991007284147945,0.0009521687180128061,0.008691481181553431,False,False,False,False
2023-07-25 00:00:00+01:00,1.1063170433044434,1.1088933944702148,1.1022076606750488,1.1063170433044434,0,0.0,0.0,0.007393831811386642,0.007478046945009164,-8.421513362252223e-05,0.009085970265524728,False,False,False,False
2023-07-26 00:00:00+01:00,1.1050456762313843,1.1086474657058716,1.1038380861282349,1.1050456762313843,0,0.0,0.0,0.006379675244641891,0.00725837260493571,-0.0008786973602938185,0.008949450084141322,False,False,False,False
2023-07-27 00:00:00+01:00,1.1078368425369263,1.115200161933899,1.0984907150268555,1.1078368425369263,0,0.0,0.0,0.005735062423336101,0.006953710568615789,-0.0012186481452796877,0.009370931557246618,False,False,False,False
2023-07-28 00:00:00+01:00,1.0978755950927734,1.1046794652938843,1.0947027206420898,1.0978755950927734,0,0.0,0.0,0.004370037625647916,0.0064369759800222155,-0.0020669383543743,0.009579658508300781,False,False,False,False
2023-07-31 00:00:00+01:00,1.1024264097213745,1.1045451164245605,1.100618600845337,1.1024264097213745,0,0.0,0.0,0.0036138007018129414,0.005872340924380361,-0.002258540222567419,0.009656923157828195,False,False,False,False
2023-08-01 00:00:00+01:00,1.0997591018676758,1.1002310514450073,1.095446228981018,1.0997591018676758,0,0.0,0.0,0.0027673477765552956,0.005251342294815348,-0.0024839945182600527,0.009298350129808699,False,False,False,False
2023-08-02 00:00:00+01:00,1.1007881164550781,1.1007033586502075,1.0919772386550903,1.1007881164550781,0,0.0,0.0,0.0021547223147182493,0.004632018298795928,-0.0024772959840776787,0.008620662348611014,False,False,False,False
2023-08-03 00:00:00+01:00,1.0944151878356934,1.0953983068466187,1.0913575887680054,1.0944151878356934,0,0.0,0.0,0.001141808090767249,0.003933976257190192,-0.0027921681664229434,0.008578172751835414,False,False,False,False
2023-08-04 00:00:00+01:00,1.095158338546753,1.1040940284729004,1.0936251878738403,1.095158338546753,0,0.0,0.0,0.00039448494535410106,0.0032260779948229744,-0.0028315930494688733,0.008999952248164586,False,False,False,False
2023-08-07 00:00:00+01:00,1.1002674102783203,1.1012003421783447,1.096611499786377,1.1002674102783203,0,0.0,0.0,0.0002120410812909146,0.0026232706121165628,-0.002411229530825648,0.009033901350838798,False,False,False,False
2023-08-08 00:00:00+01:00,1.100315809249878,1.1009820699691772,1.0930992364883423,1.100315809249878,0,0.0,0.0,7.054519599503095e-05,0.002112725528892256,-0.002042180332897225,0.00914383786065238,False,False,False,False
2023-08-09 00:00:00+01:00,1.0958904027938843,1.0994327068328857,1.0955902338027954,1.0958904027938843,0,0.0,0.0,-0.0003941412142847156,0.0016113521802568619,-0.0020054933945415775,0.00879197461264474,False,False,False,False
2023-08-10 00:00:00+01:00,1.0977671146392822,1.1058399677276611,1.096803903579712,1.0977671146392822,0,0.0,0.0,-0.0006040109188392151,0.0011682795604376465,-0.0017722904792768616,0.00881976740700858,True,False,False,False
2023-08-11 00:00:00+01:00,1.0981649160385132,1.1004369258880615,1.0951822996139526,1.0981649160385132,0,0.0,0.0,-0.0007298219897755587,0.0007886592503950056,-0.0015184812401705643,0.008650549820491247,False,False,False,False
2023-08-14 00:00:00+01:00,1.094439148902893,1.0960345268249512,1.087748646736145,1.094439148902893,0,0.0,0.0,-0.001117287050589777,0.00040746999019804914,-0.001524757040787826,0.008657072271619524,False,False,False,False
2023-08-15 00:00:00+01:00,1.0909883975982666,1.0949664115905762,1.0900845527648926,1.0909883975982666,0,0.0,0.0,-0.0016833975350658559,-1.0703514854731855e-05,-0.001672694020211124,0.00866224936076573,False,False,False,False
2023-08-16 00:00:00+01:00,1.0904173851013184,1.0934697389602661,1.0897756814956665,1.0904173851013184,0,0.0,0.0,-0.0021532982273884116,-0.00043922245736146783,-0.0017140757700269437,0.007732578686305455,False,False,False,False
2023-08-17 00:00:00+01:00,1.0874884128570557,1.0917268991470337,1.0862362384796143,1.0874884128570557,0,0.0,0.0,-0.0027305652368427857,-0.0008974910132577315,-0.0018330742235850542,0.0071866171700613836,False,False,False,False
2023-08-18 00:00:00+01:00,1.0874648094177246,1.089561939239502,1.0846457481384277,1.0874648094177246,0,0.0,0.0,-0.0031536053022385158,-0.0013487138710538884,-0.0018048914311846274,0.007061379296439034,False,False,False,False
2023-08-21 00:00:00+01:00,1.087559461593628,1.0913575887680054,1.0870628356933594,1.087559461593628,0,0.0,0.0,-0.003441557826026287,-0.0017672826620483682,-0.0016742751639779187,0.006869563034602574,False,False,False,False
2023-08-22 00:00:00+01:00,1.0898351669311523,1.093199610710144,1.0834001302719116,1.0898351669311523,0,0.0,0.0,-0.0034464038752766157,-0.002103106904694018,-0.0013432969705825977,0.006946231637682233,False,False,False,False
2023-08-23 00:00:00+01:00,1.0846692323684692,1.0870510339736938,1.0802985429763794,1.0846692323684692,0,0.0,0.0,-0.0038230227237034953,-0.0024470900684959137,-0.0013759326552075816,0.006953809942517962,False,False,False,False
2023-08-24 00:00:00+01:00,1.086578607559204,1.0876895189285278,1.081548810005188,1.086578607559204,0,0.0,0.0,-0.0039222124304898465,-0.0027421145408947005,-0.001180097889595146,0.006644657679966518,False,False,False,False
2023-08-25 00:00:00+01:00,1.07991361618042,1.0839755535125732,1.076669692993164,1.07991361618042,0,0.0,0.0,-0.004486907810120178,-0.003091073194739796,-0.0013958346153803815,0.006920865603855678,False,False,False,False
2023-08-28 00:00:00+01:00,1.0797386169433594,1.0821340084075928,1.0799369812011719,1.0797386169433594,0,0.0,0.0,-0.004892160165663073,-0.003451290588924452,-0.0014408695767386213,0.006516405514308384,False,False,False,False
2023-08-29 00:00:00+01:00,1.0825556516647339,1.0856702327728271,1.0783531665802002,1.0825556516647339,0,0.0,0.0,-0.004929193740914162,-0.003746871219322394,-0.0011823225215917676,0.006701511996132987,False,False,False,False
2023-08-30 00:00:00+01:00,1.0869210958480835,1.094546914100647,1.085611343383789,1.0869210958480835,0,0.0,0.0,-0.004553794940619582,-0.003908255963581832,-0.0006455389770377504,0.00684734753199986,True,False,False,False
2023-08-31 00:00:00+01:00,1.0932546854019165,1.0939722061157227,1.0837171077728271,1.0932546854019165,0,0.0,0.0,-0.0037025403612727104,-0.0038671128431200076,0.0001645724818472973,0.007204524108341762,False,False,False,False
2023-09-01 00:00:00+01:00,1.0844104290008545,1.0880801677703857,1.0785857439041138,1.0844104290008545,0,0.0,0.0,-0.003698933547780392,-0.0038334769840520848,0.0001345434362716928,0.00750828640801566,False,False,True,False
2023-09-04 00:00:00+01:00,1.07758629322052,1.080905795097351,1.0774004459381104,1.07758629322052,0,0.0,0.0,-0.004198330111734538,-0.003906447609588575,-0.0002918825021459631,0.007660295282091413,False,False,False,False
2023-09-05 00:00:00+01:00,1.0794472694396973,1.07991361618042,1.0707554817199707,1.0794472694396973,0,0.0,0.0,-0.0043932970647357905,-0.004003817500618019,-0.00038947956411777146,0.008050586496080672,False,False,False,False
2023-09-06 00:00:00+01:00,1.0726161003112793,1.0748181343078613,1.0705147981643677,1.0726161003112793,0,0.0,0.0,-0.005040919456223092,-0.004211237891739034,-0.0008296815644840581,0.008296430110931396,False,False,False,False
2023-09-07 00:00:00+01:00,1.0724204778671265,1.0734220743179321,1.068764328956604,1.0724204778671265,0,0.0,0.0,-0.005506474750440971,-0.0044702852634794215,-0.001036189486961549,0.008277969700949532,False,False,False,False
2023-09-08 00:00:00+01:00,1.0697818994522095,1.0742061138153076,1.0695072412490845,1.0697818994522095,0,0.0,0.0,-0.006018959088121445,-0.004780020028407826,-0.0012389390597136191,0.008306835378919328,False,False,False,False
2023-09-11 00:00:00+01:00,1.071811318397522,1.0756852626800537,1.0711455345153809,1.071811318397522,0,0.0,0.0,-0.0061899950597477105,-0.0050620150346758035,-0.001127980025071907,0.00802854129246303,False,False,False,False
2023-09-12 00:00:00+01:00,1.0750375986099243,1.0762641429901123,1.070617914199829,1.0750375986099243,0,0.0,0.0,-0.005996089264907356,-0.005248829880722115,-0.000747259384185241,0.007750655923570905,False,False,False,False
2023-09-13 00:00:00+01:00,1.075326681137085,1.0765421390533447,1.0717424154281616,1.075326681137085,0,0.0,0.0,-0.005752776554362571,-0.005349619215450207,-0.0004031573389123638,0.007654871259416852,False,False,False,False
2023-09-14 00:00:00+01:00,1.0734220743179321,1.0755001306533813,1.065507411956787,1.0734220743179321,0,0.0,0.0,-0.005648522677778711,-0.005409399907915909,-0.00023912276986280245,0.007660857268742153,False,False,False,False
2023-09-15 00:00:00+01:00,1.0637166500091553,1.068764328956604,1.0634677410125732,1.0637166500091553,0,0.0,0.0,-0.006276693543516787,-0.005582858635036084,-0.0006938349084807029,0.008213281631469727,False,False,False,False
2023-09-18 00:00:00+01:00,1.0668259859085083,1.0698162317276,1.0656323432922363,1.0668259859085083,0,0.0,0.0,-0.006449282742154949,-0.005756143456459857,-0.0006931392856950923,0.008126318454742432,False,False,False,False
2023-09-19 00:00:00+01:00,1.0692671537399292,1.071926236152649,1.0676347017288208,1.0692671537399292,0,0.0,0.0,-0.00631626906516658,-0.005868168578201201,-0.0004481004869653785,0.007634103298187256,False,False,False,False
2023-09-20 00:00:00+01:00,1.0682048797607422,1.0726966857910156,1.0675777196884155,1.0682048797607422,0,0.0,0.0,-0.006224815600735623,-0.005939497982708086,-0.0002853176180275365,0.0072672367095947266,False,False,False,False
2023-09-21 00:00:00+01:00,1.065303087234497,1.0673611164093018,1.0619093179702759,1.065303087234497,0,0.0,0.0,-0.006313707981400629,-0.006014339982446595,-0.0002993679989540341,0.0066691381590706965,False,False,False,False
2023-09-22 00:00:00+01:00,1.0661548376083374,1.0671560764312744,1.0615260601043701,1.0661548376083374,0,0.0,0.0,-0.0062434560221120705,-0.006060163190379691,-0.00018329283173237985,0.0065705691065107074,False,False,False,False
2023-09-25 00:00:00+01:00,1.0648492574691772,1.0655415058135986,1.0577309131622314,1.0648492574691772,0,0.0,0.0,-0.006221413660299158,-0.006092413284363584,-0.00012900037593557324,0.006518125534057617,False,False,False,False
2023-09-26 00:00:00+01:00,1.0591648817062378,1.060895323753357,1.0568143129348755,1.0591648817062378,0,0.0,0.0,-0.0065866991794518714,-0.006191270463381242,-0.0003954287160706296,0.006454016481127057,False,False,False,False
2023-09-27 00:00:00+01:00,1.0569483041763306,1.057373046875,1.0509058237075806,1.0569483041763306,0,0.0,0.0,-0.006974650438388075,-0.006347946458382609,-0.0006267039800054658,0.006711253098079136,False,False,False,False
2023-09-28 00:00:00+01:00,1.0505305528640747,1.0578652620315552,1.049185872077942,1.0505305528640747,0,0.0,0.0,-0.00771107502869306,-0.0066205721724447,-0.0010905028562483597,0.006995575768607003,False,False,False,False
2023-09-29 00:00:00+01:00,1.0562450885772705,1.0617965459823608,1.0558546781539917,1.0562450885772705,0,0.0,0.0,-0.007744309963877205,-0.006845319730731201,-0.0008989902331460039,0.007378620760781425,False,False,False,False
2023-10-02 00:00:00+01:00,1.0565240383148193,1.0590976476669312,1.0492738485336304,1.0565240383148193,0,0.0,0.0,-0.007659842085440571,-0.007008224201673076,-0.0006516178837674951,0.007677018642425537,False,False,False,False
2023-10-03 00:00:00+01:00,1.0480751991271973,1.049428105354309,1.0449867248535156,1.0480751991271973,0,0.0,0.0,-0.008180353374163118,-0.007242650036171085,-0.0009377033379920335,0.008158275059291295,False,True,False,False
2023-10-04 00:00:00+01:00,1.0472300052642822,1.0532413721084595,1.045369029045105,1.0472300052642822,0,0.0,0.0,-0.008562360835883132,-0.007506592196113495,-0.001055768639769637,0.008006819656917028,False,False,False,True
2023-10-05 00:00:00+01:00,1.0507071018218994,1.0536853075027466,1.0500892400741577,1.0507071018218994,0,0.0,0.0,-0.008486702445615668,-0.00770261424601393,-0.0007840881996017384,0.0077568888664245605,False,False,False,False
2023-10-06 00:00:00+01:00,1.0546631813049316,1.0598160028457642,1.0483938455581665,1.0546631813049316,0,0.0,0.0,-0.00801512668313431,-0.007765116733438006,-0.00025000994969630406,0.008137072835649763,False,False,False,False
2023-10-09 00:00:00+01:00,1.056747317314148,1.0576413869857788,1.0521442890167236,1.056747317314148,0,0.0,0.0,-0.007388062154151553,-0.0076897058175807165,0.00030164366342916304,0.008165419101715088,False,False,False,False
2023-10-10 00:00:00+01:00,1.0578875541687012,1.061954379081726,1.0555983781814575,1.0578875541687012,0,0.0,0.0,-0.006721618775193283,-0.00749608840910323,0.000774469633909947,0.008253778730119978,False,False,False,False
2023-10-11 00:00:00+01:00,1.0604791641235352,1.063354730606079,1.0592771768569946,1.0604791641235352,0,0.0,0.0,-0.005916138766504986,-0.007180098480583582,0.001263959714078596,0.008194608347756522,False,False,False,False
2023-10-12 00:00:00+01:00,1.0624282360076904,1.0639089345932007,1.0545964241027832,1.0624282360076904,0,0.0,0.0,-0.0050621627829958715,-0.006756511341066041,0.001694348558070169,0.008457643645150321,False,False,False,False
2023-10-13 00:00:00+01:00,1.0536741018295288,1.0558546781539917,1.0496152639389038,1.0536741018295288,0,0.0,0.0,-0.005033740305478984,-0.006411957133948629,0.0013782168284696451,0.008771147046770369,False,False,False,False
2023-10-16 00:00:00+01:00,1.0521553754806519,1.055464744567871,1.0516352653503418,1.0521553754806519,0,0.0,0.0,-0.005075259380206809,-0.006144617583200266,0.0010693582029934565,0.008470756667000907,False,False,False,False
2023-10-17 00:00:00+01:00,1.0554312467575073,1.0595004558563232,1.0533411502838135,1.0554312467575073,0,0.0,0.0,-0.0047886277912536634,-0.0058734196248109456,0.001084791833557282,0.008405472551073347,False,False,False,False
2023-10-18 00:00:00+01:00,1.057305932044983,1.0595465898513794,1.0527091026306152,1.057305932044983,0,0.0,0.0,-0.00435994008134899,-0.005570723716118555,0.001210783634769565,0.008273908070155553,False,False,False,False
2023-10-19 00:00:00+01:00,1.053851842880249,1.0585371255874634,1.0528864860534668,1.053851842880249,0,0.0,0.0,-0.0042499275915011125,-0.005306564491195066,0.0010566368996939536,0.007872811385563441,False,False,False,False
2023-10-20 00:00:00+01:00,1.0586491823196411,1.0601080656051636,1.056579828262329,1.0586491823196411,0,0.0,0.0,-0.00373260950210752,-0.004991773493377557,0.0012591639912700372,0.00761798449925014,False,False,False,False
2023-10-23 00:00:00+01:00,1.0589966773986816,1.064736008644104,1.057183027267456,1.0589966773986816,0,0.0,0.0,-0.003257046041124978,-0.004644828002927042,0.0013877819618020636,0.007333389350346157,False,False,False,False
2023-10-24 00:00:00+01:00,1.0669853687286377,1.0690499544143677,1.0584250688552856,1.0669853687286377,0,0.0,0.0,-0.0022100617300895298,-0.004157874748359539,0.0019478130182700093,0.007529999528612409,True,False,False,False
2023-10-25 00:00:00+01:00,1.059535264968872,1.0606703758239746,1.0566803216934204,1.059535264968872,0,0.0,0.0,-0.0019588992594865573,-0.0037180796505849427,0.0017591803910983854,0.007804981299809047,False,False,False,False
2023-10-26 00:00:00+01:00,1.056725025177002,1.0569707155227661,1.0526316165924072,1.056725025177002,0,0.0,0.0,-0.001963974580622141,-0.0033672586365923827,0.0014032840559702418,0.0074822306632995605,False,False,False,False
2023-10-27 00:00:00+01:00,1.0564459562301636,1.0597710609436035,1.053629755973816,1.0564459562301636,0,0.0,0.0,-0.0019678314054121238,-0.003087373190356331,0.0011195417849442072,0.007528245449066162,False,False,False,False
2023-10-30 00:00:00+00:00,1.0562450885772705,1.0625998973846436,1.054841160774231,1.0562450885772705,0,0.0,0.0,-0.0019644513355447923,-0.0028627888193940233,0.000898337483849231,0.007628440856933594,False,False,False,False
2023-10-31 00:00:00+00:00,1.061503529548645,1.0669056177139282,1.0567585229873657,1.061503529548645,0,0.0,0.0,-0.0015199394502054542,-0.00259421894555631,0.0010742794953508559,0.007999394621167864,False,False,False,False
2023-11-01 00:00:00+00:00,1.0579099655151367,1.0580778121948242,1.0522881746292114,1.0579099655151367,0,0.0,0.0,-0.0014410199820260594,-0.00236357915285026,0.0009225591708242006,0.007992454937526159,False,True,False,False
2023-11-02 00:00:00+00:00,1.05870521068573,1.067008137702942,1.0584250688552856,1.05870521068573,0,0.0,0.0,-0.0012993282485387336,-0.0021507289719879547,0.0008514007234492211,0.007727112088884626,False,False,False,False
2023-11-03 00:00:00+00:00,1.0619093179702759,1.0736998319625854,1.0615485906600952,1.0619093179702759,0,0.0,0.0,-0.0009179107452041979,-0.0019041653266312034,0.0009862545814270055,0.008524622235979353,False,False,False,False
2023-11-06 00:00:00+00:00,1.0732147693634033,1.075700283050537,1.0723400115966797,1.0732147693634033,0,0.0,0.0,0.00029324052375701015,-0.0014646841565535606,0.0017579246803105708,0.008985042572021484,False,False,False,False
2023-11-07 00:00:00+00:00,1.0721560716629028,1.0721560716629028,1.0664732456207275,1.0721560716629028,0,0.0,0.0,0.0011543519233447874,-0.0009408769405738911,0.0020952288639186785,0.008978188037872314,False,False,False,False
2023-11-08 00:00:00+00:00,1.0696102380752563,1.071604609489441,1.0660640001296997,1.0696102380752563,0,0.0,0.0,0.0016127704040831414,-0.0004301474716424846,0.002042917875725626,0.009009718894958496,False,False,False,False
2023-11-09 00:00:00+00:00,1.0710422992706299,1.0728002786636353,1.0681477785110474,1.0710422992706299,0,0.0,0.0,0.0020677895324512363,6.943992917625961e-05,0.001998349603274977,0.00889516728264945,False,False,False,False
2023-11-10 00:00:00+00:00,1.0667576789855957,1.0692557096481323,1.0657685995101929,1.0667576789855957,0,0.0,0.0,0.002058928376298619,0.00046733761860073147,0.0015915907576978874,0.008732361452920097,False,False,False,False
2023-11-13 00:00:00+00:00,1.069015622138977,1.0705492496490479,1.0665528774261475,1.069015622138977,0,0.0,0.0,0.00220864312515201,0.0008155987199109872,0.0013930444052410228,0.008258896214621407,False,False,False,False
2023-11-14 00:00:00+00:00,1.0701825618743896,1.08672034740448,1.0693585872650146,1.0701825618743896,0,0.0,0.0,0.002393860492746258,0.0011312510744780414,0.0012626094182682168,0.00878744465964181,False,False,False,False
2023-11-15 00:00:00+00:00,1.0878314971923828,1.0887316465377808,1.0832945108413696,1.0878314971923828,0,0.0,0.0,0.003919585629558853,0.0016889179854942037,0.0022306676440646492,0.009619261537279402,False,False,False,False
2023-11-16 00:00:00+00:00,1.0854581594467163,1.0893957614898682,1.0830950736999512,1.0854581594467163,0,0.0,0.0,0.004880960596016282,0.0023273265075986196,0.002553634088417662,0.009630646024431502,False,False,False,False
2023-11-17 00:00:00+00:00,1.0853756666183472,1.089229702949524,1.0825204849243164,1.0853756666183472,0,0.0,0.0,0.0055719704940147,0.0029762553048818356,0.002595715189132864,0.009555680411202567,False,False,False,False
2023-11-20 00:00:00+00:00,1.090702772140503,1.0945110321044922,1.0897995233535767,1.090702772140503,0,0.0,0.0,0.006474816062658206,0.00367596745643711,0.0027988486062210964,0.00944674015045166,False,False,False,False
2023-11-21 00:00:00+00:00,1.0945948362350464,1.0967316627502441,1.0922993421554565,1.0945948362350464,0,0.0,0.0,0.007418864671699499,0.004424546899489588,0.0029943177722099104,0.009219135556902205,False,False,False,False
2023-11-22 00:00:00+00:00,1.0918222665786743,1.0922515392303467,1.0854581594467163,1.0918222665786743,0,0.0,0.0,0.00785278478116136,0.005110194475823943,0.0027425903053374164,0.009221885885511125,False,False,False,False
2023-11-23 00:00:00+00:00,1.0890873670578003,1.0927051305770874,1.0888028144836426,1.0890873670578003,0,0.0,0.0,0.007885091631283592,0.005665173906915873,0.0022199177243677187,0.008429578372410365,False,False,False,False
2023-11-24 00:00:00+00:00,1.0906314849853516,1.0944151878356934,1.089561939239502,1.0906314849853516,0,0.0,0.0,0.00794372217040018,0.006120883559612735,0.0018228386107874452,0.007825068065098353,False,False,False,False
2023-11-27 00:00:00+00:00,1.0940439701080322,1.0959264039993286,1.0925856828689575,1.0940439701080322,0,0.0,0.0,0.008171352065017068,0.006530977260693602,0.0016403748043234655,0.007721739155905587,False,False,False,False
2023-11-28 00:00:00+00:00,1.0958423614501953,1.1007153987884521,1.0935057401657104,1.0958423614501953,0,0.0,0.0,0.008400035171399312,0.006904788842834745,0.0014952463285645666,0.007801566805158343,False,False,False,False
2023-11-29 00:00:00+00:00,1.100594401359558,1.1016855239868164,1.096118688583374,1.100594401359558,0,0.0,0.0,0.00886255605752928,0.007296342285773653,0.0015662137717556276,0.007886614118303572,True,False,False,False
2023-11-30 00:00:00+00:00,1.0973695516586304,1.098538875579834,1.0894907712936401,1.0973695516586304,0,0.0,0.0,0.008866679213739292,0.007610409671366781,0.0012562695423725114,0.00830303771155221,False,False,True,False
2023-12-01 00:00:00+00:00,1.0892059803009033,1.0913456678390503,1.0831537246704102,1.0892059803009033,0,0.0,0.0,0.008117639763842943,0.007711855689862014,0.0004057840739809292,0.009032998766217912,False,False,False,False
2023-12-04 00:00:00+00:00,1.088814616203308,1.0887316465377808,1.0805671215057373,1.088814616203308,0,0.0,0.0,0.007407056850710303,0.007650895922031672,-0.00024383907132136898,0.008385436875479562,False,False,False,False
2023-12-05 00:00:00+00:00,1.0837758779525757,1.0848339796066284,1.078260064125061,1.0837758779525757,0,0.0,0.0,0.0063639708121498995,0.0073935109000553174,-0.001029540087905418,0.007814398833683558,False,False,False,False
2023-12-06 00:00:00+00:00,1.0793657302856445,1.0803686380386353,1.0773192644119263,1.0793657302856445,0,0.0,0.0,0.005122407625463676,0.00693929024513699,-0.0018168826196733132,0.007825536387307304,False,False,False,False
2023-12-07 00:00:00+00:00,1.076669692993164,1.0796804428100586,1.0757662057876587,1.076669692993164,0,0.0,0.0,0.003876229417400845,0.0063266780795897615,-0.0024504486621889166,0.007625894887106759,False,False,False,False
2023-12-08 00:00:00+00:00,1.079214334487915,1.0800535678863525,1.0731456279754639,1.079214334487915,0,0.0,0.0,0.003058696759184798,0.005673081815508769,-0.002614385056323971,0.007466793060302734,False,True,False,False
2023-12-11 00:00:00+00:00,1.0765769481658936,1.077934741973877,1.0743216276168823,1.0765769481658936,0,0.0,0.0,0.0021729329840773914,0.004973052049222494,-0.002800119065145102,0.007385637078966413,False,False,False,False
2023-12-12 00:00:00+00:00,1.076658010482788,1.0822042226791382,1.0761829614639282,1.076658010482788,0,0.0,0.0,0.001460662256961065,0.004270574090770208,-0.0028099118338091433,0.007163107395172119,False,False,False,False
2023-12-13 00:00:00+00:00,1.0798670053482056,1.0808240175247192,1.0774004459381104,1.0798670053482056,0,0.0,0.0,0.0011419578616529424,0.003644850844946755,-0.0025028929832938127,0.007181942462921143,False,False,False,True
2023-12-14 00:00:00+00:00,1.0886130332946777,1.1004126071929932,1.088020920753479,1.0886130332946777,0,0.0,0.0,0.0015769357600712297,0.0032312678279716503,-0.0016543320679004206,0.00826892682484218,False,False,False,False
2023-12-15 00:00:00+00:00,1.0993602275848389,1.100594401359558,1.0902271270751953,1.0993602275848389,0,0.0,0.0,0.002757085672177695,0.0031364313968128593,-0.0003793457246351645,0.008746530328478132,False,False,False,False
2023-12-18 00:00:00+00:00,1.0895264148712158,1.0930036306381226,1.0894551277160645,1.0895264148712158,0,0.0,0.0,0.0028658210771894677,0.0030823093328881815,-0.00021648825569871386,0.008939061846051897,False,False,False,False
2023-12-19 00:00:00+00:00,1.092382788658142,1.098799705505371,1.091607689857483,1.092382788658142,0,0.0,0.0,0.0031462125817574016,0.003095089982662026,5.112259909537554e-05,0.009184070995875768,False,False,False,False
2023-12-20 00:00:00+00:00,1.0981045961380005,1.09797203540802,1.0935654640197754,1.0981045961380005,0,0.0,0.0,0.003786478743766475,0.003233367734882916,0.000553111008883559,0.008790186473301478,False,False,False,False
2023-12-21 00:00:00+00:00,1.0945708751678467,1.099976897239685,1.0936251878738403,1.0945708751678467,0,0.0,0.0,0.003963068750641563,0.0033793079380346454,0.0005837608126069175,0.008228463785988944,False,False,False,False
2023-12-22 00:00:00+00:00,1.100618600845337,1.1040574312210083,1.0994206666946411,1.100618600845337,0,0.0,0.0,0.00453869922317085,0.0036111861950618865,0.0009275130281089635,0.008289013590131487,False,False,False,False
2023-12-25 00:00:00+00:00,1.102657437324524,1.1042402982711792,1.0999890565872192,1.102657437324524,0,0.0,0.0,0.005100610916817683,0.003909071139413045,0.0011915397774046373,0.007838777133396693,False,False,False,False
2023-12-26 00:00:00+00:00,1.1020255088806152,1.1039965152740479,1.1009578704833984,1.1020255088806152,0,0.0,0.0,0.0054323182548696725,0.004213720562504371,0.0012185976923653015,0.007594636508396694,False,False,False,False
2023-12-27 00:00:00+00:00,1.1043012142181396,1.1122480630874634,1.1029249429702759,1.1043012142181396,0,0.0,0.0,0.005811833908418107,0.004533343231687119,0.0012784906767309883,0.008045230593000139,False,False,False,False
2023-12-28 00:00:00+00:00,1.110864281654358,1.113945484161377,1.1071009635925293,1.110864281654358,0,0.0,0.0,0.006566493046042732,0.004939973194558241,0.0016265198514844904,0.0082406827381679,True,False,False,False
2023-12-29 00:00:00+00:00,1.1068191528320312,1.1086474657058716,1.1043256521224976,1.1068191528320312,0,0.0,0.0,0.006760230036462644,0.005304024562939122,0.0014562054735235228,0.008358248642512731,False,False,True,False
2024-01-01 00:00:00+00:00,1.1055831909179688,1.1053388118743896,1.1039965152740479,1.1055831909179688,0,0.0,0.0,0.006736383365881116,0.005590496323527521,0.0011458870423535945,0.008129775524139404,False,False,False,False
2024-01-02 00:00:00+00:00,1.1038745641708374,1.1046061515808105,1.0941996574401855,1.1038745641708374,0,0.0,0.0,0.006504631466185851,0.005773323352059188,0.0007313081141266629,0.008645313126700265,False,False,False,False
2024-01-03 00:00:00+00:00,1.0941756963729858,1.0967004299163818,1.0898706912994385,1.0941756963729858,0,0.0,0.0,0.005475233755015463,0.005713705432650443,-0.0002384716776349799,0.008178046771458216,False,False,False,False
2024-01-04 00:00:00+00:00,1.0927767753601074,1.0970205068588257,1.0917030572891235,1.0927767753601074,0,0.0,0.0,0.004494734911845599,0.005469911328489474,-0.0009751764166438751,0.007702052593231201,False,False,False,False
2024-01-05 00:00:00+00:00,1.0947387218475342,1.0996382236480713,1.0879853963851929,1.0947387218475342,0,0.0,0.0,0.0038318243139223718,0.005142293925576054,-0.0013104696116536824,0.00782689026423863,False,False,False,False
2024-01-08 00:00:00+00:00,1.0942236185073853,1.0978153944015503,1.092454433441162,1.0942236185073853,0,0.0,0.0,0.0032276915355500257,0.004759373447570848,-0.0015316819120208226,0.007547438144683838,False,False,False,False
2024-01-09 00:00:00+00:00,1.095170259475708,1.0967316627502441,1.0912623405456543,1.095170259475708,0,0.0,0.0,0.002793100843009766,0.004366118926658632,-0.0015730180836488663,0.007538872105734689,False,False,False,False
2024-01-10 00:00:00+00:00,1.0932426452636719,1.0969723463058472,1.0923351049423218,1.0932426452636719,0,0.0,0.0,0.0022670095559509384,0.003946297052517094,-0.0016792874965661552,0.007416410105569022,False,False,False,False
2024-01-11 00:00:00+00:00,1.0975141525268555,1.0991426706314087,1.0931470394134521,1.0975141525268555,0,0.0,0.0,0.0021697419240540583,0.0035909860268244866,-0.0014212441027704283,0.007167058331625802,False,False,False,False
2024-01-12 00:00:00+00:00,1.0981649160385132,1.098659634590149,1.0937089920043945,1.0981649160385132,0,0.0,0.0,0.002120721445018736,0.0032969331104633365,-0.0011762116654446004,0.007217015538896833,False,False,False,False
2024-01-15 00:00:00+00:00,1.0945708751678467,1.0958904027938843,1.0934100151062012,1.0945708751678467,0,0.0,0.0,0.0017714432060060847,0.0029918351295718866,-0.0012203919235658019,0.007339605263301304,False,False,False,False
2024-01-16 00:00:00+00:00,1.0945708751678467,1.094666838645935,1.086708426475525,1.0945708751678467,0,0.0,0.0,0.001477604777081476,0.0026889890590738046,-0.0012113842819923286,0.0071778808321271625,False,False,False,False
2024-01-17 00:00:00+00:00,1.087878942489624,1.0884946584701538,1.0845398902893066,1.087878942489624,0,0.0,0.0,0.0006967212954496205,0.0022905355063489678,-0.0015938142108993473,0.007205503327505929,False,False,False,False
2024-01-18 00:00:00+00:00,1.0885775089263916,1.0907504558563232,1.084869384765625,1.0885775089263916,0,0.0,0.0,0.00013270425157174692,0.0018589692553935236,-0.0017262650038217767,0.007158534867422921,False,False,False,False
2024-01-19 00:00:00+00:00,1.0879143476486206,1.0892653465270996,1.0868265628814697,1.0879143476486206,0,0.0,0.0,-0.0003636034972895885,0.0014144547048569012,-0.0017780582021464898,0.007131116730826241,False,False,False,False
2024-01-22 00:00:00+00:00,1.089229702949524,1.0909883975982666,1.0880327224731445,1.089229702949524,0,0.0,0.0,-0.0006433763420825578,0.0010028884954690093,-0.001646264837551567,0.006537582193102155,False,False,False,False
2024-01-23 00:00:00+00:00,1.088020920753479,1.0918222665786743,1.0824267864227295,1.088020920753479,0,0.0,0.0,-0.0009516667364954934,0.0006119774490761089,-0.0015636441855716022,0.006208411284855434,False,False,False,False
2024-01-24 00:00:00+00:00,1.0857881307601929,1.0931470394134521,1.0851871967315674,1.0857881307601929,0,0.0,0.0,-0.001360473891280689,0.00021748718100474926,-0.0015779610722854384,0.006397153650011335,False,False,False,False
2024-01-25 00:00:00+00:00,1.088174819946289,1.0900371074676514,1.0826143026351929,1.088174819946289,0,0.0,0.0,-0.0014748692610533354,-0.00012098410740686767,-0.0013538851536464677,0.006095009190695626,False,False,False,False
2024-01-26 00:00:00+00:00,1.0847046375274658,1.0883287191390991,1.0813382863998413,1.0847046375274658,0,0.0,0.0,-0.0018245113048431794,-0.00046168954689413,-0.0013628217579490494,0.006211400032043457,False,False,False,False
2024-01-29 00:00:00+00:00,1.0843517780303955,1.084975242614746,1.079715371131897,1.0843517780303955,0,0.0,0.0,-0.002105803563364095,-0.000790512350188123,-0.0013152912131759718,0.006196439266204834,False,False,False,False
2024-01-30 00:00:00+00:00,1.0834470987319946,1.085564136505127,1.0812681913375854,1.0834470987319946,0,0.0,0.0,-0.0023743596237488784,-0.0011072818049002741,-0.0012670778188486043,0.006172060966491699,False,False,False,False
2024-01-31 00:00:00+00:00,1.08433997631073,1.088565707206726,1.0807656049728394,1.08433997631073,0,0.0,0.0,-0.0024864818627978735,-0.001383121816479794,-0.0011033600463180794,0.006300951753343854,False,False,False,False
2024-02-01 00:00:00+00:00,1.0803920030593872,1.086555004119873,1.078027606010437,1.0803920030593872,0,0.0,0.0,-0.0028609289833816387,-0.0016786832498601632,-0.0011822457335214755,0.006556434290749686,False,False,False,False
2024-02-02 00:00:00+00:00,1.0874648094177246,1.0897995233535767,1.0783065557479858,1.0874648094177246,0,0.0,0.0,-0.0025574835822237407,-0.001854443316332879,-0.0007030402658908617,0.007037724767412458,False,False,False,False
2024-02-05 00:00:00+00:00,1.0780043601989746,1.0787487030029297,1.072466492652893,1.0780043601989746,0,0.0,0.0,-0.003045276056518942,-0.0020926098643700916,-0.0009526661921488502,0.0075405750955854145,False,False,False,False
2024-02-06 00:00:00+00:00,1.0741831064224243,1.076310396194458,1.0724550485610962,1.0741831064224243,0,0.0,0.0,-0.0036975750079393244,-0.0024136028930839383,-0.001283972114855386,0.007220455578395298,False,False,False,False
2024-02-07 00:00:00+00:00,1.075719952583313,1.0784345865249634,1.0756388902664185,1.075719952583313,0,0.0,0.0,-0.004043900418492008,-0.0027396623981655525,-0.0013042380203264555,0.007104056222098214,False,False,False,False
2024-02-08 00:00:00+00:00,1.077574610710144,1.0789813995361328,1.074310064315796,1.077574610710144,0,0.0,0.0,-0.0041212037195652584,-0.003015970662445494,-0.0011052330571197644,0.007263524191720145,False,False,False,False
2024-02-09 00:00:00+00:00,1.0777255296707153,1.0794472694396973,1.0763914585113525,1.0777255296707153,0,0.0,0.0,-0.004122764580023697,-0.003237329445961135,-0.0008854351340625618,0.00726222140448434,False,False,False,False
2024-02-12 00:00:00+00:00,1.0798202753067017,1.0805437564849854,1.0757662057876587,1.0798202753067017,0,0.0,0.0,-0.0039099021882811336,-0.003371843994425135,-0.0005380581938559986,0.0069323693002973285,False,False,False,False
2024-02-13 00:00:00+00:00,1.0772264003753662,1.079563856124878,1.0702054500579834,1.0772264003753662,0,0.0,0.0,-0.003905491167184305,-0.003478573428976969,-0.00042691773820733615,0.007050582340785435,False,False,False,False
2024-02-14 00:00:00+00:00,1.0708931684494019,1.0734450817108154,1.069553017616272,1.0708931684494019,0,0.0,0.0,-0.004362743299539673,-0.00365540740308951,-0.0007073358964501631,0.007068480764116559,False,True,False,False
2024-02-15 00:00:00+00:00,1.0732147693634033,1.0786322355270386,1.072524070739746,1.0732147693634033,0,0.0,0.0,-0.004486072466512558,-0.0038215404157741196,-0.0006645320507384389,0.007121954645429339,False,False,False,True
2024-02-16 00:00:00+00:00,1.0773887634277344,1.0780508518218994,1.0734450817108154,1.0773887634277344,0,0.0,0.0,-0.0041986063618124625,-0.0038969536049817885,-0.000301652756830674,0.007091684000832694,False,False,False,False
2024-02-19 00:00:00+00:00,1.0784461498260498,1.0789813995361328,1.0762988328933716,1.0784927606582642,0,0.0,0.0,-0.0038374681091213336,-0.0038850565058096975,4.75883966883639e-05,0.006976442677634103,False,False,False,False
2024-02-20 00:00:00+00:00,1.0775396823883057,1.0838581323623657,1.0762524604797363,1.0775396823883057,0,0.0,0.0,-0.0035868222391277627,-0.0038254096524733107,0.00023858741334554807,0.006962554795401437,False,False,False,False
2024-02-21 00:00:00+00:00,1.0813149213790894,1.0822510719299316,1.0791910886764526,1.0813149213790894,0,0.0,0.0,-0.0030484131367154443,-0.0036700103493217374,0.000621597212606293,0.006689982754843575,False,False,False,False
2024-02-22 00:00:00+00:00,1.0820403099060059,1.0886249542236328,1.0805087089538574,1.0820403099060059,0,0.0,0.0,-0.0025339771410917145,-0.0034428037076757326,0.0009088265665840181,0.006448788302285331,True,False,False,False
2024-02-23 00:00:00+00:00,1.0825674533843994,1.0839403867721558,1.0813733339309692,1.0825674533843994,0,0.0,0.0,-0.0020600004323854115,-0.003166243052617669,0.0011062426202322574,0.005560840879167829,False,False,False,False
2024-02-26 00:00:00+00:00,1.081958293914795,1.0859060287475586,1.0813382863998413,1.0820051431655884,0,0.0,0.0,-0.001710032026410957,-0.002875000847376327,0.00116496882096537,0.0054907287870134625,False,False,False,False
2024-02-27 00:00:00+00:00,1.0850930213928223,1.0866140127182007,1.0833649635314941,1.0850930213928223,0,0.0,0.0,-0.001170026242618416,-0.002534005926424745,0.0013639796838063288,0.005516256604875837,False,False,False,False
2024-02-28 00:00:00+00:00,1.084481120109558,1.0847163200378418,1.0798670053482056,1.084481120109558,0,0.0,0.0,-0.0007824237936668865,-0.0021836894998731736,0.001401265706206287,0.0055558766637529644,False,False,False,False
2024-02-29 00:00:00+00:00,1.0838816165924072,1.085587739944458,1.0805671215057373,1.0838816165924072,0,0.0,0.0,-0.0005176537932221059,-0.0018504823585429602,0.0013328285653208542,0.005696220057351249,False,False,False,False
2024-03-01 00:00:00+00:00,1.0804970264434814,1.0841518640518188,1.079925298690796,1.0804970264434814,0,0.0,0.0,-0.0005743095165118284,-0.0015952477901367338,0.0010209382736249054,0.005656863961900983,False,False,False,False
2024-03-04 00:00:00+00:00,1.084269404411316,1.0866494178771973,1.0838581323623657,1.084269404411316,0,0.0,0.0,-0.0003112226297290466,-0.0013384427580551965,0.00102722012832615,0.0054095472608293805,False,False,False,False
2024-03-05 00:00:00+00:00,1.0855170488357544,1.0875357389450073,1.084269404411316,1.0855170488357544,0,0.0,0.0,-2.026537796240291e-06,-0.0010711595140034053,0.001069132976207165,0.0050947581018720356,False,False,False,False
2024-03-06 00:00:00+00:00,1.0855995416641235,1.0914051532745361,1.084293007850647,1.0855995416641235,0,0.0,0.0,0.0002468248315112831,-0.0008075626449004676,0.0010543874764117507,0.00504997798374721,False,False,False,False
2024-03-07 00:00:00+00:00,1.089953899383545,1.0940918922424316,1.086932897567749,1.089953899383545,0,0.0,0.0,0.0007863372058061202,-0.00048878267475915,0.0012751198805652703,0.0053111399923052105,False,False,False,False
2024-03-08 00:00:00+00:00,1.0950144529342651,1.0978032350540161,1.0927051305770874,1.0950144529342651,0,0.0,0.0,0.001603761859731767,-7.027376786096663e-05,0.0016740356275927338,0.005680194922855922,True,False,False,False
2024-03-11 00:00:00+00:00,1.0942955017089844,1.09505033493042,1.0914647579193115,1.0942955017089844,0,0.0,0.0,0.002168565557973512,0.0003774940973059291,0.0017910714606675828,0.005393045289175851,False,False,False,False
2024-03-12 00:00:00+00:00,1.093135118484497,1.0942115783691406,1.0903223752975464,1.093135118484497,0,0.0,0.0,0.0024937963970019794,0.0008007545572451392,0.0016930418397568402,0.005340312208448138,False,False,False,False
2024-03-13 00:00:00+00:00,1.0927767753601074,1.0949305295944214,1.0920488834381104,1.0927767753601074,0,0.0,0.0,0.002691601774955865,0.0011789240007872845,0.0015126777741685806,0.0049664122717721125,False,False,False,False
2024-03-14 00:00:00+00:00,1.0955302715301514,1.0954701900482178,1.0884116888046265,1.0955302715301514,0,0.0,0.0,0.003035556090051683,0.0015502504186401644,0.0014853056714115187,0.005287230014801025,False,False,True,False
2024-03-15 00:00:00+00:00,1.0883406400680542,1.0901559591293335,1.0873819589614868,1.0883406400680542,0,0.0,0.0,0.0026969108802297193,0.0017795825109580754,0.0009173283692716439,0.005542985030582973,False,False,False,False
2024-03-18 00:00:00+00:00,1.0882576704025269,1.0907504558563232,1.0880801677703857,1.0882576704025269,0,0.0,0.0,0.0023942378692420885,0.001902513582614878,0.0004917242866272105,0.005404514925820487,False,False,False,False
2024-03-19 00:00:00+00:00,1.087393879890442,1.0877841711044312,1.0835057497024536,1.087393879890442,0,0.0,0.0,0.0020609097671422383,0.0019341928195203502,0.0001267169476218881,0.005370650972638812,False,False,False,False
2024-03-20 00:00:00+00:00,1.0863306522369385,1.0874292850494385,1.0836936235427856,1.0863306522369385,0,0.0,0.0,0.00169145323881148,0.0018856449033785763,-0.00019419166456709626,0.005278868334633964,False,False,False,False
2024-03-21 00:00:00+00:00,1.0937210321426392,1.0944511890411377,1.0856467485427856,1.0937210321426392,0,0.0,0.0,0.0019722631508154453,0.0019029685528659502,6.929459794949517e-05,0.005605859415871757,False,False,False,False
2024-03-22 00:00:00+00:00,1.0862362384796143,1.08695650100708,1.080905795097351,1.0862362384796143,0,0.0,0.0,0.0015727174261237487,0.00183691832751751,-0.0002642009013937613,0.006081776959555489,False,False,False,False
2024-03-25 00:00:00+00:00,1.0807539224624634,1.0843634605407715,1.080263614654541,1.0807539224624634,0,0.0,0.0,0.0008044245700695729,0.0016304195760279225,-0.0008259950059583496,0.006275083337511335,False,False,False,False
2024-03-26 00:00:00+00:00,1.0838228464126587,1.0864133834838867,1.082602620124817,1.0838228464126587,0,0.0,0.0,0.00043813293733530045,0.0013919622482893982,-0.0009538293109540978,0.006171320165906634,False,False,False,False
2024-03-27 00:00:00+00:00,1.0832358598709106,1.0839285850524902,1.081174612045288,1.0832358598709106,0,0.0,0.0,9.933420821806038e-05,0.0011334366402751307,-0.0010341024320570703,0.00576143605368478,False,False,False,False
2024-03-28 00:00:00+00:00,1.0813382863998413,1.0828369855880737,1.0775513648986816,1.0813382863998413,0,0.0,0.0,-0.0003186117875939587,0.0008430269547013129,-0.0011616387422952717,0.005606804575238909,False,False,False,False
2024-03-29 00:00:00+00:00,1.0794472694396973,1.0807305574417114,1.0768898725509644,1.0794472694396973,0,0.0,0.0,-0.00079328180634608,0.0005157652024918343,-0.0013090470088379144,0.005668435777936663,False,False,False,False
2024-04-01 00:00:00+01:00,1.0792726278305054,1.0801469087600708,1.0731571912765503,1.0792726278305054,0,0.0,0.0,-0.0011700655470547883,0.00017859905258250984,-0.001348664599637298,0.0058839065687997,False,False,False,False
2024-04-02 00:00:00+01:00,1.0737217664718628,1.0778765678405762,1.072535514831543,1.0737217664718628,0,0.0,0.0,-0.0018947361583048217,-0.00023606798959495648,-0.0016586681687098652,0.006159297057560512,False,False,False,False
2024-04-03 00:00:00+01:00,1.076855182647705,1.0831888914108276,1.0764726400375366,1.076855182647705,0,0.0,0.0,-0.0021909464732248196,-0.0006270436863209291,-0.0015639027869038904,0.00633134160723005,False,False,False,True
2024-04-04 00:00:00+01:00,1.0838346481323242,1.087583065032959,1.0835057497024536,1.0838346481323242,0,0.0,0.0,-0.0018412855533977979,-0.0008698920597363029,-0.000971393493661495,0.00651559659412929,False,False,False,False
2024-04-05 00:00:00+01:00,1.0837054252624512,1.084845781326294,1.0791677236557007,1.0837054252624512,0,0.0,0.0,-0.0015566597562197693,-0.001007245599032996,-0.0005494141571867732,0.006730437278747559,False,False,False,False
2024-04-08 00:00:00+01:00,1.0830481052398682,1.085835337638855,1.0821573734283447,1.0830481052398682,0,0.0,0.0,-0.0013683584097339274,-0.0010794681611731825,-0.0002888902485607449,0.006653726100921631,False,False,False,False
2024-04-09 00:00:00+01:00,1.0863661766052246,1.0888501405715942,1.0849870443344116,1.0863661766052246,0,0.0,0.0,-0.0009405455830884257,-0.0010516836455562312,0.00011113806246780544,0.006801324231284005,True,False,False,False
2024-04-10 00:00:00+01:00,1.0859296321868896,1.0868383646011353,1.073375940322876,1.0859296321868896,0,0.0,0.0,-0.0006294701815314774,-0.0009672409527512805,0.0003377707712198031,0.0071340373584202355,False,False,True,False
2024-04-11 00:00:00+01:00,1.074171543121338,1.0755810737609863,1.0700452327728271,1.074171543121338,0,0.0,0.0,-0.0013165439071189944,-0.0010371015436248235,-0.00027944236349417093,0.007353263241904122,False,False,False,False
2024-04-12 00:00:00+01:00,1.0726851224899292,1.072961449623108,1.062371850013733,1.0726851224899292,0,0.0,0.0,-0.0019584210483940545,-0.0012213654445786697,-0.0007370556038153848,0.007769482476370675,False,False,False,False
2024-04-15 00:00:00+01:00,1.0649627447128296,1.0665528774261475,1.0623606443405151,1.0649627447128296,0,0.0,0.0,-0.0030550281920289635,-0.0015880979940687285,-0.001466930197960235,0.00810269798551287,False,False,False,False
2024-04-16 00:00:00+01:00,1.0625749826431274,1.065405249595642,1.0604116916656494,1.0625749826431274,0,0.0,0.0,-0.004069854943263174,-0.002084449383907618,-0.0019854055593555558,0.008262668337140764,False,True,False,False
2024-04-17 00:00:00+01:00,1.0621461868286133,1.0652689933776855,1.0608166456222534,1.0621461868286133,0,0.0,0.0,-0.004852772947885997,-0.002638114096703294,-0.0022146588511827033,0.008174657821655273,False,False,False,False
2024-04-18 00:00:00+01:00,1.0669398307800293,1.0691757202148438,1.0647813081741333,1.0669398307800293,0,0.0,0.0,-0.005028469041447714,-0.0031161850856521777,-0.0019122839557955363,0.008359023502894811,False,False,False,False
2024-04-19 00:00:00+01:00,1.0644185543060303,1.0680338144302368,1.0611768960952759,1.0644185543060303,0,0.0,0.0,-0.005309945653515058,-0.003554937199224754,-0.001755008454290304,0.00834953784942627,False,False,False,False
2024-04-22 00:00:00+01:00,1.0657799243927002,1.067121982574463,1.0625072717666626,1.065825343132019,0,0.0,0.0,-0.00535774109105569,-0.003915497977590942,-0.0014422431134647482,0.00819793769291469,False,False,False,False
2024-04-23 00:00:00+01:00,1.065405249595642,1.0709964036941528,1.0639317035675049,1.065405249595642,0,0.0,0.0,-0.005367642515494486,-0.004205926885171651,-0.0011617156303228354,0.00802633592060634,False,False,False,True
2024-04-24 00:00:00+01:00,1.0704345703125,1.0715816020965576,1.0679197311401367,1.0704345703125,0,0.0,0.0,-0.004913030953063169,-0.004347347698749955,-0.0005656832543132137,0.007701226643153599,False,False,False,False
2024-04-25 00:00:00+01:00,1.0699878931045532,1.0731916427612305,1.0678740739822388,1.0699878931045532,0,0.0,0.0,-0.004536497216145019,-0.004385177602228969,-0.0001513196139160504,0.0076754774366106305,False,False,False,False
2024-04-26 00:00:00+01:00,1.072961449623108,1.0752919912338257,1.0675548315048218,1.072961449623108,0,0.0,0.0,-0.0039525873898298425,-0.0042986595597491436,0.00034607216991930107,0.007965419973645891,False,False,False,False
2024-04-29 00:00:00+01:00,1.0706866979599,1.0735372304916382,1.0690956115722656,1.0706866979599,0,0.0,0.0,-0.0036315261213792915,-0.004165232872075174,0.0005337067506958823,0.007868247372763497,False,False,False,False
2024-04-30 00:00:00+01:00,1.0715701580047607,1.0736525058746338,1.068433165550232,1.0715701580047607,0,0.0,0.0,-0.003268122034298049,-0.003985810704519749,0.0007176886702217004,0.007279455661773682,False,False,False,False
2024-05-01 00:00:00+01:00,1.0666552782058716,1.0688670873641968,1.0650080442428589,1.0666552782058716,0,0.0,0.0,-0.003338230359894334,-0.0038562946355946664,0.0005180642757003323,0.006613578115190778,False,False,False,False
2024-05-02 00:00:00+01:00,1.0721560716629028,1.0730764865875244,1.0675777196884155,1.0721560716629028,0,0.0,0.0,-0.002916306289531434,-0.00366829696638202,0.0007519906768505861,0.006229400634765625,False,False,False,False
2024-05-03 00:00:00+01:00,1.073306918144226,1.080940842628479,1.0725010633468628,1.073306918144226,0,0.0,0.0,-0.0024606993209130845,-0.003426777437288233,0.0009660781163751487,0.006119421550205776,False,False,False,False
2024-05-06 00:00:00+01:00,1.0758124589920044,1.079214334487915,1.0756388902664185,1.0758124589920044,0,0.0,0.0,-0.0018758279323334293,-0.0031165875362972723,0.001240759603963843,0.006184697151184082,False,False,False,False
2024-05-07 00:00:00+01:00,1.0767507553100586,1.0789813995361328,1.0755810737609863,1.0767507553100586,0,0.0,0.0,-0.0013213685577058154,-0.002757543740578981,0.0014361751828731654,0.0061095527240208215,False,False,False,False
2024-05-08 00:00:00+01:00,1.0750491619110107,1.0758472681045532,1.0735719203948975,1.0750491619110107,0,0.0,0.0,-0.001007644377990502,-0.0024075638680612853,0.0013999194900707833,0.005834502833230155,False,False,False,False
2024-05-09 00:00:00+01:00,1.0746910572052002,1.078283429145813,1.0725126266479492,1.0746910572052002,0,0.0,0.0,-0.0007789327108367328,-0.0020818376366163746,0.0013029049257796419,0.005756923130580357,False,False,False,False
2024-05-10 00:00:00+01:00,1.078515887260437,1.0793308019638062,1.0762062072753906,1.078515887260437,0,0.0,0.0,-0.0002857512838931875,-0.0017226203660717374,0.00143686908217855,0.005758711269923619,False,False,False,False
2024-05-13 00:00:00+01:00,1.077040672302246,1.0807305574417114,1.0766464471817017,1.077040672302246,0,0.0,0.0,-1.378011946062685e-05,-0.0013808523167495152,0.0013670721972888883,0.005545811993735177,False,False,False,False
2024-05-14 00:00:00+01:00,1.079354166984558,1.0828369855880737,1.0776442289352417,1.079354166984558,0,0.0,0.0,0.0003840120224238852,-0.0010278794489148352,0.0014118914713387204,0.005518666335514614,False,False,False,False
2024-05-15 00:00:00+01:00,1.0814552307128906,1.0874292850494385,1.0813616514205933,1.0814552307128906,0,0.0,0.0,0.0008589025504064374,-0.0006505230490505807,0.001509425599457018,0.005715634141649518,False,False,False,False
2024-05-16 00:00:00+01:00,1.0889805555343628,1.089680790901184,1.0855170488357544,1.0889805555343628,0,0.0,0.0,0.0018214905275995008,-0.00015612033372056436,0.001977610861320065,0.00575051988874163,True,False,False,False
2024-05-17 00:00:00+01:00,1.0867793560028076,1.087890625,1.0836349725723267,1.0867793560028076,0,0.0,0.0,0.002379302905759717,0.000350964314175492,0.002028338591584225,0.005815088748931885,False,False,False,False
2024-05-20 00:00:00+01:00,1.0875475406646729,1.0884946584701538,1.0855052471160889,1.0875475406646729,0,0.0,0.0,0.0028505005208685485,0.0008508715555141033,0.0019996289653544455,0.005655808108193534,False,False,False,False
2024-05-21 00:00:00+01:00,1.086082935333252,1.0875475406646729,1.0845986604690552,1.086082935333252,0,0.0,0.0,0.0030703534917848607,0.0012947679427682548,0.001775585549016606,0.005397719996316093,False,False,False,False
2024-05-22 00:00:00+01:00,1.0855170488357544,1.0864840745925903,1.0822510719299316,1.0855170488357544,0,0.0,0.0,0.0031624712442206437,0.0016683086030587328,0.001494162641161911,0.0052414195878165105,False,False,True,False
2024-05-23 00:00:00+01:00,1.0825204849243164,1.086130142211914,1.0813032388687134,1.0825204849243164,0,0.0,0.0,0.0029595615787580964,0.0019265591981986055,0.001033002380559491,0.004958714757646833,False,False,False,False
2024-05-24 00:00:00+01:00,1.0812681913375854,1.0856584310531616,1.0806137323379517,1.0812681913375854,0,0.0,0.0,0.002666961508257737,0.002074639660210432,0.0005923218480473049,0.004897092069898333,False,False,False,False
2024-05-27 00:00:00+01:00,1.0847634077072144,1.08672034740448,1.0841753482818604,1.0847634077072144,0,0.0,0.0,0.0026861443940953134,0.0021969406069874083,0.000489203787107905,0.005043651376451764,False,False,False,False
2024-05-28 00:00:00+01:00,1.0861891508102417,1.0889450311660767,1.0859060287475586,1.0861891508102417,0,0.0,0.0,0.0027842968810289914,0.002314411861795725,0.00046988501923326664,0.005115279129573277,False,False,False,False
2024-05-29 00:00:00+01:00,1.0851871967315674,1.085894227027893,1.080952525138855,1.0851871967315674,0,0.0,0.0,0.0027495391379512846,0.002401437317026837,0.00034810182092444774,0.0050771236419677734,False,False,False,False
2024-05-30 00:00:00+01:00,1.0801819562911987,1.0845986604690552,1.0788999795913696,1.0801819562911987,0,0.0,0.0,0.0022916950689242377,0.0023794888674063173,-8.779379848207957e-05,0.0051948002406529015,False,False,False,False
2024-05-31 00:00:00+01:00,1.0835410356521606,1.0882576704025269,1.081162929534912,1.0835410356521606,0,0.0,0.0,0.0021748298918553566,0.0023385570722961255,-0.0001637271804407689,0.005479914801461356,False,False,False,False
2024-06-03 00:00:00+01:00,1.0853049755096436,1.0890873670578003,1.0828019380569458,1.0853049755096436,0,0.0,0.0,0.002199197620482485,0.0023106851819333974,-0.00011148756145091263,0.005514851638248989,False,False,False,False
2024-06-04 00:00:00+01:00,1.0907385349273682,1.0918222665786743,1.0860711336135864,1.0907385349273682,0,0.0,0.0,0.0026266733999320557,0.002373882825533129,0.00025279057439892656,0.005403578281402588,True,False,False,False
2024-06-05 00:00:00+01:00,1.0881866216659546,1.0889924764633179,1.0860947370529175,1.0881866216659546,0,0.0,0.0,0.0027280852928932564,0.002444723319005155,0.00028336197388810144,0.005147738116128104,False,False,False,False
2024-06-06 00:00:00+01:00,1.087453007698059,1.0898706912994385,1.0863661766052246,1.087453007698059,0,0.0,0.0,0.0027179278521287653,0.002499364225629877,0.0002185636264988881,0.005016233239855085,False,False,False,False
2024-06-07 00:00:00+01:00,1.0894432067871094,1.090179681777954,1.0804970264434814,1.0894432067871094,0,0.0,0.0,0.0028377585269852013,0.002567043085900942,0.0002707154410842593,0.005494322095598493,False,False,True,False
2024-06-10 00:00:00+01:00,1.0778882503509521,1.078283429145813,1.073364496231079,1.0778882503509521,0,0.0,0.0,0.00197754092375213,0.0024491426534711796,-0.0004716017297190494,0.00643216712134225,False,False,False,False
2024-06-11 00:00:00+01:00,1.0764262676239014,1.0773539543151855,1.0721101760864258,1.0764262676239014,0,0.0,0.0,0.0011644197814686397,0.0021921980790706717,-0.001027778297602032,0.0065425293786185125,False,False,False,False
2024-06-12 00:00:00+01:00,1.0740330219268799,1.0851753950119019,1.073502779006958,1.0740330219268799,0,0.0,0.0,0.0003231751297012586,0.0018183934891967892,-0.0014952183594955305,0.00703150885445731,False,False,False,False
2024-06-13 00:00:00+01:00,1.0813149213790894,1.0817828178405762,1.075384497642517,1.0813149213790894,0,0.0,0.0,0.00024128967359593467,0.0015029727260766183,-0.0012616830524806836,0.0072247300829206195,False,False,False,False
2024-06-14 00:00:00+01:00,1.0738831758499146,1.0745755434036255,1.0668145418167114,1.0738831758499146,0,0.0,0.0,-0.00041846113535082274,0.0011186859537911302,-0.001537147089141953,0.007871031761169434,False,True,False,False
2024-06-17 00:00:00+01:00,1.0702168941497803,1.0726161003112793,1.068764328956604,1.0702168941497803,0,0.0,0.0,-0.0012230580456717988,0.0006503371538985445,-0.0018733951995703432,0.007937976292201452,False,False,False,False
2024-06-18 00:00:00+01:00,1.0740677118301392,1.0761250257492065,1.0711110830307007,1.0740677118301392,0,0.0,0.0,-0.0015323145217560619,0.00021380681876762323,-0.001746121340523685,0.007985941001347132,False,False,False,False
2024-06-19 00:00:00+01:00,1.0742292404174805,1.075326681137085,1.0726275444030762,1.0742292404174805,0,0.0,0.0,-0.0017442617365441837,-0.00017780689229473818,-0.0015664548442494456,0.007729649543762207,False,False,False,False
2024-06-20 00:00:00+01:00,1.0751532316207886,1.0750375986099243,1.0707554817199707,1.0751532316207886,0,0.0,0.0,-0.0018167309200995962,-0.0005055916978557099,-0.0013111392222438863,0.007458678313664028,False,False,False,False
2024-06-21 00:00:00+01:00,1.0706409215927124,1.0722709894180298,1.0671902894973755,1.0706409215927124,0,0.0,0.0,-0.0022127616397107364,-0.0008470256862267152,-0.0013657359534840212,0.00757850067956107,False,False,False,False
2024-06-24 00:00:00+01:00,1.0687757730484009,1.074702501296997,1.0684444904327393,1.0687757730484009,0,0.0,0.0,-0.0026466122396391345,-0.0012069429969091992,-0.0014396692427299353,0.00755998066493443,False,False,False,False
2024-06-25 00:00:00+01:00,1.0732723474502563,1.0745755434036255,1.0692213773727417,1.0732723474502563,0,0.0,0.0,-0.0025976617631997545,-0.0014850867501673103,-0.0011125750130324442,0.007642550127846854,False,False,False,False
2024-06-26 00:00:00+01:00,1.0709619522094727,1.0720411539077759,1.0667691230773926,1.0709619522094727,0,0.0,0.0,-0.0027140123007163286,-0.001730871860277114,-0.0009831404404392146,0.007856743676321847,False,True,False,False
2024-06-27 00:00:00+01:00,1.068010926246643,1.0726161003112793,1.0677828788757324,1.068010926246643,0,0.0,0.0,-0.003009650692663568,-0.001986627626754405,-0.0010230230659091632,0.007510355540684291,False,False,False,True
2024-06-28 00:00:00+01:00,1.0708472728729248,1.0720986127853394,1.0686043500900269,1.0708472728729248,0,0.0,0.0,-0.0029807169304951753,-0.002185445487502559,-0.0007952714429926163,0.006653853825160435,False,False,False,False
2024-07-01 00:00:00+01:00,1.0735257863998413,1.077818512916565,1.072075605392456,1.0735257863998413,0,0.0,0.0,-0.002710409149663473,-0.002290438219934742,-0.00041997092972873105,0.00673907995223999,False,False,False,False
2024-07-02 00:00:00+01:00,1.0737102031707764,1.0746102333068848,1.0710651874542236,1.0737102031707764,0,0.0,0.0,-0.0024530303863767866,-0.002322956653223151,-0.00013007373315363554,0.006158539227076939,False,False,False,False
2024-07-03 00:00:00+01:00,1.0748412609100342,1.081560492515564,1.0737102031707764,1.0748412609100342,0,0.0,0.0,-0.0021331987677200015,-0.002285005076122521,0.00015180630840251966,0.006165717329297747,False,False,False,False
2024-07-04 00:00:00+01:00,1.0793308019638062,1.0816657543182373,1.0784229040145874,1.0793308019638062,0,0.0,0.0,-0.001500168455164097,-0.0021280377519308363,0.0006278692967667393,0.0056174397468566895,False,False,False,False
2024-07-05 00:00:00+01:00,1.0810693502426147,1.0838346481323242,1.0810693502426147,1.0810693502426147,0,0.0,0.0,-0.0008484209862749115,-0.0018721143987996515,0.00102369341252474,0.0055735111236572266,False,False,False,False
2024-07-08 00:00:00+01:00,1.082602620124817,1.0847163200378418,1.0815136432647705,1.082602620124817,0,0.0,0.0,-0.00020581188487533986,-0.0015388538960147892,0.0013330420111394494,0.005411999566214425,False,False,False,False
2024-07-09 00:00:00+01:00,1.0830950736999512,1.0834236145019531,1.0806254148483276,1.0830950736999512,0,0.0,0.0,0.0003392862647777495,-0.0011632258638562816,0.001502512128634031,0.0054190754890441895,False,False,False,False
2024-07-10 00:00:00+01:00,1.0814785957336426,1.0828721523284912,1.081186294555664,1.0814785957336426,0,0.0,0.0,0.0006335411452302875,-0.0008038724620389678,0.0014374136072692553,0.005249551364353725,False,False,False,False
2024-07-11 00:00:00+01:00,1.083329677581787,1.0898351669311523,1.0832945108413696,1.083329677581787,0,0.0,0.0,0.0010045275249783714,-0.0004421924646355,0.0014467199896138713,0.005277667726789202,False,False,False,False
2024-07-12 00:00:00+01:00,1.0872756242752075,1.091119408607483,1.086307168006897,1.0872756242752075,0,0.0,0.0,0.0015985151367918782,-3.405094435002433e-05,0.0016325660811419025,0.005387076309749058,False,False,False,False
2024-07-15 00:00:00+01:00,1.0885539054870605,1.0921919345855713,1.088435411453247,1.0885539054870605,0,0.0,0.0,0.002147644500419821,0.0004022881446039447,0.001745356355815876,0.0053239720208304265,False,False,False,False
2024-07-16 00:00:00+01:00,1.0901559591293335,1.0906314849853516,1.0872164964675903,1.0901559591293335,0,0.0,0.0,0.002681198628566861,0.000858070241396528,0.001823128387170333,0.00510338374546596,False,False,False,False
2024-07-17 00:00:00+01:00,1.0902509689331055,1.0947147607803345,1.0896332263946533,1.0902509689331055,0,0.0,0.0,0.0030762495266634104,0.0013017060984499046,0.0017745434282135058,0.005121120384761265,True,False,False,False
2024-07-18 00:00:00+01:00,1.094020128250122,1.0942115783691406,1.0905362367630005,1.094020128250122,0,0.0,0.0,0.00365137904161017,0.0017716406870819578,0.001879738354528212,0.005112043448856899,False,False,False,False
2024-07-19 00:00:00+01:00,1.0901559591293335,1.0901559591293335,1.0877368450164795,1.0901559591293335,0,0.0,0.0,0.003752115124407318,0.0021677355745470302,0.0015843795498602879,0.005062903676714216,False,False,False,False
2024-07-22 00:00:00+01:00,1.0899182558059692,1.0901559591293335,1.0873701572418213,1.0899182558059692,0,0.0,0.0,0.0037693181706108803,0.0024880520937598004,0.0012812660768510798,0.0050086719649178645,False,False,True,False
2024-07-23 00:00:00+01:00,1.0889805555343628,1.0900371074676514,1.084445834159851,1.0889805555343628,0,0.0,0.0,0.003665038847016966,0.0027234494444112337,0.0009415894026057322,0.004847313676561628,False,False,False,False
2024-07-24 00:00:00+01:00,1.0850694179534912,1.0866494178771973,1.0826728343963623,1.0850694179534912,0,0.0,0.0,0.0032295721186959003,0.002824673979268167,0.00040489813942773314,0.004810401371547154,False,False,False,False
2024-07-25 00:00:00+01:00,1.0839520692825317,1.0864368677139282,1.0829308032989502,1.0839520692825317,0,0.0,0.0,0.002762457014565012,0.002812230586327536,-4.97735717625244e-05,0.004739131246294294,False,False,False,False
2024-07-26 00:00:00+01:00,1.0851283073425293,1.0868501663208008,1.084269404411316,1.0851283073425293,0,0.0,0.0,0.0024588336071167394,0.002741551190485377,-0.0002827175833686377,0.004685640335083008,False,False,False,False
2024-07-29 00:00:00+01:00,1.0853756666183472,1.0871928930282593,1.0803102254867554,1.0853756666183472,0,0.0,0.0,0.0022126634881598495,0.0026357736500202717,-0.0004231101618604222,0.004977388041360038,False,False,False,False
2024-07-30 00:00:00+01:00,1.081946611404419,1.0837758779525757,1.0799952745437622,1.081946611404419,0,0.0,0.0,0.0017210367569469032,0.002452826271405598,-0.0007317895144586949,0.00522536039352417,False,False,False,False
2024-07-31 00:00:00+01:00,1.0816072225570679,1.0851871967315674,1.0808707475662231,1.0816072225570679,0,0.0,0.0,0.0012891724098322843,0.0022200954990909353,-0.000930923089258651,0.004936780248369489,False,False,False,False
2024-08-01 00:00:00+01:00,1.082391619682312,1.0837758779525757,1.0778300762176514,1.082391619682312,0,0.0,0.0,0.000998698718695401,0.0019758161430118285,-0.0009771174243164275,0.004805071013314384,False,True,False,False
2024-08-02 00:00:00+01:00,1.0787602663040161,1.0926215648651123,1.0782949924468994,1.0787602663040161,0,0.0,0.0,0.0004700578225993457,0.0016746644789293321,-0.0012046066563299864,0.005477232592446464,False,False,False,True
2024-08-05 00:00:00+01:00,1.0910836458206177,1.1007397174835205,1.089372158050537,1.0910836458206177,0,0.0,0.0,0.0010335853119101124,0.0015464486455254883,-0.0005128633336153759,0.0068032656397138324,False,False,False,False
2024-08-06 00:00:00+01:00,1.0950982570648193,1.0963108539581299,1.0904649496078491,1.0950982570648193,0,0.0,0.0,0.001783570591540995,0.0015938730347285898,0.00018969755681240517,0.00685786349432809,False,False,False,False
2024-08-07 00:00:00+01:00,1.0926215648651123,1.093637228012085,1.0906909704208374,1.0926215648651123,0,0.0,0.0,0.0021532694175823153,0.001705752311299335,0.00044751710628298017,0.006889769009181431,False,False,False,False
2024-08-08 00:00:00+01:00,1.0928125381469727,1.0946906805038452,1.0882340669631958,1.0928125381469727,0,0.0,0.0,0.002433615148018653,0.0018513248786431987,0.0005822902693754543,0.0069021497453962055,False,False,False,False
2024-08-09 00:00:00+01:00,1.0915720462799072,1.093135118484497,1.0909645557403564,1.0915720462799072,0,0.0,0.0,0.002526569116679811,0.001986373726250521,0.0005401953904292899,0.006858204092298236,False,False,False,False
2024-08-12 00:00:00+01:00,1.091381311416626,1.0939722061157227,1.0913337469100952,1.091381311416626,0,0.0,0.0,0.002555388172928552,0.0021001766155861273,0.0004552115573424249,0.006647288799285889,False,False,False,False
2024-08-13 00:00:00+01:00,1.0936251878738403,1.0962508916854858,1.0915720462799072,1.0936251878738403,0,0.0,0.0,0.0027278446646057386,0.0022257102253900496,0.000502134439215689,0.00654456445149013,False,False,False,False
2024-08-14 00:00:00+01:00,1.0996986627578735,1.1048502922058105,1.098828673362732,1.0996986627578735,0,0.0,0.0,0.003316367323596303,0.0024438416450313005,0.0008725256785650027,0.007095924445561,False,False,False,False
2024-08-15 00:00:00+01:00,1.1013215780258179,1.1016855239868164,1.09505033493042,1.1013215780258179,0,0.0,0.0,0.0038691305413471877,0.0027288994242944784,0.0011402311170527093,0.00736285958971296,False,False,False,False
2024-08-16 00:00:00+01:00,1.0972732305526733,1.1004369258880615,1.0973695516586304,1.0972732305526733,0,0.0,0.0,0.003935169383136206,0.002970153416062824,0.0009650159670733815,0.007153528077261788,False,False,False,False
2024-08-19 00:00:00+01:00,1.1024993658065796,1.1072603464126587,1.1023900508880615,1.1024993658065796,0,0.0,0.0,0.0043589636596856884,0.003247915464787397,0.0011110481948982914,0.007482579776218959,False,False,False,False
2024-08-20 00:00:00+01:00,1.1086474657058716,1.1117286682128906,1.107248067855835,1.1086474657058716,0,0.0,0.0,0.00513176812861027,0.0036246859975519715,0.0015070821310582986,0.007833497864859445,False,False,False,False
2024-08-21 00:00:00+01:00,1.112792730331421,1.1148271560668945,1.11055588722229,1.112792730331421,0,0.0,0.0,0.0060094364076848095,0.00410163607957854,0.0019078003281062699,0.007850204195295061,False,False,False,False
2024-08-22 00:00:00+01:00,1.115536093711853,1.1157476902008057,1.1099271774291992,1.115536093711853,0,0.0,0.0,0.006847428446906667,0.004650794553044166,0.0021966338938625013,0.007242628506251744,False,False,False,False
2024-08-23 00:00:00+01:00,1.111716389656067,1.1195951700210571,1.110679268836975,1.111716389656067,0,0.0,0.0,0.007121235807124204,0.005144882803860174,0.0019763530032640307,0.0063095177922930035,False,False,False,False
2024-08-26 00:00:00+01:00,1.1187934875488281,1.1201093196868896,1.1152873039245605,1.1187934875488281,0,0.0,0.0,0.007819158376436652,0.005679737918375469,0.002139420458061183,0.006491448198046003,True,False,False,False
2024-08-27 00:00:00+01:00,1.1164700984954834,1.1179554462432861,1.1151255369186401,1.1164700984954834,0,0.0,0.0,0.008091515013363804,0.006162093337373137,0.0019294216759906668,0.006438638482775007,False,False,False,False
2024-08-28 00:00:00+01:00,1.117793083190918,1.1181930303573608,1.1105434894561768,1.117793083190918,0,0.0,0.0,0.008318226086223568,0.006593319887143224,0.0017249061990803442,0.006523847579956055,False,False,True,False
2024-08-29 00:00:00+01:00,1.1124955415725708,1.1140199899673462,1.1056320667266846,1.1124955415725708,0,0.0,0.0,0.007978458209807249,0.006870347551676029,0.0011081106581312195,0.007237451417105538,False,False,False,False
2024-08-30 00:00:00+01:00,1.1080454587936401,1.109570026397705,1.1053999662399292,1.1080454587936401,0,0.0,0.0,0.007266343347517079,0.006949546710844239,0.0003167966366728397,0.0075558168547494075,False,False,False,False
2024-09-02 00:00:00+01:00,1.1044842004776,1.1077632904052734,1.1042524576187134,1.1044842004776,0,0.0,0.0,0.006341522283787926,0.006827941825432977,-0.00048641954164505095,0.007478918348039899,False,False,False,False
2024-09-03 00:00:00+01:00,1.1067456007003784,1.107051968574524,1.1033751964569092,1.1067456007003784,0,0.0,0.0,0.0057250759150617725,0.006607368643358737,-0.0008822927282969642,0.0069397517613002235,False,False,False,False
2024-09-04 00:00:00+01:00,1.1048868894577026,1.1093976497650146,1.1040817499160767,1.1048868894577026,0,0.0,0.0,0.005028588821458069,0.006291612678978604,-0.0012630238575205349,0.006845516817910331,False,False,False,False
2024-09-05 00:00:00+01:00,1.1080454587936401,1.112112045288086,1.1075178384780884,1.1080454587936401,0,0.0,0.0,0.004677567839633134,0.00596880371110951,-0.0012912358714763754,0.007079311779567173,False,False,False,False
2024-09-06 00:00:00+01:00,1.1111111640930176,1.1149640083312988,1.1067211627960205,1.1111111640930176,0,0.0,0.0,0.004593803472174862,0.005693803663322581,-0.0011000001911477186,0.0069547210420881,False,False,False,False
2024-09-09 00:00:00+01:00,1.1087212562561035,1.109139323234558,1.10349702835083,1.1087212562561035,0,0.0,0.0,0.0042851771634191405,0.005412078363341893,-0.0011269011999227524,0.006839351994650704,False,False,False,False
2024-09-10 00:00:00+01:00,1.1037527322769165,1.1050333976745605,1.101624846458435,1.1037527322769165,0,0.0,0.0,0.003598192505359865,0.0050493011917454875,-0.0014511086863856224,0.006904831954411098,False,False,False,False
2024-09-11 00:00:00+01:00,1.1020983457565308,1.1054977178573608,1.100279450416565,1.1020983457565308,0,0.0,0.0,0.0028869777658768747,0.0046168365065717655,-0.0017298587406948908,0.006861814430781773,False,True,False,False
2024-09-12 00:00:00+01:00,1.1010911464691162,1.1047526597976685,1.1006548404693604,1.1010911464691162,0,0.0,0.0,0.0022165118272188256,0.004136771570701178,-0.0019202597434823526,0.006517665726797921,False,False,False,False
2024-09-13 00:00:00+01:00,1.1077877283096313,1.1102476119995117,1.1073951721191406,1.1077877283096313,0,0.0,0.0,0.0022001588673743466,0.003749449030035812,-0.0015492901626614655,0.0065722039767674035,False,False,False,True
2024-09-16 00:00:00+01:00,1.1088441610336304,1.1135361194610596,1.1087088584899902,1.1088441610336304,0,0.0,0.0,0.0022465475193551576,0.0034488687278996814,-0.0012023212085445238,0.006720806871141706,False,False,False,False
2024-09-17 00:00:00+01:00,1.1129536628723145,1.1146159172058105,1.1113086938858032,1.1129536628723145,0,0.0,0.0,0.002585113732176847,0.0032761177287551147,-0.0006910039965782678,0.00658667939049857,False,False,False,False
2024-09-18 00:00:00+01:00,1.1123099327087402,1.1140819787979126,1.110913634300232,1.1123099327087402,0,0.0,0.0,0.0027695604815134445,0.003174806279306781,-0.0004052457977933364,0.0059443456786019465,False,False,False,False
2024-09-19 00:00:00+01:00,1.1114816665649414,1.118067979812622,1.107051968574524,1.1114816665649414,0,0.0,0.0,0.002816435587254862,0.0031031321408963976,-0.00028669655364153574,0.006224376814705985,False,False,False,False
2024-09-20 00:00:00+01:00,1.1161960363388062,1.1181679964065552,1.1137346029281616,1.1161960363388062,0,0.0,0.0,0.003197140047078273,0.0031219337221327728,7.520632494550017e-05,0.0064310431480407715,False,False,False,False
2024-09-23 00:00:00+01:00,1.1160838603973389,1.1168192625045776,1.1084877252578735,1.1160838603973389,0,0.0,0.0,0.0034500296194490687,0.003187552901596032,0.00026247671785303676,0.006763526371547154,False,False,False,False
2024-09-24 00:00:00+01:00,1.1111727952957153,1.1163455247879028,1.1103955507278442,1.1111727952957153,0,0.0,0.0,0.0032170800213824347,0.0031934583255533128,2.3621695829121898e-05,0.006808817386627197,False,False,False,False
2024-09-25 00:00:00+01:00,1.1191190481185913,1.1212396621704102,1.1141688823699951,1.1191190481185913,0,0.0,0.0,0.0036317968860168914,0.0032811260376460283,0.0003506708483708631,0.007011796746935163,True,False,False,False
2024-09-26 00:00:00+01:00,1.1131023168563843,1.118956208229065,1.112681269645691,1.1131023168563843,0,0.0,0.0,0.0034353623415401824,0.003311973298424859,0.00012338904311532317,0.006882863385336739,False,False,False,False
2024-09-27 00:00:00+01:00,1.117717981338501,1.1199839115142822,1.1126564741134644,1.117717981338501,0,0.0,0.0,0.003610512359779383,0.0033716811106957643,0.00023883124908361886,0.006862384932381766,False,False,False,False
2024-09-30 00:00:00+01:00,1.1169815063476562,1.1208375692367554,1.1136106252670288,1.1169815063476562,0,0.0,0.0,0.003647842575827953,0.003426913403722202,0.000220929172105751,0.006871708801814488,False,False,True,False
2024-10-01 00:00:00+01:00,1.113660216331482,1.1145787239074707,1.1061090230941772,1.113660216331482,0,0.0,0.0,0.003370572828412577,0.0034156452886602772,-4.507246024770036e-05,0.007275581359863281,False,False,False,False
2024-10-02 00:00:00+01:00,1.1063904762268066,1.108217477798462,1.1034117937088013,1.1063904762268066,0,0.0,0.0,0.002535005321905759,0.0032395172953093737,-0.0007045119734036148,0.0077149101666041785,False,False,False,False
2024-10-03 00:00:00+01:00,1.1048502922058105,1.1048502922058105,1.1009578704833984,1.1048502922058105,0,0.0,0.0,0.0017286057829744017,0.0029373349928423797,-0.001208729209867978,0.007448920181819371,False,False,False,False
2024-10-04 00:00:00+01:00,1.103557825088501,1.1039965152740479,1.0956143140792847,1.103557825088501,0,0.0,0.0,0.0009740092712291482,0.0025446698485197335,-0.0015706605772905853,0.0076980335371834895,False,False,False,False
2024-10-07 00:00:00+01:00,1.0974539518356323,1.0985027551651,1.095554232597351,1.0974539518356323,0,0.0,0.0,-0.00011521730681973708,0.0020126924174518395,-0.0021279097242715766,0.007857450417109899,False,False,False,False
2024-10-08 00:00:00+01:00,1.0975743532180786,1.0997470617294312,1.096166729927063,1.0975743532180786,0,0.0,0.0,-0.0009576822670127605,0.0014186174805589195,-0.00237629974757168,0.007886878081730433,False,False,False,False
2024-10-09 00:00:00+01:00,1.0975743532180786,1.098056435585022,1.094067931175232,1.0975743532180786,0,0.0,0.0,-0.0016068194037222039,0.0008135301037026949,-0.0024203495074248986,0.007384913308279855,False,False,False,False
2024-10-10 00:00:00+01:00,1.0943313837051392,1.095446228981018,1.0914051532745361,1.0943313837051392,0,0.0,0.0,-0.002355789720937418,0.00017966613877467235,-0.0025354558597120904,0.00734797545841762,False,False,False,False
2024-10-11 00:00:00+01:00,1.0933860540390015,1.0954222679138184,1.0927408933639526,1.0933860540390015,0,0.0,0.0,-0.0029911541340492676,-0.0004544979157901157,-0.002536656218259152,0.00694439240864345,False,False,False,False
2024-10-14 00:00:00+01:00,1.0925379991531372,1.0939722061157227,1.0905719995498657,1.0925379991531372,0,0.0,0.0,-0.0035225106408121043,-0.0010681004607945134,-0.002454410180017591,0.006762266159057617,False,False,False,False
2024-10-15 00:00:00+01:00,1.0909169912338257,1.0918222665786743,1.0885775089263916,1.0909169912338257,0,0.0,0.0,-0.004027984197898293,-0.0016600772082152695,-0.002367906989683024,0.006326096398489816,False,False,False,False
2024-10-16 00:00:00+01:00,1.0884116888046265,1.0901559591293335,1.0868147611618042,1.0884116888046265,0,0.0,0.0,-0.004577960720475893,-0.0022436539106673943,-0.002334306809808499,0.006159271512712751,False,False,False,False
2024-10-17 00:00:00+01:00,1.0862481594085693,1.0869920253753662,1.0813850164413452,1.0862481594085693,0,0.0,0.0,-0.005129272754426317,-0.002820777679419179,-0.0023084950750071383,0.00613778829574585,False,False,False,False
2024-10-18 00:00:00+01:00,1.0829542875289917,1.0863661766052246,1.0828253030776978,1.0829542875289917,0,0.0,0.0,-0.005765518141738868,-0.003409725771883117,-0.002355792369855751,0.005874497549874442,False,False,False,False
2024-10-21 00:00:00+01:00,1.0868619680404663,1.08695650100708,1.0821105241775513,1.0868619680404663,0,0.0,0.0,-0.005886573283114371,-0.0039050952741293684,-0.001981478008985003,0.005444032805306571,False,False,False,False
2024-10-22 00:00:00+01:00,1.0817828178405762,1.0837758779525757,1.0801936388015747,1.0817828178405762,0,0.0,0.0,-0.00631950797354941,-0.004387977814013377,-0.0019315301595360327,0.0051883118493216375,False,False,False,False
2024-10-23 00:00:00+01:00,1.079727053642273,1.0808473825454712,1.0762641429901123,1.079727053642273,0,0.0,0.0,-0.0067506772200678355,-0.004860517695224269,-0.0018901595248435668,0.005194459642682757,False,True,False,False
2024-10-24 00:00:00+01:00,1.0780508518218994,1.0810226202011108,1.0771567821502686,1.0780508518218994,0,0.0,0.0,-0.007145271194092695,-0.005317468394997954,-0.0018278027990947408,0.004810878208705357,False,False,False,True
2024-10-25 00:00:00+01:00,1.0824151039123535,1.0842459201812744,1.081186294555664,1.0824151039123535,0,0.0,0.0,-0.00702485295918609,-0.005658945307835582,-0.0013659076513505078,0.0046816979135785785,False,False,False,False
2024-10-28 00:00:00+00:00,1.0796570777893066,1.0827198028564453,1.078271746635437,1.0796570777893066,0,0.0,0.0,-0.007070466363770622,-0.0059412495190225905,-0.0011292168447480317,0.004743678229195731,False,False,False,False
2024-10-29 00:00:00+00:00,1.0816774368286133,1.0826259851455688,1.077040672302246,1.0816774368286133,0,0.0,0.0,-0.006864460003956241,-0.006125891616009321,-0.0007385683879469196,0.0048577359744480676,False,False,False,False
2024-10-30 00:00:00+00:00,1.0820636749267578,1.0866730213165283,1.0809992551803589,1.0820636749267578,0,0.0,0.0,-0.006594020528990718,-0.006219517398605601,-0.0003745031303851176,0.004822347845349993,False,False,False,False
2024-10-31 00:00:00+00:00,1.0859178304672241,1.0888383388519287,1.0845046043395996,1.0859178304672241,0,0.0,0.0,-0.005999538213137479,-0.0061755215615119765,0.00017598334837449787,0.005114725657871791,False,False,False,False
2024-11-01 00:00:00+00:00,1.0886130332946777,1.0904054641723633,1.084845781326294,1.0886130332946777,0,0.0,0.0,-0.005250402974160462,-0.005990497844041674,0.0007400948698812124,0.005268973963601249,False,False,False,False
2024-11-04 00:00:00+00:00,1.087453007698059,1.0915838479995728,1.0870392322540283,1.087453007698059,0,0.0,0.0,-0.004696177658177536,-0.005731633806868847,0.0010354561486913107,0.005310697214944022,False,False,False,False
2024-11-05 00:00:00+00:00,1.0874056816101074,1.0921800136566162,1.0873347520828247,1.0874056816101074,0,0.0,0.0,-0.00421221315086906,-0.00542774967566889,0.00121553652479983,0.0053637708936418805,False,False,False,False
2024-11-06 00:00:00+00:00,1.093445897102356,1.0933382511138916,1.068376064300537,1.093445897102356,0,0.0,0.0,-0.003303195698172834,-0.005002838880169679,0.0016996431819968454,0.0066448790686471125,True,False,True,False
2024-11-07 00:00:00+00:00,1.073306918144226,1.082602620124817,1.0714094638824463,1.073306918144226,0,0.0,0.0,-0.0041598875173851635,-0.004834248607612776,0.0006743610902276128,0.007965990475245885,False,False,False,False
2024-11-08 00:00:00+00:00,1.0795172452926636,1.0797386169433594,1.0710422992706299,1.0795172452926636,0,0.0,0.0,-0.00428826797338977,-0.004725052480768176,0.00043678450737840574,0.00824101482118879,False,False,False,False
2024-11-11 00:00:00+00:00,1.0714898109436035,1.0728462934494019,1.0628799200057983,1.0714898109436035,0,0.0,0.0,-0.004980346934305491,-0.004776111371475639,-0.00020423556282985183,0.00895308596747262,False,False,False,False
2024-11-12 00:00:00+00:00,1.066439151763916,1.0663481950759888,1.0597037076950073,1.066439151763916,0,0.0,0.0,-0.005868719537000189,-0.004994633004580549,-0.0008740865324196401,0.009400759424482073,False,False,False,False
2024-11-13 00:00:00+00:00,1.061672568321228,1.0649060010910034,1.0559773445129395,1.061672568321228,0,0.0,0.0,-0.006878098237821595,-0.005371326051228758,-0.0015067721865928366,0.009871900081634521,False,False,False,False
2024-11-14 00:00:00+00:00,1.0564124584197998,1.0580891370773315,1.0499238967895508,1.0564124584197998,0,0.0,0.0,-0.008010149027037006,-0.005899090646390407,-0.0021110583806465983,0.010268586022513253,False,False,False,False
2024-11-15 00:00:00+00:00,1.0530084371566772,1.0591648817062378,1.052443265914917,1.0530084371566772,0,0.0,0.0,-0.009077345512203516,-0.00653474161955303,-0.0025426038926504866,0.010430983134678431,False,False,False,False
2024-11-18 00:00:00+00:00,1.0533745288848877,1.0586491823196411,1.0531193017959595,1.0533745288848877,0,0.0,0.0,-0.009780818683092773,-0.007183957032260979,-0.0025968616508317945,0.010434942586081368,False,False,False,False
2024-11-19 00:00:00+00:00,1.059490442276001,1.0601080656051636,1.0528532266616821,1.059490442276001,0,0.0,0.0,-0.009732631424719473,-0.007693691910752678,-0.0020389395139667954,0.010547876358032227,False,False,False,False
2024-11-20 00:00:00+00:00,1.0607603788375854,1.0612331628799438,1.0508506298065186,1.0607603788375854,0,0.0,0.0,-0.00948265921538649,-0.008051485371679441,-0.0014311738437070495,0.010805581297193254,False,False,False,False
2024-11-21 00:00:00+00:00,1.0546187162399292,1.0557432174682617,1.0469120740890503,1.0546187162399292,0,0.0,0.0,-0.009668680749022496,-0.008374924447148052,-0.001293756301874444,0.011397625718797957,False,False,False,False
2024-11-22 00:00:00+00:00,1.0469341278076172,1.0498688220977783,1.0339871644973755,1.0469341278076172,0,0.0,0.0,-0.010317255321269148,-0.008763390621972272,-0.001553864699296876,0.01254669257572719,False,True,False,False
2024-11-25 00:00:00+00:00,1.0479873418807983,1.0529640913009644,1.0449539422988892,1.0479873418807983,0,0.0,0.0,-0.010623805156122934,-0.009135473528802404,-0.0014883316273205296,0.01277275596346174,False,False,False,False
2024-11-26 00:00:00+00:00,1.0444300174713135,1.0543851852416992,1.0427310466766357,1.0444300174713135,0,0.0,0.0,-0.011026685690099791,-0.009513715961061882,-0.0015129697290379093,0.01182218108858381,False,False,False,True
2024-11-27 00:00:00+00:00,1.0491198301315308,1.0583466291427612,1.0475481748580933,1.0491198301315308,0,0.0,0.0,-0.010842556486672983,-0.009779484066184101,-0.0010630724204888815,0.011242193835122245,False,False,False,False
2024-11-28 00:00:00+00:00,1.0562450885772705,1.0565240383148193,1.0529197454452515,1.0562450885772705,0,0.0,0.0,-0.010006337132343113,-0.009824854679415903,-0.0001814824529272098,0.011149900300162179,False,False,False,False
2024-11-29 00:00:00+00:00,1.0563008785247803,1.0595465898513794,1.0542962551116943,1.0563008785247803,0,0.0,0.0,-0.009232696706416021,-0.009706423084815927,0.00047372637839990586,0.010336543832506453,False,False,False,False
2024-12-02 00:00:00+00:00,1.0545742511749268,1.0545742511749268,1.0462220907211304,1.0545074939727783,0,0.0,0.0,-0.008664414266246423,-0.009498021321102028,0.0008336070548556045,0.010214592729296004,False,False,False,False
2024-12-03 00:00:00+00:00,1.0501223802566528,1.0530306100845337,1.048185110092163,1.0501223802566528,0,0.0,0.0,-0.00847024861365342,-0.009292466779612306,0.0008222181659588868,0.00991891963141305,False,False,False,False
2024-12-04 00:00:00+00:00,1.0510826110839844,1.0540074110031128,1.0473946332931519,1.0510826110839844,0,0.0,0.0,-0.00814499786697831,-0.009062972997085507,0.0009179751301071973,0.00955207007271903,False,False,False,False
2024-12-05 00:00:00+00:00,1.051414132118225,1.0588284730911255,1.050894856452942,1.051414132118225,0,0.0,0.0,-0.007770905172498788,-0.008804559432168164,0.0010336542596693764,0.009638641561780657,False,False,False,False
2024-12-06 00:00:00+00:00,1.058559536933899,1.0626428127288818,1.0546075105667114,1.058559536933899,0,0.0,0.0,-0.006819251478736188,-0.00840749784148177,0.0015882463627455816,0.010037779808044434,True,False,False,False
2024-12-09 00:00:00+00:00,1.0565463304519653,1.0592771768569946,1.0533078908920288,1.0565463304519653,0,0.0,0.0,-0.006156539255928406,-0.007957306124371098,0.0018007668684426915,0.009945954595293318,False,False,False,False
2024-12-10 00:00:00+00:00,1.0555204153060913,1.056747317314148,1.0500340461730957,1.0555204153060913,0,0.0,0.0,-0.005648999671280519,-0.0074956448337529825,0.0018466451624724635,0.009683864457266671,False,False,False,False
2024-12-11 00:00:00+00:00,1.0532968044281006,1.0540739297866821,1.0481630563735962,1.0532968044281006,0,0.0,0.0,-0.005364360697264869,-0.007069388006455361,0.0017050273091904914,0.009220225470406669,False,False,False,False
2024-12-12 00:00:00+00:00,1.0506850481033325,1.052997350692749,1.0464848279953003,1.0506850481033325,0,0.0,0.0,-0.005288565872336282,-0.006713223579631546,0.0014246577072952642,0.008233112948281425,False,False,False,False
2024-12-13 00:00:00+00:00,1.0474056005477905,1.0522992610931396,1.045434594154358,1.0474056005477905,0,0.0,0.0,-0.005430522257551251,-0.006456683315215487,0.0010261610576642356,0.00815129280090332,False,False,False,False
2024-12-16 00:00:00+00:00,1.051005244255066,1.0524100065231323,1.0475043058395386,1.051005244255066,0,0.0,0.0,-0.005192704289175953,-0.006203887510007581,0.0010111832208316279,0.007676311901637486,False,False,False,False
2024-12-17 00:00:00+00:00,1.0517348051071167,1.0532857179641724,1.047998309135437,1.0517348051071167,0,0.0,0.0,-0.004889004966334376,-0.00594091100127294,0.0010519060349385642,0.0070599402700151715,False,False,False,False
2024-12-18 00:00:00+00:00,1.0495051145553589,1.0515247583389282,1.0467805862426758,1.0495051145553589,0,0.0,0.0,-0.004773215797680308,-0.005707371960554415,0.0009341561628741068,0.006884941032954625,False,False,True,False
2024-12-19 00:00:00+00:00,1.0350252389907837,1.0422203540802002,1.0352503061294556,1.0350252389907837,0,0.0,0.0,-0.005783191955052391,-0.00572253595945401,-6.065599559838125e-05,0.007528117724827358,False,False,False,False
2024-12-20 00:00:00+00:00,1.0364949703216553,1.0433076620101929,1.0344257354736328,1.0364949703216553,0,0.0,0.0,-0.006391334969846341,-0.005856295761532476,-0.0005350392083138646,0.007442627634320941,False,True,False,True
2024-12-23 00:00:00+00:00,1.0433076620101929,1.0448229312896729,1.038594126701355,1.0433076620101929,0,0.0,0.0,-0.0062515019838345065,-0.005935337005992883,-0.0003161649778416235,0.007585883140563965,False,False,False,False
2024-12-24 00:00:00+00:00,1.0405826568603516,1.0411244630813599,1.0387451648712158,1.0405826568603516,0,0.0,0.0,-0.0062880833659058055,-0.006005886277975468,-0.00028219708793033715,0.00743943452835083,False,False,False,False
2024-12-25 00:00:00+00:00,1.0402579307556152,1.0432968139648438,1.0401498079299927,1.0402579307556152,0,0.0,0.0,-0.006270988999918625,-0.006058906822364101,-0.00021208217755452462,0.007097533770969936,False,False,False,False
2024-12-26 00:00:00+00:00,1.0399551391601562,1.042535424232483,1.0391446352005005,1.0399551391601562,0,0.0,0.0,-0.006210286031333778,-0.006089182664158037,-0.00012110336717574121,0.006537684372493199,False,False,False,False
2024-12-27 00:00:00+00:00,1.0423181056976318,1.0444954633712769,1.0406694412231445,1.0423181056976318,0,0.0,0.0,-0.005903455479950637,-0.006052037227316558,0.00014858174736592095,0.0064356156757899696,False,False,False,False
2024-12-30 00:00:00+00:00,1.0429377555847168,1.0458500385284424,1.0374196767807007,1.0429377555847168,0,0.0,0.0,-0.005546354567163014,-0.005950900695285849,0.0004045461281228348,0.006558265004839216,True,False,False,False
2024-12-31 00:00:00+00:00,1.040615200996399,1.0424268245697021,1.0348539352416992,1.040615200996399,0,0.0,0.0,-0.005388643339777177,-0.005838449224184116,0.0004498058844069385,0.00661015510559082,False,False,True,False
2025-01-02 00:00:00+00:00,1.0351860523223877,1.0375596284866333,1.0231853723526,1.0351860523223877,0,0.0,0.0,-0.005636765852546688,-0.00579811254985663,0.00016134669730994214,0.007368573120662144,False,False,False,False
2025-01-03 00:00:00+00:00,1.0268205404281616,1.0305347442626953,1.0265464782714844,1.0268205404281616,0,0.0,0.0,-0.006434261466905067,-0.005925342333266318,-0.0005089191336387485,0.0074953522000994,False,False,False,False
2025-01-06 00:00:00+00:00,1.0305347442626953,1.0435036420822144,1.029632806777954,1.0305347442626953,0,0.0,0.0,-0.006689465286602969,-0.0060781669239336495,-0.0006112983626693196,0.008329544748578752,False,False,False,False
2025-01-07 00:00:00+00:00,1.0386372804641724,1.043623447418213,1.035947322845459,1.0386372804641724,0,0.0,0.0,-0.006166821912327203,-0.0060958979216123605,-7.092399071484227e-05,0.008886780057634627,False,False,False,False
2025-01-08 00:00:00+00:00,1.034554123878479,1.0358400344848633,1.0276752710342407,1.034554123878479,0,0.0,0.0,-0.0060127882052736226,-0.006079275978344614,6.64877730709914e-05,0.009315907955169678,False,False,False,False
2025-01-09 00:00:00+00:00,1.0314701795578003,1.0323113203048706,1.0286160707473755,1.0314701795578003,0,0.0,0.0,-0.006069597375411018,-0.006077340257757895,7.742882346877672e-06,0.00872185400554112,False,False,False,False
2025-01-10 00:00:00+00:00,1.0297601222991943,1.0311936140060425,1.0221186876296997,1.0297601222991943,0,0.0,0.0,-0.006181351607681851,-0.006098142527742687,-8.320907993916368e-05,0.008755394390651159,False,False,False,False
2025-01-13 00:00:00+00:00,1.0244431495666504,1.025020718574524,1.0183818340301514,1.0244431495666504,0,0.0,0.0,-0.006622611561969638,-0.006203036334588077,-0.0004195752273815608,0.008973274912152971,False,True,False,False
2025-01-14 00:00:00+00:00,1.0265253782272339,1.0303966999053955,1.0239711999893188,1.0265253782272339,0,0.0,0.0,-0.006726752982724404,-0.006307779664215343,-0.0004189733185090616,0.009106346539088659,False,False,False,True
2025-01-15 00:00:00+00:00,1.0306835174560547,1.0350252389907837,1.0270631313323975,1.0306835174560547,0,0.0,0.0,-0.006399983696028455,-0.006326220470577965,-7.376322545049e-05,0.00948869330542428,False,False,False,False
2025-01-16 00:00:00+00:00,1.0295268297195435,1.0311510562896729,1.0263779163360596,1.0295268297195435,0,0.0,0.0,-0.0061633049723726074,-0.006293637370936894,0.00013033239856428697,0.009587432656969343,False,False,False,False
2025-01-17 00:00:00+00:00,1.0301949977874756,1.0329724550247192,1.0266518592834473,1.0301949977874756,0,0.0,0.0,-0.0058543346738058055,-0.006205776831510677,0.0003514421577048713,0.009714594909123011,False,False,False,False
2025-01-20 00:00:00+00:00,1.0277386903762817,1.0427310466766357,1.0279394388198853,1.0277386903762817,0,0.0,0.0,-0.005741492613157151,-0.006112919987839972,0.0003714273746828209,0.010168969631195068,False,False,False,False
2025-01-21 00:00:00+00:00,1.0420682430267334,1.0434056520462036,1.034457802772522,1.0420682430267334,0,0.0,0.0,-0.004444555258901639,-0.005779247042052306,0.0013346917831506665,0.010710622583116804,False,False,False,False
2025-01-22 00:00:00+00:00,1.0405935049057007,1.0458062887191772,1.0400739908218384,1.0405935049057007,0,0.0,0.0,-0.0034954289738107214,-0.005322483428403989,0.0018270544545932674,0.009875084672655379,False,False,False,False
2025-01-23 00:00:00+00:00,1.0410159826278687,1.042546272277832,1.0385618209838867,1.0410159826278687,0,0.0,0.0,-0.0026782756390073548,-0.004793641870524662,0.0021153662315173075,0.009542575904301234,False,False,False,False
2025-01-24 00:00:00+00:00,1.041601538658142,1.051934003829956,1.0413196086883545,1.041601538658142,0,0.0,0.0,-0.0019608231077405947,-0.0042270781179678495,0.002266255010227255,0.009130784443446569,False,False,False,False
2025-01-27 00:00:00+00:00,1.0467586517333984,1.0533745288848877,1.045434594154358,1.0467586517333984,0,0.0,0.0,-0.0009649772255855282,-0.0035746579394913855,0.0026096807139058572,0.009036804948534285,True,False,False,False
2025-01-28 00:00:00+00:00,1.0445064306259155,1.0455766916275024,1.0415256023406982,1.0445064306259155,0,0.0,0.0,-0.00035342356323364577,-0.002930411064239838,0.002576987501006192,0.008627593517303467,False,False,False,False
2025-01-29 00:00:00+00:00,1.0429050922393799,1.0444954633712769,1.0383461713790894,1.0429050922393799,0,0.0,0.0,1.9994469564466044e-06,-0.002343928962000581,0.0023459284089570277,0.008643465382712228,False,False,False,False
2025-01-30 00:00:00+00:00,1.0425245761871338,1.0465506315231323,1.0391337871551514,1.0425245761871338,0,0.0,0.0,0.00025008742573562337,-0.0018251256844533403,0.0020752131101889637,0.00850527627127511,False,False,True,False
2025-01-31 00:00:00+00:00,1.0397279262542725,1.0412328243255615,1.0362050533294678,1.0397279262542725,0,0.0,0.0,0.0002185137685883909,-0.001416397793844994,0.001634911562433385,0.008143935884748186,False,False,False,False
2025-02-03 00:00:00+00:00,1.024779200553894,1.032652497291565,1.0213043689727783,1.024779200553894,0,0.0,0.0,-0.0010012045516409884,-0.0013333591454041931,0.0003321545937632047,0.009000939982278007,False,True,False,False
2025-02-04 00:00:00+00:00,1.0327378511428833,1.0386804342269897,1.0276541709899902,1.0327378511428833,0,0.0,0.0,-0.001310536470059409,-0.0013287946103352365,1.825814027582736e-05,0.009386752332959856,False,False,False,False
2025-02-05 00:00:00+00:00,1.0372798442840576,1.0436452627182007,1.0370432138442993,1.0372798442840576,0,0.0,0.0,-0.0011756314094664155,-0.0012981619701614724,0.00012253056069505682,0.009824914591653007,False,False,False,False
2025-02-06 00:00:00+00:00,1.0400848388671875,1.040528655052185,1.0354539155960083,1.0400848388671875,0,0.0,0.0,-0.0008327788008379855,-0.001205085336296775,0.0003723065354587895,0.009735924857003348,False,False,False,False
2025-02-07 00:00:00+00:00,1.0385725498199463,1.0405935049057007,1.0324605703353882,1.0385725498199463,0,0.0,0.0,-0.0006753101704863873,-0.0010991303031346975,0.0004238201326483102,0.009260305336543493,False,False,False,False
2025-02-10 00:00:00+00:00,1.0311616659164429,1.0336023569107056,1.0299509763717651,1.0311616659164429,0,0.0,0.0,-0.0011354230914819574,-0.0011063888608041496,-2.903423067780785e-05,0.00875706332070487,False,False,False,False
2025-02-11 00:00:00+00:00,1.0301525592803955,1.0351966619491577,1.0292725563049316,1.0301525592803955,0,0.0,0.0,-0.0015634696633257672,-0.0011978050213084731,-0.00036566464201729407,0.008770763874053955,False,False,False,True
2025-02-12 00:00:00+00:00,1.0364949703216553,1.039565920829773,1.031821370124817,1.0364949703216553,0,0.0,0.0,-0.0013750691489338163,-0.0012332578468335418,-0.00014181130210027442,0.009158543178013392,False,False,False,False
2025-02-13 00:00:00+00:00,1.039198637008667,1.044571876525879,1.0379257202148438,1.039198637008667,0,0.0,0.0,-0.0009961144899885976,-0.001185829175464553,0.0001897146854759554,0.008955606392451696,False,False,False,False
2025-02-14 00:00:00+00:00,1.0461673736572266,1.0513699054718018,1.0448119640350342,1.0461673736572266,0,0.0,0.0,-0.00013195034375046433,-0.0009750534091217354,0.0008431030653712711,0.008984054837908064,False,False,False,False
2025-02-17 00:00:00+00:00,1.0489217042922974,1.0507071018218994,1.0467368364334106,1.0489217042922974,0,0.0,0.0,0.0007663237285358004,-0.0006267779815902284,0.0013931017101260288,0.008934531893048967,False,False,False,False
2025-02-18 00:00:00+00:00,1.048536777496338,1.0486466884613037,1.044277310371399,1.048536777496338,0,0.0,0.0,0.0014306602660789647,-0.00021529033205638974,0.0016459505981353544,0.008826255798339844,False,False,False,False
2025-02-19 00:00:00+00:00,1.044833779335022,1.0462440252304077,1.0405069589614868,1.044833779335022,0,0.0,0.0,0.0016394521699059084,0.00015565816833606986,0.0014837940015698385,0.008870039667401994,False,False,False,False
2025-02-20 00:00:00+00:00,1.0421009063720703,1.047877550125122,1.0419706106185913,1.0421009063720703,0,0.0,0.0,0.0015663453947212247,0.0004377956136131008,0.0011285497811081239,0.008840569428035192,False,False,False,False
2025-02-21 00:00:00+00:00,1.0500562191009521,1.0507513284683228,1.0449975728988647,1.0500562191009521,0,0.0,0.0,0.0021258297584076935,0.0007754024425720194,0.001350427315835674,0.00814248834337507,False,False,False,False
2025-02-24 00:00:00+00:00,1.0474823713302612,1.0528643131256104,1.045434594154358,1.0474823713302612,0,0.0,0.0,0.002334625038751925,0.0010872469618080005,0.0012473780769439247,0.007680237293243408,False,False,False,False
2025-02-25 00:00:00+00:00,1.0461344718933105,1.0518454313278198,1.0457953214645386,1.0461344718933105,0,0.0,0.0,0.002364080929649459,0.0013426137553762922,0.001021467174273167,0.007333287170955113,False,False,False,False
2025-02-26 00:00:00+00:00,1.0524100065231323,1.0527424812316895,1.0476469993591309,1.0524100065231323,0,0.0,0.0,0.0028608302627355364,0.0016462570568481411,0.0012145732058873953,0.007442806448255267,False,False,False,False
2025-02-27 00:00:00+00:00,1.0488777160644531,1.0489877462387085,1.0404852628707886,1.0488777160644531,0,0.0,0.0,0.0029356411251422188,0.001904133870506957,0.0010315072546352617,0.007713649954114642,False,False,False,False
2025-02-28 00:00:00+00:00,1.039511799812317,1.0421009063720703,1.038184404373169,1.039511799812317,0,0.0,0.0,0.0022136604060580822,0.001966039177617182,0.00024762122844090026,0.007861631257193429,False,True,False,False
2025-03-03 00:00:00+00:00,1.0413846969604492,1.050023078918457,1.039047360420227,1.0413846969604492,0,0.0,0.0,0.0017721839980104903,0.0019272681416958439,-0.00015508414368535354,0.008222460746765137,False,False,False,False
2025-03-04 00:00:00+00:00,1.0485037565231323,1.0559550523757935,1.0471752882003784,1.0485037565231323,0,0.0,0.0,0.0019740042816287495,0.0019366153696824251,3.7388911946324406e-05,0.00859081745147705,False,False,False,False
2025-03-05 00:00:00+00:00,1.062699317932129,1.0785857439041138,1.0602879524230957,1.062699317932129,0,0.0,0.0,0.0032420392682965815,0.0021977001494052567,0.0010443391188913248,0.010162608964102609,False,False,False,False
2025-03-06 00:00:00+00:00,1.0794938802719116,1.0851047039031982,1.0782485008239746,1.0794938802719116,0,0.0,0.0,0.0055383048232093834,0.0028658210841660823,0.002672483739043301,0.010893617357526506,False,False,False,False
2025-03-07 00:00:00+00:00,1.0787951946258545,1.088565707206726,1.0782135725021362,1.0787951946258545,0,0.0,0.0,0.007218523085940287,0.003736361484520923,0.003482161601419364,0.011308789253234863,False,False,False,False
2025-03-10 00:00:00+00:00,1.086059331893921,1.0873465538024902,1.0806254148483276,1.086059331893921,0,0.0,0.0,0.009032146372017547,0.004795518462020248,0.004236627909997299,0.011587858200073242,False,False,False,False
2025-03-11 00:00:00+00:00,1.0839403867721558,1.0930275917053223,1.0836819410324097,1.0839403867721558,0,0.0,0.0,0.010181113194734692,0.005872637408563137,0.004308475786171555,0.011681846209934779,False,False,False,False
2025-03-12 00:00:00+00:00,1.0914170742034912,1.093457818031311,1.087725043296814,1.0914170742034912,0,0.0,0.0,0.011561707700562973,0.0070104514669631045,0.004551256233599869,0.011939738477979387,False,False,False,False
2025-03-13 00:00:00+00:00,1.0886249542236328,1.0899182558059692,1.082297921180725,1.0886249542236328,0,0.0,0.0,0.012288879492199811,0.008066137072010445,0.004222742420189366,0.01197321925844465,False,False,False,False
2025-03-14 00:00:00+00:00,1.085564136505127,1.0910122394561768,1.0831302404403687,1.085564136505127,0,0.0,0.0,0.012474388975428186,0.008947787452693994,0.0035266015227341917,0.012005524975912911,False,False,False,False
2025-03-17 00:00:00+00:00,1.0881274938583374,1.0928961038589478,1.0869210958480835,1.0881274938583374,0,0.0,0.0,0.012682057231484967,0.009694641408452189,0.0029874158230327776,0.012097086225237166,False,False,False,False
2025-03-18 00:00:00+00:00,1.091917634010315,1.095446228981018,1.0897043943405151,1.091917634010315,0,0.0,0.0,0.013002582774918059,0.010356229681745363,0.002646353093172696,0.012147852352687291,True,False,False,False
2025-03-19 00:00:00+00:00,1.093948245048523,1.0945708751678467,1.0875948667526245,1.093948245048523,0,0.0,0.0,0.013267515260428686,0.010938486797482029,0.002329028462946657,0.011794371264321464,False,False,True,False
2025-03-20 00:00:00+00:00,1.0911908149719238,1.0917507410049438,1.0818296670913696,1.0911908149719238,0,0.0,0.0,0.013103920759941268,0.011371573589973878,0.0017323471699673895,0.011896175997597831,False,False,False,False
2025-03-21 00:00:00+00:00,1.0856702327728271,1.086130142211914,1.0805671215057373,1.0856702327728271,0,0.0,0.0,0.012386027676612343,0.01157446440730157,0.0008115632693107729,0.011871031352451869,False,False,False,False
2025-03-24 00:00:00+00:00,1.0835762023925781,1.0856938362121582,1.079074501991272,1.0835762023925781,0,0.0,0.0,0.011515379359607003,0.011562647397762658,-4.7268038155655334e-05,0.01130310126713344,False,False,False,False
2025-03-25 00:00:00+00:00,1.0803569555282593,1.0830715894699097,1.0778650045394897,1.0803569555282593,0,0.0,0.0,0.010445212075231414,0.01133916033325641,-0.0008939482580249958,0.00956233058656965,False,False,False,False
2025-03-26 00:00:00+00:00,1.0787487030029297,1.080228567123413,1.076878309249878,1.0787487030029297,0,0.0,0.0,0.009359434519067733,0.010943215170418675,-0.0015837806513509418,0.008210420608520508,False,False,False,False
2025-03-27 00:00:00+00:00,1.0742061138153076,1.0818763971328735,1.0742061138153076,1.0742061138153076,0,0.0,0.0,0.008039722088085677,0.010362516553952076,-0.002322794465866399,0.008018859795161657,False,True,False,False
2025-03-28 00:00:00+00:00,1.080100178718567,1.0845280885696411,1.07658851146698,1.080100178718567,0,0.0,0.0,0.007384320408367451,0.009766877324835152,-0.0023825569164677013,0.008145332336425781,False,False,False,False
2025-03-31 00:00:00+01:00,1.082391619682312,1.084845781326294,1.0785740613937378,1.082391619682312,0,0.0,0.0,0.006969470275686174,0.009207395915005356,-0.0022379256393191826,0.00792576585497175,False,False,False,False
2025-04-01 00:00:00+01:00,1.0818880796432495,1.0830715894699097,1.0779578685760498,1.0818880796432495,0,0.0,0.0,0.006524852644108181,0.008670887260825922,-0.002146034616717741,0.007611215114593506,False,False,False,False
2025-04-02 00:00:00+01:00,1.0795987844467163,1.087263822555542,1.0782020092010498,1.0795987844467163,0,0.0,0.0,0.005919526362731409,0.00812061508120702,-0.002201088718475611,0.007607119424002511,False,False,False,True
2025-04-03 00:00:00+01:00,1.090869426727295,1.1133378744125366,1.0882458686828613,1.090869426727295,0,0.0,0.0,0.00627689146537147,0.0077518703580399095,-0.0014749788926684392,0.009454054491860526,False,False,False,False
2025-04-04 00:00:00+01:00,1.1043744087219238,1.1107531785964966,1.0964791774749756,1.1043744087219238,0,0.0,0.0,0.0075626673434743275,0.007714029755126793,-0.00015136241165246596,0.010350610528673445,False,False,False,False
2025-04-07 00:00:00+01:00,1.098454475402832,1.1049845218658447,1.0903223752975464,1.098454475402832,0,0.0,0.0,0.008011611970738741,0.007773546198249183,0.0002380657724895584,0.010875139917646135,False,False,False,False
2025-04-08 00:00:00+01:00,1.0915361642837524,1.0991909503936768,1.0891940593719482,1.0915361642837524,0,0.0,0.0,0.007720160726523595,0.007762869103904066,-4.27083773804713e-05,0.011090917246682304,False,False,False,False
2025-04-09 00:00:00+01:00,1.0980443954467773,1.1094838380813599,1.0972250699996948,1.0980443954467773,0,0.0,0.0,0.007923011830510696,0.0077948976492253925,0.0001281141812853031,0.011507281235286168,False,False,False,False
2025-04-10 00:00:00+01:00,1.0952062606811523,1.122536063194275,1.0953142642974854,1.0952062606811523,0,0.0,0.0,0.00776524611209739,0.007788967341799792,-2.372122970240205e-05,0.012692860194614955,False,False,False,False
2025-04-11 00:00:00+01:00,1.1257838010787964,1.1471836566925049,1.1250872611999512,1.1257838010787964,0,0.0,0.0,0.009992381650906434,0.008229650203621122,0.001762731447285313,0.015932721751076833,False,False,False,False
2025-04-14 00:00:00+01:00,1.1343141794204712,1.1424784660339355,1.1299690008163452,1.1343141794204712,0,0.0,0.0,0.012303901138472684,0.009044500390591435,0.003259400747881249,0.016717255115509033,False,False,False,False
2025-04-15 00:00:00+01:00,1.1339668035507202,1.1377859115600586,1.1285662651062012,1.1339668035507202,0,0.0,0.0,0.013946994386831113,0.010024999189839371,0.003921995196991742,0.017127326556614468,False,False,False,False
2025-04-16 00:00:00+01:00,1.1292672157287598,1.1390169858932495,1.129420280456543,1.1292672157287598,0,0.0,0.0,0.014700482155310723,0.010960095782933641,0.0037403863723770824,0.017264928136553084,False,False,False,False
2025-04-17 00:00:00+01:00,1.1396790742874146,1.1396400928497314,1.13413405418396,1.1396790742874146,0,0.0,0.0,0.015953870324407537,0.011958850691228422,0.003995019633179116,0.017268564019884382,False,False,False,False
2025-04-22 00:00:00+01:00,1.1512778997421265,1.1546543836593628,1.1453967094421387,1.1512778997421265,0,0.0,0.0,0.017679321543598414,0.013102944861702421,0.004576376681895993,0.01789024897984096,True,False,True,False
2025-04-23 00:00:00+01:00,1.1351252794265747,1.144007682800293,1.13379967212677,1.1351252794265747,0,0.0,0.0,0.01754116892327806,0.01399058967401755,0.0035505792492605114,0.01877342803137643,False,False,False,False
2025-04-24 00:00:00+01:00,1.132733702659607,1.1394323110580444,1.1322335004806519,1.132733702659607,0,0.0,0.0,0.017042249277248844,0.014600921594663809,0.0024413276825850354,0.018640356404440745,False,False,False,False
2025-04-25 00:00:00+01:00,1.1371906995773315,1.1384334564208984,1.1316184997558594,1.1371906995773315,0,0.0,0.0,0.016812688063372105,0.01504327488840547,0.0017694131749666359,0.01671720402581351,False,False,False,False
2025-04-28 00:00:00+01:00,1.1343141794204712,1.140823245048523,1.133105993270874,1.1343141794204712,0,0.0,0.0,0.0162117688312875,0.015276973676981876,0.0009347951543056225,0.015848168304988315,False,False,False,False
2025-04-29 00:00:00+01:00,1.1409143209457397,1.1419566869735718,1.1371389627456665,1.1409143209457397,0,0.0,0.0,0.016082720679034157,0.015438123077392332,0.0006445976016418251,0.015346765518188477,False,False,False,False
2025-04-30 00:00:00+01:00,1.1389262676239014,1.1398869752883911,1.1327080726623535,1.1389262676239014,0,0.0,0.0,0.01563974456052364,0.015478447374018593,0.00016129718650504526,0.015218862465449743,False,False,False,False
2025-05-01 00:00:00+01:00,1.1324899196624756,1.1340954303741455,1.126697063446045,1.1324899196624756,0,0.0,0.0,0.014601011928750296,0.015302960284964934,-0.0007019483562146385,0.014810400349753243,False,False,False,False
2025-05-02 00:00:00+01:00,1.1296498775482178,1.1378635168075562,1.1275228261947632,1.1296498775482178,0,0.0,0.0,0.013394240701821936,0.014921216368336336,-0.0015269756665144008,0.013604606900896345,False,False,False,False
2025-05-05 00:00:00+01:00,1.1323232650756836,1.1364539861679077,1.1312856674194336,1.1323232650756836,0,0.0,0.0,0.012509385432751818,0.014438850181219433,-0.0019294647484676148,0.010377943515777588,False,False,False,False
2025-05-06 00:00:00+01:00,1.1313369274139404,1.1361182928085327,1.1281206607818604,1.1313369274139404,0,0.0,0.0,0.011594883451971016,0.013870056835369751,-0.0022751733833987348,0.00975672687802996,False,False,False,False
2025-05-07 00:00:00+01:00,1.1342755556106567,1.1377729177474976,1.1327080726623535,1.1342755556106567,0,0.0,0.0,0.010980678355063445,0.013292181139308492,-0.0023115027842450474,0.00955789429800851,False,False,False,False
2025-05-08 00:00:00+01:00,1.1306205987930298,1.1336711645126343,1.123608112335205,1.1306205987930298,0,0.0,0.0,0.010082764093059637,0.012650297730058721,-0.002567533636999084,0.00963437557220459,False,False,False,False
2025-05-09 00:00:00+01:00,1.122422695159912,1.1291142702102661,1.1199839115142822,1.122422695159912,0,0.0,0.0,0.008610402896049196,0.011842318763256816,-0.00323191586720762,0.009653219154902868,False,False,False,False
2025-05-12 00:00:00+01:00,1.12296462059021,1.1242902278900146,1.1075055599212646,1.12296462059021,0,0.0,0.0,0.007401949822790854,0.010954244975163625,-0.003552295152372771,0.009782459054674422,False,True,False,False
2025-05-13 00:00:00+01:00,1.1095577478408813,1.1177430152893066,1.109668493270874,1.1095577478408813,0,0.0,0.0,0.0053013092774392145,0.009823657835618744,-0.004522348558179529,0.00948373760495867,False,False,False,False
2025-05-14 00:00:00+01:00,1.1185556650161743,1.1264559030532837,1.1182429790496826,1.1185556650161743,0,0.0,0.0,0.0043128770661193805,0.008721501681718872,-0.004408624615599491,0.010176547936030797,False,False,False,False
2025-05-15 00:00:00+01:00,1.1181930303573608,1.1227755546569824,1.117480754852295,1.1181930303573608,0,0.0,0.0,0.003460386647816893,0.0076692786749384765,-0.004208892027121583,0.010067965303148543,False,False,False,False
2025-05-16 00:00:00+01:00,1.1192693710327148,1.1219944953918457,1.1141440868377686,1.1192693710327148,0,0.0,0.0,0.002838908377974736,0.006703204615545729,-0.003864296237570993,0.010077476501464844,False,False,False,False
2025-05-19 00:00:00+01:00,1.1187559366226196,1.128604531288147,1.1173559427261353,1.1187559366226196,0,0.0,0.0,0.0022786852406493363,0.005818300740566451,-0.003539615499917115,0.010335053716387068,False,False,False,False
2025-05-20 00:00:00+01:00,1.1233429908752441,1.1277261972427368,1.12186861038208,1.1233429908752441,0,0.0,0.0,0.0021797149140010408,0.005090583575253369,-0.0029108686612523286,0.010389626026153564,False,False,False,True
2025-05-21 00:00:00+01:00,1.1287955045700073,1.1362345218658447,1.1287446022033691,1.1287955045700073,0,0.0,0.0,0.002512292361206425,0.004574925332443981,-0.0020626329712375557,0.010436935084206718,False,False,False,False
2025-05-22 00:00:00+01:00,1.133118748664856,1.134455680847168,1.1267098188400269,1.133118748664856,0,0.0,0.0,0.003089102797652288,0.004277760825485643,-0.001188658027833355,0.010251590183803014,False,False,False,False
2025-05-23 00:00:00+01:00,1.1281843185424805,1.1376564502716064,1.1279934644699097,1.1281843185424805,0,0.0,0.0,0.003112186602226119,0.004044645980833738,-0.0009324593786076193,0.010455795696803502,False,False,False,False
2025-05-26 00:00:00+01:00,1.1372811794281006,1.1418914794921875,1.136932134628296,1.1372811794281006,0,0.0,0.0,0.003820481202357895,0.00399981302513857,-0.00017933182278067478,0.010863619191305978,False,False,False,False
2025-05-27 00:00:00+01:00,1.1388484239578247,1.1409013271331787,1.1325156688690186,1.1388484239578247,0,0.0,0.0,0.004456896977454994,0.004091229815601855,0.0003656671618531386,0.011002881186349052,False,False,False,False
2025-05-28 00:00:00+01:00,1.1337097883224487,1.1345586776733398,1.128426194190979,1.1337097883224487,0,0.0,0.0,0.0044948028248947836,0.0041719444174604416,0.000322858407434342,0.01098536593573434,False,False,False,False
2025-05-29 00:00:00+01:00,1.123368263244629,1.1369450092315674,1.12271249294281,1.123368263244629,0,0.0,0.0,0.0036483133507276833,0.00406721820411389,-0.00041890485338620664,0.011242210865020752,False,False,False,False
2025-05-30 00:00:00+01:00,1.1378376483917236,1.1390429735183716,1.1314393281936646,1.1378376483917236,0,0.0,0.0,0.0040977860724367154,0.004073331777778456,2.445429465825974e-05,0.011162928172520228,False,False,False,False
2025-06-02 00:00:00+01:00,1.1353315114974976,1.1449114084243774,1.135589361190796,1.1353315114974976,0,0.0,0.0,0.004203318896202957,0.004099329201463356,0.00010398969473960056,0.010879065309252058,False,False,False,False
2025-06-03 00:00:00+01:00,1.1453442573547363,1.145514726638794,1.1367640495300293,1.1453442573547363,0,0.0,0.0,0.005036837799204497,0.004286830921011585,0.0007500068781929117,0.01039942673274449,False,False,False,False
2025-06-04 00:00:00+01:00,1.1384464502334595,1.143458366394043,1.1359375715255737,1.1384464502334595,0,0.0,0.0,0.005082227393884864,0.004445910215586241,0.0006363171782986232,0.010693132877349854,False,False,False,False
2025-06-05 00:00:00+01:00,1.1422044038772583,1.1494252681732178,1.1406149864196777,1.1422044038772583,0,0.0,0.0,0.005359651698693568,0.004628658512207706,0.0007309931864858624,0.010916590690612793,False,False,False,False
2025-06-06 00:00:00+01:00,1.1453834772109985,1.1458691358566284,1.137229561805725,1.1453834772109985,0,0.0,0.0,0.0057695295630024734,0.00485683272236666,0.0009126968406358137,0.010730232511247908,False,False,False,False
2025-06-09 00:00:00+01:00,1.1407841444015503,1.1440337896347046,1.138757586479187,1.1407841444015503,0,0.0,0.0,0.005658010975447825,0.005017068372982892,0.0006409426024649324,0.010562777519226074,False,False,False,False
2025-06-10 00:00:00+01:00,1.1428048610687256,1.1448328495025635,1.1374623775482178,1.1428048610687256,0,0.0,0.0,0.005667356876307261,0.005147126073647767,0.0005202308026594944,0.010168416159493583,False,False,False,False
2025-06-11 00:00:00+01:00,1.143746018409729,1.149095058441162,1.1406019926071167,1.143746018409729,0,0.0,0.0,0.005685171978242254,0.005254735254566665,0.00043043672367558926,0.010221787861415319,False,False,False,False
2025-06-12 00:00:00+01:00,1.1509333848953247,1.1628718376159668,1.1502846479415894,1.1509333848953247,0,0.0,0.0,0.006207692567176348,0.0054453267170886015,0.0007623658500877468,0.010897704533168249,True,False,False,False
2025-06-13 00:00:00+01:00,1.1600254774093628,1.1612108945846558,1.1492931842803955,1.1600254774093628,0,0.0,0.0,0.007271626989060032,0.005810586771482888,0.0014610402175771432,0.01076988662992205,False,False,False,False
2025-06-16 00:00:00+01:00,1.1556684970855713,1.1614806652069092,1.1524852514266968,1.1556684970855713,0,0.0,0.0,0.007674760917822709,0.006183421600750853,0.0014913393170718561,0.010813440595354353,False,False,False,False
2025-06-17 00:00:00+01:00,1.1551345586776733,1.1574074029922485,1.1512514352798462,1.1551345586776733,0,0.0,0.0,0.00786055154835652,0.006518847590271987,0.0013417039580845332,0.01050870759146554,False,False,False,False
2025-06-18 00:00:00+01:00,1.1482638120651245,1.1530035734176636,1.1482374668121338,1.1482638120651245,0,0.0,0.0,0.007368441326282005,0.006688766337473991,0.0006796749888080137,0.009984748704092843,False,False,False,False
2025-06-19 00:00:00+01:00,1.1477497816085815,1.1486859321594238,1.1448458433151245,1.1477497816085815,0,0.0,0.0,0.006857908764576148,0.006722594822894423,0.0001353139416817254,0.009139418601989746,False,False,False,False
2025-06-20 00:00:00+01:00,1.1512778997421265,1.1534557342529297,1.1496102809906006,1.1512778997421265,0,0.0,0.0,0.0066612113805644135,0.006710318134428421,-4.9106753864007827e-05,0.008881126131330217,False,False,False,False
2025-06-23 00:00:00+01:00,1.1500862836837769,1.1551746129989624,1.1455540657043457,1.1500862836837769,0,0.0,0.0,0.0063361348114494564,0.006635481469832629,-0.00029934665838317245,0.008840935570853097,False,False,False,False
2025-06-24 00:00:00+01:00,1.1599044799804688,1.1635890007019043,1.1582921743392944,1.1599044799804688,0,0.0,0.0,0.006792456465452235,0.00666687646895655,0.00012557999649568437,0.009133509227207728,False,False,False,False
2025-06-25 00:00:00+01:00,1.161224365234375,1.1631423234939575,1.1590977907180786,1.161224365234375,0,0.0,0.0,0.007177856511316305,0.006769072477428502,0.00040878403388780286,0.008638203144073486,False,False,False,False
2025-06-26 00:00:00+01:00,1.1683744192123413,1.1743428707122803,1.1668611764907837,1.1683744192123413,0,0.0,0.0,0.00796838385590437,0.007008934753123676,0.0009594491027806948,0.00895812681743077,False,False,False,False
2025-06-27 00:00:00+01:00,1.1692214012145996,1.1750881671905518,1.1684290170669556,1.1692214012145996,0,0.0,0.0,0.008564500609184789,0.007320047924335899,0.0012444526848488895,0.008964402335030692,False,False,False,False
2025-06-30 00:00:00+01:00,1.1727453470230103,1.177163004875183,1.170905351638794,1.1727453470230103,0,0.0,0.0,0.00921505498910169,0.007699049337289057,0.0015160056518126325,0.00900519745690482,False,False,False,False
2025-07-01 00:00:00+01:00,1.178717017173767,1.1830259561538696,1.1767750978469849,1.178717017173767,0,0.0,0.0,0.010096106267568628,0.008178460723344973,0.0019176455442236548,0.00913287912096296,True,False,False,False
2025-07-02 00:00:00+01:00,1.180553913116455,1.1810001134872437,1.1749224662780762,1.180553913116455,0,0.0,0.0,0.010817866275840693,0.008706341833844118,0.002111524441996575,0.008200866835457938,False,False,False,False
2025-07-03 00:00:00+01:00,1.18002450466156,1.1813349723815918,1.1720856428146362,1.18002450466156,0,0.0,0.0,0.011217835222947059,0.009208640511664706,0.002009194711282353,0.008010268211364746,False,False,True,False
2025-07-04 00:00:00+01:00,1.1771491765975952,1.1786893606185913,1.1756683588027954,1.1771491765975952,0,0.0,0.0,0.011173991729418464,0.009601710755215459,0.0015722809742030053,0.007678891931261335,False,False,False,False
2025-07-07 00:00:00+01:00,1.178078293800354,1.179008960723877,1.1719070672988892,1.178078293800354,0,0.0,0.0,0.011086420088504578,0.009898652621873283,0.0011877674666312954,0.007746458053588867,False,False,False,False
2025-07-08 00:00:00+01:00,1.1736538410186768,1.17648446559906,1.168470025062561,1.1736538410186768,0,0.0,0.0,0.01053852105861175,0.010026626309220977,0.0005118947493907722,0.007940113544464111,False,False,False,False
2025-07-09 00:00:00+01:00,1.1724566221237183,1.1728830337524414,1.1690847873687744,1.1724566221237183,0,0.0,0.0,0.009893653689626802,0.010000031785302144,-0.00010637809567534164,0.007992182459150041,False,False,False,False
2025-07-10 00:00:00+01:00,1.17311692237854,1.1750881671905518,1.166575312614441,1.17311692237854,0,0.0,0.0,0.009328341056879186,0.009865693639617553,-0.0005373525827383676,0.008192675454275948,False,False,False,False
2025-07-11 00:00:00+01:00,1.1702749729156494,1.1713716983795166,1.1665889024734497,1.1702749729156494,0,0.0,0.0,0.00855241819877639,0.009603038551449321,-0.0010506203526729312,0.00797178064073835,False,False,False,False
2025-07-14 00:00:00+01:00,1.1682106256484985,1.169864296913147,1.1656641960144043,1.1682106256484985,0,0.0,0.0,0.007682360699478252,0.009218902981055108,-0.0015365422815768557,0.007336642060961042,False,False,False,False
2025-07-15 00:00:00+01:00,1.1666297912597656,1.1692078113555908,1.1602139472961426,1.1666297912597656,0,0.0,0.0,0.006787037001502849,0.008732529785144657,-0.0019454927836418077,0.007690165724073138,False,False,False,False
2025-07-16 00:00:00+01:00,1.1607391834259033,1.1716736555099487,1.1564035415649414,1.1607391834259033,0,0.0,0.0,0.0055383213767239425,0.008093688103460514,-0.002555366726736572,0.007843852043151855,False,True,False,False
2025-07-17 00:00:00+01:00,1.1635754108428955,1.1635754108428955,1.1569386720657349,1.1635754108428955,0,0.0,0.0,0.004723119910498008,0.007419574464868014,-0.0026964545543700057,0.007838351385934013,False,False,False,False
2025-07-18 00:00:00+01:00,1.161548137664795,1.1669564247131348,1.1612648963928223,1.161548137664795,0,0.0,0.0,0.003868884777048276,0.006709436527304067,-0.002840551750255791,0.007677631718771798,False,False,False,False
2025-07-21 00:00:00+01:00,1.1630746126174927,1.1716736555099487,1.1614941358566284,1.1630746126174927,0,0.0,0.0,0.0032772924632837874,0.006023007714500012,-0.002745715251216224,0.007670411041804722,False,False,False,False
2025-07-22 00:00:00+01:00,1.1694538593292236,1.174936294555664,1.1680059432983398,1.1694538593292236,0,0.0,0.0,0.003285331927073143,0.005475472557014638,-0.002190140629941495,0.008083556379590715,False,False,False,False
2025-07-23 00:00:00+01:00,1.1739156246185303,1.1752538681030273,1.1712344884872437,1.1739156246185303,0,0.0,0.0,0.003610115268766423,0.005102401099364995,-0.001492285830598572,0.007837176322937012,False,False,False,False
2025-07-24 00:00:00+01:00,1.1774264574050903,1.1787587404251099,1.1733232736587524,1.1774264574050903,0,0.0,0.0,0.004103500670231464,0.004902621013538289,-0.0007991203433068252,0.007914270673479353,True,False,False,False
2025-07-25 00:00:00+01:00,1.1756131649017334,1.1760693788528442,1.1707408428192139,1.1756131649017334,0,0.0,0.0,0.004298642529570573,0.004781825316744746,-0.0004831827871741726,0.007884536470685686,False,False,False,False
2025-07-28 00:00:00+01:00,1.1756821870803833,1.1770660877227783,1.1609952449798584,1.1756821870803833,0,0.0,0.0,0.004408050114192097,0.004707070276234216,-0.000299020162042119,0.008346148899623327,False,False,False,False
2025-07-29 00:00:00+01:00,1.1596757173538208,1.160092830657959,1.1519941091537476,1.1596757173538208,0,0.0,0.0,0.003166664738039282,0.00439898916859523,-0.0012323244305559476,0.009711793490818568,False,False,False,False
2025-07-30 00:00:00+01:00,1.1550945043563843,1.157273530960083,1.1459347009658813,1.1550945043563843,0,0.0,0.0,0.0017925291217362194,0.0038776971592234277,-0.0020851680374872083,0.010085233620234899,False,False,False,False
2025-07-31 00:00:00+01:00,1.1429355144500732,1.1460267305374146,1.1406540870666504,1.1429355144500732,0,0.0,0.0,-0.00027444845190172096,0.003047268036998398,-0.003321716488900119,0.010650404861995153,False,False,False,False
2025-08-01 00:00:00+01:00,1.142374038696289,1.1582921743392944,1.1394582986831665,1.142374038696289,0,0.0,0.0,-0.001935537796770248,0.002050706870244669,-0.003986244667014917,0.011666340487343925,False,True,False,True
2025-08-04 00:00:00+01:00,1.158668041229248,1.1588828563690186,1.1550945043563843,1.158668041229248,0,0.0,0.0,-0.0019150971920094406,0.0012575460577938472,-0.0031726432498032876,0.012203122888292586,False,False,False,False
2025-08-05 00:00:00+01:00,1.1584129333496094,1.158815622329712,1.1530035734176636,1.1584129333496094,0,0.0,0.0,-0.001897608489880076,0.0006265151482590626,-0.0025241236381391384,0.011527546814509801,False,False,False,False
2025-08-06 00:00:00+01:00,1.1579166650772095,1.164646029472351,1.156510591506958,1.1579166650772095,0,0.0,0.0,-0.001901869699515668,0.00012083817870411646,-0.0020227078782197845,0.011634596756526403,False,False,False,False
2025-08-07 00:00:00+01:00,1.1663167476654053,1.1695358753204346,1.1614266633987427,1.1663167476654053,0,0.0,0.0,-0.001213442466986514,-0.00014601795043400965,-0.0010674245165525043,0.012058002608163016,False,False,False,False
2025-08-08 00:00:00+01:00,1.1676650047302246,1.167924165725708,1.1630746126174927,1.1676650047302246,0,0.0,0.0,-0.0005526947273042371,-0.00022735330580805514,-0.00032534142149618197,0.01167729071208409,False,False,False,False
2025-08-11 00:00:00+01:00,1.1647952795028687,1.1676785945892334,1.1591111421585083,1.1647952795028687,0,0.0,0.0,-0.0002576403086267387,-0.00023341070637179187,-2.422960225494683e-05,0.011441988604409354,False,False,False,False
2025-08-12 00:00:00+01:00,1.1618449687957764,1.1694538593292236,1.1599314212799072,1.1618449687957764,0,0.0,0.0,-0.0002588886659709022,-0.00023850629829161397,-2.0382367679288243e-05,0.011707876409803118,False,False,False,False
2025-08-13 00:00:00+01:00,1.1677058935165405,1.1730618476867676,1.1671879291534424,1.1677058935165405,0,0.0,0.0,0.0002106217288315726,-0.00014868069286697665,0.00035930242169854927,0.01212083441870553,True,False,False,False
2025-08-14 00:00:00+01:00,1.171289324760437,1.1715638637542725,1.1638462543487549,1.171289324760437,0,0.0,0.0,0.0008619292686733449,5.3441299441087654e-05,0.0008084879692322572,0.012194548334394182,False,False,False,False
2025-08-15 00:00:00+01:00,1.1651345491409302,1.171522617340088,1.1647816896438599,1.1651345491409302,0,0.0,0.0,0.0008714111462677643,0.000217035268806423,0.0006543758774613412,0.011528125831059046,False,False,False,False
2025-08-18 00:00:00+01:00,1.1706587076187134,1.1710972785949707,1.166167140007019,1.1706587076187134,0,0.0,0.0,0.0013095829671545545,0.0004355448084760493,0.0008740381586785052,0.01026202951158796,False,False,False,False
2025-08-19 00:00:00+01:00,1.1668338775634766,1.169344425201416,1.1641037464141846,1.1668338775634766,0,0.0,0.0,0.001332841307122079,0.0006150041082052552,0.0007178371989168238,0.009748739855630057,False,False,True,False
2025-08-20 00:00:00+01:00,1.164252758026123,1.1672561168670654,1.1623852252960205,1.164252758026123,0,0.0,0.0,0.001129973304890397,0.0007179979475422836,0.0004119753573481134,0.00906520230429513,False,False,False,False
2025-08-21 00:00:00+01:00,1.165175199508667,1.1661943197250366,1.1602678298950195,1.165175199508667,0,0.0,0.0,0.001031739024770717,0.0007807461629879704,0.00025099286178274663,0.008143246173858643,False,False,False,False
2025-08-22 00:00:00+01:00,1.16130530834198,1.1730343103408813,1.1583592891693115,1.16130530834198,0,0.0,0.0,0.0006343078686477099,0.0007514585041199183,-0.00011715063547220838,0.008012260709490095,False,False,False,False
2025-08-25 00:00:00+01:00,1.1709601879119873,1.1719757318496704,1.1667250394821167,1.1709601879119873,0,0.0,0.0,0.0010858914257749763,0.00081834508845093,0.0002675463373240463,0.008359287466321672,False,False,False,False
2025-08-26 00:00:00+01:00,1.1618449687957764,1.1664528846740723,1.1602543592453003,1.1618449687957764,0,0.0,0.0,0.0007001813894587094,0.0007947123486524859,-9.45309591937765e-05,0.008542886802128382,False,False,False,False
2025-08-27 00:00:00+01:00,1.1639411449432373,1.1642799377441406,1.157474398612976,1.1639411449432373,0,0.0,0.0,0.0005572239723194983,0.0007472146733858885,-0.00018999070106639018,0.008199053151266915,False,True,False,False
2025-08-28 00:00:00+01:00,1.1647952795028687,1.168770432472229,1.1629530191421509,1.1647952795028687,0,0.0,0.0,0.0005070062574108469,0.0006991729901908802,-0.00019216673278003328,0.008268186024257116,False,False,False,True
2025-08-29 00:00:00+01:00,1.1681560277938843,1.1707408428192139,1.1654332876205444,1.1681560277938843,0,0.0,0.0,0.000729977925556291,0.0007053339772639625,2.4643948292328533e-05,0.008080908230372838,False,False,False,False
2025-09-01 00:00:00+01:00,1.1691803932189941,1.1735849380493164,1.1688660383224487,1.1691803932189941,0,0.0,0.0,0.000978067751598477,0.0007598807321308654,0.00021818701946761166,0.0077885133879525325,False,False,False,False
2025-09-02 00:00:00+01:00,1.1715912818908691,1.1716049909591675,1.1613458395004272,1.1715912818908691,0,0.0,0.0,0.0013536156546405387,0.0008786277166328001,0.0004749879380077386,0.007720104285648891,False,False,False,False
2025-09-03 00:00:00+01:00,1.163602590560913,1.1682243347167969,1.1609817743301392,1.163602590560913,0,0.0,0.0,0.00099514800073508,0.000901931773453256,9.321622728182392e-05,0.007926668439592634,False,False,False,False
2025-09-04 00:00:00+01:00,1.16604483127594,1.1667931079864502,1.1632235050201416,1.16604483127594,0,0.0,0.0,0.0008977791779254396,0.0009011012543476928,-3.32207642225323e-06,0.007700145244598389,False,False,False,False
2025-09-05 00:00:00+01:00,1.1656913757324219,1.1759172677993774,1.1653246879577637,1.1656913757324219,0,0.0,0.0,0.000783066077632455,0.0008774942190046453,-9.442814137219035e-05,0.008030848843710763,False,False,False,False
2025-09-08 00:00:00+01:00,1.1713168621063232,1.175585389137268,1.1705764532089233,1.1713168621063232,0,0.0,0.0,0.0011330240593365737,0.000928600187071031,0.0002044238722655427,0.008269352572304862,False,False,False,False
2025-09-09 00:00:00+01:00,1.1769136190414429,1.1780366897583008,1.1718658208847046,1.1769136190414429,0,0.0,0.0,0.00184076064883687,0.0011110322794241987,0.0007297283694126713,0.00840141943522862,False,False,False,False
2025-09-10 00:00:00+01:00,1.1702749729156494,1.1730204820632935,1.1688660383224487,1.1702749729156494,0,0.0,0.0,0.0018446991901330811,0.0012577656615659753,0.0005869335285671059,0.00855292592729841,False,False,False,False
2025-09-11 00:00:00+01:00,1.1703435182571411,1.1745636463165283,1.1668883562088013,1.1703435182571411,0,0.0,0.0,0.001832230733317619,0.0013726586759163042,0.0004595720574013149,0.008052945137023926,False,False,False,False
2025-09-12 00:00:00+01:00,1.1734747886657715,1.1748120784759521,1.170261263847351,1.1734747886657715,0,0.0,0.0,0.0020513698298532113,0.0015084009067036857,0.0005429689231495256,0.0076158302170889714,False,False,False,False
2025-09-15 00:00:00+01:00,1.1726491451263428,1.1774401664733887,1.1717147827148438,1.1726491451263428,0,0.0,0.0,0.0021338192689528412,0.001633484579153517,0.0005003346897993243,0.00726008415222168,False,False,False,False
2025-09-16 00:00:00+01:00,1.1763737201690674,1.1852554082870483,1.17583429813385,1.1763737201690674,0,0.0,0.0,0.0024712164765681166,0.001801030958636437,0.0006701855179316795,0.00767442158290318,False,False,False,False
2025-09-17 00:00:00+01:00,1.1871408224105835,1.187295913696289,1.18343186378479,1.1871408224105835,0,0.0,0.0,0.0035663111459423025,0.00215408699609761,0.0014122241498446923,0.008039048739842005,True,False,False,False
2025-09-18 00:00:00+01:00,1.1826341152191162,1.1848341226577759,1.1751296520233154,1.1826341152191162,0,0.0,0.0,0.004024140171962287,0.0025280976312705454,0.0014960425406917418,0.008472306387765067,False,False,False,False
2025-09-19 00:00:00+01:00,1.1791062355041504,1.1793843507766724,1.1730343103408813,1.1791062355041504,0,0.0,0.0,0.004055552677513896,0.0028335886405192155,0.0012219640369946806,0.008770227432250977,False,False,True,False
2025-09-22 00:00:00+01:00,1.1736950874328613,1.1786893606185913,1.172717809677124,1.1736950874328613,0,0.0,0.0,0.0036022879547805697,0.002987328503371487,0.0006149594514090828,0.0084937470299857,False,False,False,False
2025-09-23 00:00:00+01:00,1.1801080703735352,1.1820051670074463,1.178175449371338,1.1801080703735352,0,0.0,0.0,0.0037176912931509154,0.0031334010613273725,0.0005842902318235429,0.008329502173832484,False,False,False,False
2025-09-24 00:00:00+01:00,1.1814465522766113,1.1816558837890625,1.1731306314468384,1.1814465522766113,0,0.0,0.0,0.0038725136468984456,0.0032812235784415874,0.0005912900684568582,0.008683477129255022,False,False,False,False
2025-09-25 00:00:00+01:00,1.1744670867919922,1.1754333972930908,1.1667931079864502,1.1744670867919922,0,0.0,0.0,0.0033929155247436338,0.0033035619677019967,8.935355704163712e-05,0.008973538875579834,False,False,False,False
2025-09-26 00:00:00+01:00,1.166275978088379,1.1702202558517456,1.16593599319458,1.166275978088379,0,0.0,0.0,0.002325074529322846,0.003107864480026167,-0.0007827899507033211,0.008876187460763114,False,False,False,False
2025-09-29 00:00:00+01:00,1.170823097229004,1.1754887104034424,1.1705353260040283,1.170823097229004,0,0.0,0.0,0.001824683543794281,0.00285122829277979,-0.001026544748985509,0.009054252079554967,False,False,False,False
2025-09-30 00:00:00+01:00,1.1731443405151367,1.1759449243545532,1.1713168621063232,1.1731443405151367,0,0.0,0.0,0.001597015614495545,0.002600385757122941,-0.001003370142627396,0.008845269680023193,False,False,False,False
2025-10-01 00:00:00+01:00,1.1735849380493164,1.1778839826583862,1.171687364578247,1.1735849380493164,0,0.0,0.0,0.0014355910787173798,0.002367426821441829,-0.000931835742724449,0.008739650249481201,False,False,False,False
2025-10-02 00:00:00+01:00,1.1734058856964111,1.1759172677993774,1.1685655117034912,1.1734058856964111,0,0.0,0.0,0.0012784754732040327,0.00214963655179427,-0.0008711610785902373,0.008939717497144426,False,False,False,False
2025-10-03 00:00:00+01:00,1.1725116968154907,1.1756683588027954,1.1716187000274658,1.1725116968154907,0,0.0,0.0,0.0010694783732760893,0.001933604916090634,-0.0008641265428145446,0.008820022855486189,False,False,False,False
2025-10-06 00:00:00+01:00,1.171248197555542,1.1731581687927246,1.1654061079025269,1.171248197555542,0,0.0,0.0,0.0007927544551795673,0.0017054348239084207,-0.0009126803687288534,0.008473294121878487,False,False,False,False
2025-10-07 00:00:00+01:00,1.171028733253479,1.1710972785949707,1.1655147075653076,1.171028733253479,0,0.0,0.0,0.0005494066040254708,0.0014742291799318308,-0.00092482257590636,0.008102672440665109,False,False,False,False
2025-10-08 00:00:00+01:00,1.1654603481292725,1.1652973890304565,1.1603620052337646,1.1654603481292725,0,0.0,0.0,-9.171325056489543e-05,0.0011610406938324857,-0.0012527539443973812,0.008006640842982702,False,False,False,False
2025-10-09 00:00:00+01:00,1.1631964445114136,1.164958119392395,1.1549211740493774,1.1631964445114136,0,0.0,0.0,-0.0007735662656935816,0.0007741193019272722,-0.0015476855676208538,0.008073738643101283,False,False,False,False
2025-10-10 00:00:00+01:00,1.156644344329834,1.1629935503005981,1.1560827493667603,1.156644344329834,0,0.0,0.0,-0.0018216406793170048,0.00025496730567841686,-0.0020766079849954214,0.008125543594360352,False,False,False,False
2025-10-13 00:00:00+01:00,1.160240888595581,1.1629664897918701,1.1559356451034546,1.160240888595581,0,0.0,0.0,-0.002335118347659648,-0.0002630498249891962,-0.002072068522670452,0.008034169673919678,False,False,False,False
2025-10-14 00:00:00+01:00,1.1566845178604126,1.160725712776184,1.154521107673645,1.1566845178604126,0,0.0,0.0,-0.0029945037208456426,-0.0008093406041604855,-0.002185163116685157,0.007868409156799316,False,True,False,False
2025-10-15 00:00:00+01:00,1.1602274179458618,1.1648223400115967,1.1602543592453003,1.1602274179458618,0,0.0,0.0,-0.0031943662859459376,-0.001286345740517576,-0.0019080205454283616,0.007403007575443813,False,False,False,True
2025-10-16 00:00:00+01:00,1.1646324396133423,1.1678286790847778,1.1643340587615967,1.1646324396133423,0,0.0,0.0,-0.0029631529912717003,-0.0016217071906684008,-0.0013414458006032995,0.007336590971265521,False,False,False,False
2025-10-17 00:00:00+01:00,1.1699601411819458,1.1728416681289673,1.165813684463501,1.1699601411819458,0,0.0,0.0,-0.0023232330142874957,-0.0017620123553922199,-0.0005612206588952759,0.007264912128448486,True,False,False,False
2025-10-20 00:00:00+01:00,1.165745735168457,1.1676785945892334,1.1645375490188599,1.165745735168457,0,0.0,0.0,-0.0021315875517518013,-0.0018359273946641362,-0.00029566015708766503,0.0072863953454153875,False,False,False,False
2025-10-21 00:00:00+01:00,1.164442539215088,1.1656370162963867,1.1598505973815918,1.164442539215088,0,0.0,0.0,-0.00206110502836121,-0.001880962921403551,-0.00018014210695765876,0.0072648610387529644,False,False,False,False
2025-10-22 00:00:00+01:00,1.160038948059082,1.1616560220718384,1.1577692031860352,1.160038948059082,0,0.0,0.0,-0.0023336789267156544,-0.001971506122465972,-0.0003621728042496825,0.007216402462550572,False,False,False,False
2025-10-23 00:00:00+01:00,1.1608469486236572,1.1621150970458984,1.1586410999298096,1.1608469486236572,0,0.0,0.0,-0.002456183458147132,-0.0020684415896022037,-0.0003877418685449283,0.007175283772604806,False,False,False,False
2025-10-24 00:00:00+01:00,1.1618045568466187,1.164768099784851,1.1601735353469849,1.1618045568466187,0,0.0,0.0,-0.0024477816976575806,-0.0021443096112132793,-0.0003034720864443013,0.006949748311723981,False,False,False,False
2025-10-27 00:00:00+00:00,1.1631693840026855,1.164958119392395,1.1618720293045044,1.1631693840026855,0,0.0,0.0,-0.0023044290728850836,-0.00217633350354764,-0.00012809556933744345,0.006765467779976981,False,False,False,False
2025-10-28 00:00:00+00:00,1.165175199508667,1.1668611764907837,1.1627906560897827,1.165175199508667,0,0.0,0.0,-0.002005846388350996,-0.0021422360805083114,0.00013638969215731562,0.006294310092926025,False,False,False,False
2025-10-29 00:00:00+00:00,1.1657865047454834,1.1665889024734497,1.1619800329208374,1.1657865047454834,0,0.0,0.0,-0.0017002903472367326,-0.0020538469338539957,0.0003535565866172631,0.005870716912405831,False,False,True,False
2025-10-30 00:00:00+00:00,1.1603351831436157,1.1634671688079834,1.1547610759735107,1.1603351831436157,0,0.0,0.0,-0.0018763813220425973,-0.0020183538114917163,0.000141972489449119,0.0061501264572143555,False,False,False,False
2025-10-31 00:00:00+00:00,1.157246708869934,1.1577826738357544,1.152379035949707,1.157246708869934,0,0.0,0.0,-0.002239335089696537,-0.0020625500671326803,-0.00017678502256385665,0.00621621949332101,False,False,False,False
2025-11-03 00:00:00+00:00,1.1528042554855347,1.1542012691497803,1.1506155729293823,1.1528042554855347,0,0.0,0.0,-0.002852564834737281,-0.0022205530206536005,-0.0006320118140836807,0.006246685981750488,False,False,False,False
2025-11-04 00:00:00+00:00,1.1519144773483276,1.1532961130142212,1.1473548412322998,1.1519144773483276,0,0.0,0.0,-0.0033714870808598807,-0.0024507398326948566,-0.0009207472481650241,0.006089789526803153,False,False,False,False
2025-11-05 00:00:00+00:00,1.1485539674758911,1.149795413017273,1.1470125913619995,1.1485539674758911,0,0.0,0.0,-0.00400770345062762,-0.0027621325562814094,-0.0012455708943462105,0.005896977015904018,False,True,False,False
2025-11-06 00:00:00+00:00,1.1496764421463013,1.154294490814209,1.149385690689087,1.1496764421463013,0,0.0,0.0,-0.004370949596246287,-0.0030838959642743853,-0.0012870536319719021,0.005720640931810651,False,False,False,True
2025-11-07 00:00:00+00:00,1.1549211740493774,1.1589902639389038,1.153043508529663,1.1549211740493774,0,0.0,0.0,-0.00418734959161382,-0.0033045866897422724,-0.000882762901871548,0.005998585905347552,False,False,False,False
2025-11-10 00:00:00+00:00,1.1554548740386963,1.1582250595092773,1.1543744802474976,1.1543878316879272,0,0.0,0.0,-0.004038330179876537,-0.0034513353877691257,-0.0005869947921074113,0.005852546010698591,False,False,False,False
2025-11-11 00:00:00+00:00,1.1557353734970093,1.1606314182281494,1.1548144817352295,1.1557220220565796,0,0.0,0.0,-0.003769125082242475,-0.0035148933266637957,-0.0002542317555786792,0.005821849618639264,False,False,False,False
2025-11-12 00:00:00+00:00,1.1588828563690186,1.1597968339920044,1.1563233137130737,1.1587486267089844,0,0.0,0.0,-0.003273817867297746,-0.0034666782347905862,0.0001928603674928404,0.005864764962877546,False,False,False,False
2025-11-13 00:00:00+00:00,1.159245491027832,1.1649309396743774,1.1579837799072266,1.159218668937683,0,0.0,0.0,-0.0028109519471193334,-0.0033355329772563357,0.0005245810301370024,0.00603280748639788,False,False,False,False
2025-11-14 00:00:00+00:00,1.1630746126174927,1.1653653383255005,1.1608065366744995,1.1631964445114136,0,0.0,0.0,-0.0020989586368573843,-0.0030882181091765456,0.0009892594723191614,0.006246600832257952,True,False,False,False
2025-11-17 00:00:00+00:00,1.16146719455719,1.1617100238800049,1.1583056449890137,1.1615345478057861,0,0.0,0.0,-0.0016497823202992201,-0.0028005309514010806,0.0011507486311018605,0.006305192198072161,False,False,False,False
2025-11-18 00:00:00+00:00,1.159003734588623,1.1606987714767456,1.1573805809020996,1.159057378768921,0,0.0,0.0,-0.0014766715416598686,-0.0025357590694528383,0.0010590875277929697,0.006272699151720319,False,False,False,False
2025-11-19 00:00:00+00:00,1.158104419708252,1.1597565412521362,1.1535356044769287,1.1581177711486816,0,0.0,0.0,-0.0013991697270565595,-0.0023084412009735824,0.0009092714739170229,0.005929521151951381,False,False,False,False
2025-11-20 00:00:00+00:00,1.154068112373352,1.1551345586776733,1.1507744789123535,1.154068112373352,0,0.0,0.0,-0.0016455536808601678,-0.0021758636969509,0.000530310016090732,0.005885745797838483,False,False,False,False
2025-11-21 00:00:00+00:00,1.1535356044769287,1.1552013158798218,1.1492139101028442,1.1534557342529297,0,0.0,0.0,-0.0018686874698754519,-0.0021144284515358103,0.0002457409816603584,0.0058397650718688965,False,True,False,False
2025-11-24 00:00:00+00:00,1.1507877111434937,1.1551345586776733,1.1502846479415894,1.1507612466812134,0,0.0,0.0,-0.0022371566838577106,-0.0021389740980001905,-9.818258585752009e-05,0.005761810711451939,False,False,False,False
2025-11-25 00:00:00+00:00,1.1520737409591675,1.1583458185195923,1.1512116193771362,1.1520073413848877,0,0.0,0.0,-0.0024009451608000276,-0.0021913683105601583,-0.00020957685023986934,0.005953431129455566,False,False,False,True
2025-11-26 00:00:00+00:00,1.156577467918396,1.1602274179458618,1.154961109161377,1.156483769416809,0,0.0,0.0,-0.0021448142936266734,-0.0021820575071734615,3.7243213546788063e-05,0.0061305420739310125,False,False,False,False
2025-11-27 00:00:00+00:00,1.1603620052337646,1.1615750789642334,1.1577155590057373,1.1602139472961426,0,0.0,0.0,-0.0016221355863093034,-0.00207007312300063,0.0004479375366913266,0.005828934056418282,False,False,False,False
2025-11-28 00:00:00+00:00,1.1600254774093628,1.1606718301773071,1.1557353734970093,1.1599851846694946,0,0.0,0.0,-0.001212392471461765,-0.0018985369926928573,0.0006861445212310922,0.0059064967291695735,False,False,False,False
2025-12-01 00:00:00+00:00,1.1602139472961426,1.1651887893676758,1.159003734588623,1.1601465940475464,0,0.0,0.0,-0.0008646762633297556,-0.0016917648468202369,0.0008270885834904813,0.005902315889086042,False,False,False,False
2025-12-02 00:00:00+00:00,1.1607661247253418,1.1623852252960205,1.1592992544174194,1.1607661247253418,0,0.0,0.0,-0.0005329739235351294,-0.0014600066621632156,0.0009270327386280862,0.005831684385027204,False,False,False,False
2025-12-03 00:00:00+00:00,1.1628988981246948,1.1675832271575928,1.1628177165985107,1.1627906560897827,0,0.0,0.0,-0.00010551831857230631,-0.0011891089934450336,0.0010835906748727273,0.005822394575391497,False,False,False,False
2025-12-04 00:00:00+00:00,1.166670560836792,1.1682243347167969,1.1653653383255005,1.1666841506958008,0,0.0,0.0,0.0005411774466914654,-0.0008430517054177338,0.0013842291521091992,0.005771466663905552,False,False,False,False
2025-12-05 00:00:00+00:00,1.1644561290740967,1.167147159576416,1.162858247756958,1.1642799377441406,0,0.0,0.0,0.0008498915863333067,-0.0005044630470675257,0.0013543546334008325,0.005728474685123989,False,False,False,False
2025-12-08 00:00:00+00:00,1.1641172170639038,1.1672561168670654,1.1616965532302856,1.164022445678711,0,0.0,0.0,0.0010615355869720844,-0.00019126332025960367,0.001252798907231688,0.005828874451773507,False,False,False,False
2025-12-09 00:00:00+00:00,1.1641442775726318,1.165677785873413,1.1616965532302856,1.1641442775726318,0,0.0,0.0,0.001224975048104593,9.198435341323567e-05,0.0011329906946913573,0.005668895585196359,False,False,False,False
2025-12-10 00:00:00+00:00,1.1628447771072388,1.165745735168457,1.1622366905212402,1.1628313064575195,0,0.0,0.0,0.0012343276418249616,0.00032045301109558084,0.0009138746307293807,0.005395020757402692,False,False,False,False
2025-12-11 00:00:00+00:00,1.170192837715149,1.1759449243545532,1.1683062314987183,1.1701242923736572,0,0.0,0.0,0.0018093654149238247,0.0006182354918612297,0.001191129923062595,0.005904035908835275,False,False,False,False
2025-12-12 00:00:00+00:00,1.1741361618041992,1.1746740341186523,1.172016978263855,1.1739431619644165,0,0.0,0.0,0.0025439132054758673,0.0010033710345841572,0.00154054217089171,0.005882595266614642,False,False,False,False
2025-12-15 00:00:00+00:00,1.1737502813339233,1.1769136190414429,1.1727042198181152,1.1737639904022217,0,0.0,0.0,0.003076130259146437,0.0014179228794966132,0.0016582073796498236,0.005641511508396694,False,False,False,False
2025-12-16 00:00:00+00:00,1.1755025386810303,1.18047034740448,1.1746050119400024,1.1754610538482666,0,0.0,0.0,0.0035934320973574074,0.0018530247230687722,0.0017404073742886353,0.005533388682774135,False,False,False,False
2025-12-17 00:00:00+00:00,1.1749638319015503,1.1757928133010864,1.1704530715942383,1.1749500036239624,0,0.0,0.0,0.003917007227950409,0.0022658212240450996,0.001651186003905309,0.005551133837018695,False,False,False,False
2025-12-18 00:00:00+00:00,1.1742188930511475,1.1758896112442017,1.17134428024292,1.1742326021194458,0,0.0,0.0,0.00406865363785025,0.00262638770680613,0.0014422659310441201,0.005523196288517543,False,False,False,False
2025-12-19 00:00:00+00:00,1.1725391149520874,1.1737502813339233,1.1704120635986328,1.1725666522979736,0,0.0,0.0,0.004008202222379742,0.0029027506099208525,0.0011054516124588895,0.005354302270071847,False,False,False,False
2025-12-22 00:00:00+00:00,1.1710835695266724,1.177024483680725,1.1710835695266724,1.1708093881607056,0,0.0,0.0,0.003774981869139271,0.0030771968617645364,0.0006977850073747347,0.005558226789746966,False,False,False,False
2025-12-23 00:00:00+00:00,1.1764428615570068,1.18035888671875,1.176429033279419,1.1765950918197632,0,0.0,0.0,0.004010777247589026,0.0032639129389294345,0.0007468643086595912,0.0057533979415893555,False,False,False,False
2025-12-24 00:00:00+00:00,1.179565191268921,1.1809163093566895,1.1774264574050903,1.179551362991333,0,0.0,0.0,0.0043856382529658955,0.0034882580017367272,0.0008973802512291683,0.005673936435154506,True,False,False,False
2025-12-26 00:00:00+00:00,1.178383708000183,1.179940938949585,1.1763044595718384,1.1785364151000977,0,0.0,0.0,0.004548389485194315,0.003700284298428245,0.0008481051867660701,0.005627334117889404,False,False,True,False
2025-12-29 00:00:00+00:00,1.1774957180023193,1.1788560152053833,1.1754058599472046,1.1772738695144653,0,0.0,0.0,0.004523351748796367,0.0038648977885018697,0.0006584539602944974,0.00547666209084647,False,False,False,False
2025-12-30 00:00:00+00:00,1.1773016452789307,1.1781338453292847,1.1746188402175903,1.1772878170013428,0,0.0,0.0,0.004453299740614147,0.0039825781789243255,0.0004707215616898217,0.005443360124315534,False,False,False,False
2025-12-31 00:00:00+00:00,1.1746463775634766,1.1758756637573242,1.1720856428146362,1.1747292280197144,0,0.0,0.0,0.004143561869679013,0.004014774917075263,0.00012878695260374988,0.0055642979485648015,False,False,False,False
2026-01-02 00:00:00+00:00,1.1751158237457275,1.176747441291809,1.17134428024292,1.175046682357788,0,0.0,0.0,0.003878993663069874,0.003987618666274186,-0.00010862500320431203,0.005013551030840192,False,False,False,False
2026-01-05 00:00:00+00:00,1.1706448793411255,1.1718658208847046,1.166003942489624,1.1704667806625366,0,0.0,0.0,0.0032621575407427716,0.003842526441167903,-0.0005803689004251315,0.005334479468209403,False,False,False,False
2026-01-06 00:00:00+00:00,1.1716461181640625,1.1745359897613525,1.1684154272079468,1.1714951992034912,0,0.0,0.0,0.002823744877904266,0.0036387701285151763,-0.0008150252506109101,0.005470991134643555,False,False,False,False
2026-01-07 00:00:00+00:00,1.1687841415405273,1.170548915863037,1.1674468517303467,1.1688251495361328,0,0.0,0.0,0.0022350843295335654,0.0033580329687188546,-0.0011229486391852892,0.0052811333111354285,False,False,False,False
2026-01-08 00:00:00+00:00,1.1677467823028564,1.1684973239898682,1.1652837991714478,1.1676785945892334,0,0.0,0.0,0.0016569489260200854,0.0030178161601791013,-0.001360867234159016,0.005152676786695208,False,False,False,False
2026-01-09 00:00:00+00:00,1.165813684463501,1.16604483127594,1.161926031112671,1.1657865047454834,0,0.0,0.0,0.0010341752870020038,0.002621087985543682,-0.0015869126985416783,0.005238907677786691,False,False,False,False
2026-01-12 00:00:00+00:00,1.162493348121643,1.169864296913147,1.162304162979126,1.1623716354370117,0,0.0,0.0,0.00026205052200145573,0.002149280492835237,-0.0018872299708337812,0.005506021635872977,False,False,False,False
2026-01-13 00:00:00+00:00,1.1667931079864502,1.1675423383712769,1.1635212898254395,1.1666978597640991,0,0.0,0.0,-7.649518010133249e-07,0.001719271403907987,-0.0017200363557090003,0.005451006548745292,False,False,False,False
2026-01-14 00:00:00+00:00,1.1643340587615967,1.1663167476654053,1.1637108325958252,1.164252758026123,0,0.0,0.0,-0.0004017166445411391,0.0012950737942181618,-0.001696790438759301,0.004982258592333112,False,False,False,False
2026-01-15 00:00:00+00:00,1.1645103693008423,1.164686679840088,1.1593934297561646,1.1646324396133423,0,0.0,0.0,-0.0006809866288239874,0.0008998617096097319,-0.0015808483384337193,0.005051689488547189,False,False,False,False
2026-01-16 00:00:00+00:00,1.1609547138214111,1.1626555919647217,1.1585471630096436,1.1609008312225342,0,0.0,0.0,-0.0011897055294083358,0.00048194826180611845,-0.0016716537912144544,0.0052266035761152,False,True,False,False
2026-01-19 00:00:00+00:00,1.1623852252960205,1.164958119392395,1.1609547138214111,1.162493348121643,0,0.0,0.0,-0.0014476781857275522,9.602297229938431e-05,-0.0015437011580269366,0.005269970212663923,False,False,False,False
2026-01-20 00:00:00+00:00,1.1639952659606934,1.1747016906738281,1.1633453369140625,1.1639139652252197,0,0.0,0.0,-0.0015199701767381057,-0.00022717565750811374,-0.001292794519229992,0.005890922886984689,False,False,False,True
2026-01-21 00:00:00+00:00,1.1726078987121582,1.1742602586746216,1.169700026512146,1.1727865934371948,0,0.0,0.0,-0.0008514995980648532,-0.00035204044561946166,-0.0004994591524453915,0.006258359977177211,False,False,False,False
2026-01-22 00:00:00+00:00,1.167392373085022,1.1750743389129639,1.167392373085022,1.1672970056533813,0,0.0,0.0,-0.0007559812231912044,-0.0004328286011338102,-0.0003231526220573942,0.00642113174710955,False,False,False,False
2026-01-23 00:00:00+00:00,1.1753920316696167,1.1775649785995483,1.1728966236114502,1.1754610538482666,0,0.0,0.0,-2.126661510071237e-05,-0.0003505162039271907,0.00032924958882647834,0.00650864839553833,False,False,False,False
2026-01-26 00:00:00+00:00,1.1858175992965698,1.1904903650283813,1.183712124824524,1.1858457326889038,0,0.0,0.0,0.001383014271574945,-3.8101088267635517e-06,0.0013868243804017084,0.0071449875831604,False,False,False,False
2026-01-27 00:00:00+00:00,1.1874228715896606,1.1989833116531372,1.185185194015503,1.1876484155654907,0,0.0,0.0,0.0026112772553184005,0.0005192073640022692,0.0020920698913161314,0.00784139973776681,False,False,False,False
2026-01-28 00:00:00+00:00,1.2022699117660522,1.2023565769195557,1.1921935081481934,1.2017642259597778,0,0.0,0.0,0.0046698809662819585,0.0013493420844582073,0.0033205388818237512,0.008639029094151087,True,False,False,False
2026-01-29 00:00:00+00:00,1.1976622343063354,1.1994577646255493,1.1908447742462158,1.1977769136428833,0,0.0,0.0,0.005911452908666126,0.002261764249299791,0.003649688659366335,0.009008092539651054,False,False,False,False
2026-01-30 00:00:00+00:00,1.1967878341674805,1.1973466873168945,1.187394618988037,1.19657301902771,0,0.0,0.0,0.006720790296973922,0.0031535694588346176,0.0035672208381393043,0.009209675448281425,False,False,True,False
2026-02-02 00:00:00+00:00,1.185044765472412,1.1875073909759521,1.179078459739685,1.1849182844161987,0,0.0,0.0,0.00634857391940824,0.003792570350949342,0.0025560035684588983,0.010089950902121407,False,False,False,False
2026-02-03 00:00:00+00:00,1.1799131631851196,1.1824523210525513,1.178078293800354,1.1798714399337769,0,0.0,0.0,0.005582005699989567,0.004150457420757387,0.0014315482792321803,0.010365162576947893,False,False,False,False
2026-02-04 00:00:00+00:00,1.1816281080245972,1.1838523149490356,1.1792314052581787,1.1816140413284302,0,0.0,0.0,0.005056816400588637,0.004331729216723637,0.0007250871838650006,0.010317138263157435,False,False,False,False
2026-02-05 00:00:00+00:00,1.1802334785461426,1.1820470094680786,1.1780505180358887,1.180163860321045,0,0.0,0.0,0.00447203181043343,0.004359789735465596,0.00011224207496783427,0.01016793932233538,False,False,False,False
2026-02-06 00:00:00+00:00,1.1777453422546387,1.1826481819152832,1.176747441291809,1.177786946296692,0,0.0,0.0,0.0037732925448599186,0.0042424902973444605,-0.0004691977524845419,0.01029961449759347,False,True,False,False
2026-02-09 00:00:00+00:00,1.1826202869415283,1.1925204992294312,1.1817816495895386,1.182578206062317,0,0.0,0.0,0.0035650555227098035,0.004107003342417529,-0.0005419478197077254,0.010479986667633057,False,False,False,False
2026-02-10 00:00:00+00:00,1.1904761791229248,1.192847728729248,1.1890182495117188,1.1904053688049316,0,0.0,0.0,0.003985668495960937,0.0040827363731262105,-9.706787716527374e-05,0.01047450304031372,False,False,False,False
2026-02-11 00:00:00+00:00,1.188792109489441,1.192733883857727,1.1839083433151245,1.1889617443084717,0,0.0,0.0,0.004154626922625582,0.004097114483026085,5.7512439599496576e-05,0.010556186948503767,False,False,False,False
2026-02-12 00:00:00+00:00,1.1875356435775757,1.1890605688095093,1.1853257417678833,1.1876062154769897,0,0.0,0.0,0.004131522228496776,0.0041039960321202235,2.7526196376552112e-05,0.01008953366960798,False,False,False,False
2026-02-13 00:00:00+00:00,1.1869717836380005,1.1879446506500244,1.1848762035369873,1.1868449449539185,0,0.0,0.0,0.004005609252868858,0.004084318676269951,-7.870942340109256e-05,0.009235186236245292,False,False,False,False
2026-02-16 00:00:00+00:00,1.186704158782959,1.1870845556259155,1.1847639083862305,1.1867464780807495,0,0.0,0.0,0.0038534566096837253,0.004038146262952706,-0.0001846896532689806,0.008415366922106062,False,False,False,False
2026-02-17 00:00:00+00:00,1.1850868463516235,1.1852554082870483,1.180553913116455,1.1849884986877441,0,0.0,0.0,0.0035500969905422064,0.003940536408470606,-0.0003904394179283996,0.007807110037122454,False,False,False,False
2026-02-18 00:00:00+00:00,1.185157060623169,1.1853959560394287,1.1810418367385864,1.185185194015503,0,0.0,0.0,0.0032876559248760095,0.0038099603117516872,-0.0005223043868756777,0.007338157721928188,False,False,False,False
2026-02-19 00:00:00+00:00,1.1791062355041504,1.1807769536972046,1.1743016242980957,1.1788839101791382,0,0.0,0.0,0.002541907024089962,0.0035563496542193426,-0.0010144426301293805,0.007373963083539691,False,False,False,False
2026-02-20 00:00:00+00:00,1.1769136190414429,1.1806097030639648,1.1745498180389404,1.1769136190414429,0,0.0,0.0,0.001771488996545667,0.003199377522684608,-0.001427888526138941,0.006557200636182513,False,False,False,False
2026-02-23 00:00:00+00:00,1.1829839944839478,1.183445930480957,1.1775233745574951,1.1834739446640015,0,0.0,0.0,0.0016710280389125032,0.002893707625930187,-0.001222679587017684,0.006535223552158901,False,False,False,False
2026-02-24 00:00:00+00:00,1.1793148517608643,1.1796625852584839,1.1767336130142212,1.1793843507766724,0,0.0,0.0,0.0012470408470321992,0.0025643742701505897,-0.0013173334231183905,0.0066866108349391395,False,False,False,False
2026-02-25 00:00:00+00:00,1.1775511503219604,1.180790901184082,1.1771352291107178,1.1775233745574951,0,0.0,0.0,0.0007521919145758726,0.0022019377990356464,-0.0014497458844597738,0.006662266595023019,False,False,False,False
2026-02-26 00:00:00+00:00,1.181544303894043,1.1830118894577026,1.1782448291778564,1.181516408920288,0,0.0,0.0,0.0006744504276083862,0.0018964403247501945,-0.0012219898971418083,0.006632821900503976,False,False,False,False
2026-02-27 00:00:00+00:00,1.1803449392318726,1.182396411895752,1.1790506839752197,1.1803030967712402,0,0.0,0.0,0.0005090673768963772,0.0016189657351794312,-0.001109898358283054,0.005819405828203473,False,False,False,False
2026-03-02 00:00:00+00:00,1.1760140657424927,1.1795791387557983,1.1672834157943726,1.1759449243545532,0,0.0,0.0,2.603194635364403e-05,0.0013003789774142737,-0.0012743470310606297,0.006015845707484654,False,False,False,False
2026-03-03 00:00:00+00:00,1.1694538593292236,1.1707134246826172,1.153203010559082,1.1697274446487427,0,0.0,0.0,-0.0008486925634680897,0.000870564669237801,-0.0017192572327058907,0.007009872368403843,False,False,False,False
2026-03-04 00:00:00+00:00,1.161089539527893,1.1654876470565796,1.1576753854751587,1.161224365234375,0,0.0,0.0,-0.0022026546533522318,0.00025592080471979447,-0.0024585754580720262,0.007603960377829415,False,False,False,False
2026-03-05 00:00:00+00:00,1.1635212898254395,1.164686679840088,1.1561896800994873,1.1635618209838867,0,0.0,0.0,-0.0030518859784758323,-0.00040564055191933096,-0.0026462454265565013,0.007991714136941093,False,False,False,False
2026-03-06 00:00:00+00:00,1.1607122421264648,1.16225004196167,1.1547610759735107,1.1608065366744995,0,0.0,0.0,-0.0039022535886126253,-0.0011049631592579899,-0.002797290429354635,0.008454578263419015,False,False,False,False
2026-03-09 00:00:00+00:00,1.1525650024414062,1.159366488456726,1.150814175605774,1.152325987815857,0,0.0,0.0,-0.005200536911903697,-0.0019240779097871314,-0.0032764590021165654,0.008725992270878382,False,False,False,False
2026-03-10 00:00:00+00:00,1.1616694927215576,1.1663848161697388,1.1608469486236572,1.1617234945297241,0,0.0,0.0,-0.005408786422641976,-0.0026210196123581005,-0.0027877668102838753,0.009419185774666923,False,False,False,False
2026-03-11 00:00:00+00:00,1.1613187789916992,1.164401888847351,1.1566978693008423,1.1611299514770508,0,0.0,0.0,-0.005557654443260951,-0.003208346578538671,-0.00234930786472228,0.009192075048174177,False,False,False,False
2026-03-12 00:00:00+00:00,1.1541746854782104,1.156738042831421,1.151145339012146,1.1543211936950684,0,0.0,0.0,-0.006154102607912604,-0.0037974977844134577,-0.002356604823499146,0.009472412722451347,False,False,False,False
2026-03-13 00:00:00+00:00,1.1522197723388672,1.152923822402954,1.1434844732284546,1.1521666049957275,0,0.0,0.0,-0.006723149099163495,-0.004382628047363465,-0.0023405210518000295,0.009779870510101318,False,False,False,False
2026-03-16 00:00:00+00:00,1.1438244581222534,1.1501259803771973,1.1415655612945557,1.1435105800628662,0,0.0,0.0,-0.00778287527243271,-0.005062677492377314,-0.002720197780055396,0.01005563565662929,False,True,False,False
2026-03-17 00:00:00+00:00,1.1497821807861328,1.15421462059021,1.146696925163269,1.1499539613723755,0,0.0,0.0,-0.008010449403182074,-0.005652231874538266,-0.0023582175286438077,0.010559090546199254,False,False,False,False
2026-03-18 00:00:00+00:00,1.1539082527160645,1.1556684970855713,1.1492536067962646,1.153948187828064,0,0.0,0.0,-0.0077788332994330744,-0.006077552159517228,-0.001701281139915846,0.01062526021684919,False,False,False,False
2026-03-19 00:00:00+00:00,1.1462894678115845,1.1536552906036377,1.144505262374878,1.1464471817016602,0,0.0,0.0,-0.00810709087724093,-0.0064834599030619685,-0.0016236309741789615,0.011060774326324463,False,False,False,True
2026-03-20 00:00:00+00:00,1.1575682163238525,1.1581177711486816,1.1526447534561157,1.157755732536316,0,0.0,0.0,-0.007369777620881424,-0.00666072344662586,-0.0007090541742555637,0.010964410645621163,False,False,False,False
2026-03-23 00:00:00+00:00,1.156376838684082,1.1637920141220093,1.1485011577606201,1.1560158729553223,0,0.0,0.0,-0.006846916687221594,-0.006697962094745007,-0.00014895459247658664,0.010432192257472448,True,False,False,False
2026-03-24 00:00:00+00:00,1.160779595375061,1.1616560220718384,1.1569254398345947,1.1607122421264648,0,0.0,0.0,-0.005984601130819112,-0.006555289901959829,0.000570688771140717,0.009974198681967599,False,False,False,False
2026-03-25 00:00:00+00:00,1.161386251449585,1.1631964445114136,1.1563634872436523,1.16146719455719,0,0.0,0.0,-0.0051805730664482574,-0.006280346534857515,0.0010997734684092576,0.009855338505336217,False,False,False,False
2026-03-26 00:00:00+00:00,1.1564704179763794,1.1574074029922485,1.1523923873901367,1.1561496257781982,0,0.0,0.0,-0.004915792199906566,-0.006007435667867326,0.0010916434679607602,0.009874914373670305,False,False,False,False
2026-03-27 00:00:00+00:00,1.1535356044769287,1.1547343730926514,1.1502978801727295,1.1535090208053589,0,0.0,0.0,-0.004862968929652878,-0.005778542320224437,0.0009155733905715589,0.009579156126294817,False,False,False,False
2026-03-30 00:00:00+01:00,1.1491875648498535,1.152339220046997,1.1443873643875122,1.149200677871704,0,0.0,0.0,-0.005109850203453226,-0.005644803896870195,0.0005349536934169691,0.009226500988006592,False,True,False,False
2026-03-31 00:00:00+01:00,1.1457903385162354,1.1538816690444946,1.144924521446228,1.1460003852844238,0,0.0,0.0,-0.005500337787285758,-0.0056159106749533085,0.00011557288766755013,0.009316010134560722,False,False,False,False
2026-04-01 00:00:00+01:00,1.157112717628479,1.1626555919647217,1.1555883884429932,1.1574207544326782,0,0.0,0.0,-0.004832566842139396,-0.005459241908390526,0.0006266750662511297,0.00979248114994594,False,False,False,False
2026-04-02 00:00:00+01:00,1.159151554107666,1.1598775386810303,1.1510393619537354,1.159057378768921,0,0.0,0.0,-0.00412375556379585,-0.005192144639471591,0.0010683890756757412,0.00964972802570888,False,False,False,False
2026-04-03 00:00:00+01:00,1.1543878316879272,1.1548677682876587,1.1520869731903076,1.1541746854782104,0,0.0,0.0,-0.003910927325448954,-0.004935901176667064,0.00102497385121811,0.009390396731240409,False,False,False,False
2026-04-06 00:00:00+01:00,1.151185154914856,1.1570056676864624,1.1506949663162231,1.150999665260315,0,0.0,0.0,-0.003952890548394539,-0.004739299051012559,0.0007864085026180207,0.00907658679144723,False,False,False,False
2026-04-07 00:00:00+01:00,1.1540547609329224,1.1583458185195923,1.1525251865386963,1.1541212797164917,0,0.0,0.0,-0.003691702854216272,-0.004529779811653302,0.0008380769574370299,0.009143105575016566,False,False,False,False
2026-04-08 00:00:00+01:00,1.1690436601638794,1.172333002090454,1.1666841506958008,1.1686612367630005,0,0.0,0.0,-0.0022851153196916663,-0.004080846913260975,0.0017957315935693084,0.00976944821221488,False,False,False,False
2026-04-09 00:00:00+01:00,1.165813684463501,1.1706311702728271,1.1651073694229126,1.16593599319458,0,0.0,0.0,-0.001374445196166585,-0.0035395665698420968,0.002165121373675512,0.009330391883850098,False,False,False,False
2026-04-10 00:00:00+01:00,1.1691941022872925,1.1741223335266113,1.1678149700164795,1.1691256761550903,0,0.0,0.0,-0.0003908463709578758,-0.002909822530065253,0.002518976159107377,0.008822926453181676,False,False,False,False
2026-04-13 00:00:00+01:00,1.1672152280807495,1.1719481945037842,1.167147159576416,1.1675150394439697,0,0.0,0.0,0.0002557497387425389,-0.002276708076303695,0.0025324578150462337,0.008762989725385393,False,False,False,False
2026-04-14 00:00:00+01:00,1.176345944404602,1.1810559034347534,1.1756960153579712,1.176885962486267,0,0.0,0.0,0.001506965625913459,-0.0015199733358602643,0.003026938961773723,0.009242125919886999,False,False,False,False
2026-04-15 00:00:00+01:00,1.179815649986267,1.1810559034347534,1.177398681640625,1.179940938949585,0,0.0,0.0,0.0027137914020993747,-0.0006732203882683365,0.003387011790367711,0.008891778332846505,False,False,False,False
2026-04-16 00:00:00+01:00,1.1807769536972046,1.182382583618164,1.176955223083496,1.1809163093566895,0,0.0,0.0,0.003706191100793399,0.00020266190954401067,0.0035035291912493883,0.008861465113503593,False,False,False,False
2026-04-17 00:00:00+01:00,1.1778979301452637,1.1851149797439575,1.1772878170013428,1.1782727241516113,0,0.0,0.0,0.004230592146364787,0.0010082479569081659,0.0032223441894566208,0.008769001279558455,True,False,False,False
2026-04-20 00:00:00+01:00,1.1739156246185303,1.1791062355041504,1.1739156246185303,1.1741223335266113,0,0.0,0.0,0.004262150498064665,0.001659028465139466,0.0026031220329251993,0.008499962942940848,False,False,False,False
2026-04-21 00:00:00+01:00,1.178383708000183,1.178828239440918,1.174315333366394,1.1784392595291138,0,0.0,0.0,0.004582674352182403,0.0022437576425480537,0.0023389167096343495,0.007646441459655762,False,False,True,False
2026-04-22 00:00:00+01:00,1.1745774745941162,1.176110863685608,1.1713716983795166,1.174425721168518,0,0.0,0.0,0.004461404518498524,0.0026872870177381478,0.0017741175007603763,0.007519968918391636,False,False,False,False
2026-04-23 00:00:00+01:00,1.1704941987991333,1.1716461181640625,1.167924165725708,1.1706037521362305,0,0.0,0.0,0.004010663905275713,0.0029519623952456607,0.0010587015100300525,0.00748647962297712,False,False,False,False
2026-04-24 00:00:00+01:00,1.1684017181396484,1.17205810546875,1.1673243045806885,1.16838800907135,0,0.0,0.0,0.0034350595460908018,0.003048581825414689,0.0003864777206761126,0.00737384387425014,False,False,False,False
2026-04-27 00:00:00+01:00,1.1705901622772217,1.1756407022476196,1.1705901622772217,1.1706448793411255,0,0.0,0.0,0.0031249767272687468,0.003063860805785501,6.111592148324565e-05,0.007367168154035296,False,False,False,False
2026-04-28 00:00:00+01:00,1.1723191738128662,1.1728830337524414,1.1678286790847778,1.1723467111587524,0,0.0,0.0,0.00298218074096801,0.003047524792822003,-6.534405185399305e-05,0.006427356175013951,False,False,False,False
2026-04-29 00:00:00+01:00,1.1719344854354858,1.172195553779602,1.1683608293533325,1.171783447265625,0,0.0,0.0,0.002791385845799521,0.002996297003417507,-0.00020491115761798583,0.006317504814692906,False,False,False,False
2026-04-30 00:00:00+01:00,1.168770432472229,1.17384672164917,1.165623426437378,1.168470025062561,0,0.0,0.0,0.002345773420613151,0.002866192286856636,-0.0005204188662434853,0.00632014444896153,False,True,False,False
2026-05-01 00:00:00+01:00,1.1730204820632935,1.1784532070159912,1.1719344854354858,1.172910451889038,0,0.0,0.0,0.0023241364990538305,0.002757781129296075,-0.00043364463024224463,0.00669029780796596,False,False,False,False
2026-05-04 00:00:00+01:00,1.1726078987121582,1.17384672164917,1.1690847873687744,1.1726628541946411,0,0.0,0.0,0.0022609472259254026,0.0026584143486219408,-0.00039746712269653813,0.0060632314000810894,False,False,False,False
2026-05-05 00:00:00+01:00,1.1691941022872925,1.1716461181640625,1.1677467823028564,1.1691941022872925,0,0.0,0.0,0.0019089646264387472,0.0025085244041853022,-0.000599559777746555,0.006116526467459542,False,False,False,False
2026-05-06 00:00:00+01:00,1.1715089082717896,1.1796625852584839,1.1712619066238403,1.1715774536132812,0,0.0,0.0,0.0018015650930003346,0.002367132541948309,-0.0005655674489479742,0.00647660664149693,True,False,False,False
2026-05-07 00:00:00+01:00,1.1748120784759521,1.177994966506958,1.1746740341186523,1.1747430562973022,0,0.0,0.0,0.0019494162129005677,0.0022835892761387607,-0.000334173063238193,0.006375917366572789,False,False,False,False
2026-05-08 00:00:00+01:00,1.1730892658233643,1.178467035293579,1.172525405883789,1.1731581687927246,0,0.0,0.0,0.0019166086430795204,0.0022101931495269126,-0.0002935845064473922,0.00642956154687064,False,False,False,False
2026-05-11 00:00:00+01:00,1.176885962486267,1.1789672374725342,1.174936294555664,1.176885962486267,0,0.0,0.0,0.002166436868566768,0.0022014418933348837,-3.500502476811579e-05,0.006508358887263707,False,False,False,False
2026-05-12 00:00:00+01:00,1.1775649785995483,1.1778563261032104,1.1723054647445679,1.177994966506958,0,0.0,0.0,0.002425950051228032,0.0022463435249135133,0.00017960652631451857,0.006400023187909808,False,False,True,False
2026-05-13 00:00:00+01:00,1.173626184463501,1.1742602586746216,1.1696317195892334,1.1735436916351318,0,0.0,0.0,0.0022465387367431866,0.002246382567279448,1.561694637384689e-07,0.006533001150403704,False,False,False,False
2026-05-14 00:00:00+01:00,1.171783447265625,1.1721543073654175,1.1672425270080566,1.1716049909591675,0,0.0,0.0,0.0019257185505399121,0.002182249763931541,-0.00025653121339162897,0.006644955703190395,False,False,False,False
2026-05-15 00:00:00+01:00,1.1662487983703613,1.1664528846740723,1.1618314981460571,1.166208028793335,0,0.0,0.0,0.001221891296832478,0.0019901780705117284,-0.0007682867736792504,0.0068250128201075965,False,False,False,False
2026-05-18 00:00:00+01:00,1.1617100238800049,1.1659088134765625,1.1609008312225342,1.161440134048462,0,0.0,0.0,0.0002761901207262163,0.0016473804805546262,-0.00137119035982841,0.00684307302747454,False,False,False,False
2026-05-19 00:00:00+01:00,1.1654061079025269,1.1655012369155884,1.1593127250671387,1.1655147075653076,0,0.0,0.0,-0.00014285411129777437,0.0012893335621841462,-0.0014321876734819205,0.00700040374483381,False,False,False,False
2026-05-20 00:00:00+01:00,1.1605371236801147,1.1644154787063599,1.1583592891693115,1.1607122421264648,0,0.0,0.0,-0.0008526398083037456,0.0008609388880865678,-0.0017135786963903134,0.006924126829419818,False,False,False,False
2026-05-21 00:00:00+01:00,1.1625068187713623,1.1637378931045532,1.1577290296554565,1.1625338792800903,0,0.0,0.0,-0.0012537072360583323,0.00043800966325758785,-0.0016917168993159201,0.006640246936253139,False,True,False,False
2026-05-22 00:00:00+01:00,1.1615750789642334,1.1618449687957764,1.1589365005493164,1.1621150970458984,0,0.0,0.0,-0.0015870537210886937,3.299698638833151e-05,-0.0016200507074770251,0.006557064396994454,False,False,False,False
2026-05-25 00:00:00+01:00,1.1640766859054565,1.1655012369155884,1.1630340814590454,1.164225697517395,0,0.0,0.0,-0.0016617695481457861,-0.00030595632051849203,-0.0013558132276272942,0.006447783538273403,False,False,False,False
2026-05-26 00:00:00+01:00,1.1636160612106323,1.164686679840088,1.161737084388733,1.1637378931045532,0,0.0,0.0,-0.001740283217113836,-0.0005928216998375608,-0.0011474615172762752,0.005910720143999372,False,False,False,False
2026-05-27 00:00:00+01:00,1.1638598442077637,1.1660856008529663,1.1623852252960205,1.1636837720870972,0,0.0,0.0,-0.001786281834169401,-0.0008315137267039289,-0.000954768107465472,0.0057166389056614465,False,False,False,False
2026-05-28 00:00:00+01:00,1.1617640256881714,1.1657729148864746,1.1587486267089844,1.1617909669876099,0,0.0,0.0,-0.0019529571479564023,-0.0010558024109544237,-0.0008971547370019786,0.0057939716747828895,False,False,False,False
2026-05-29 00:00:00+01:00,1.165338158607483,1.1685519218444824,1.1625880002975464,1.1652837991714478,0,0.0,0.0,-0.0017826568104979401,-0.001201173290863127,-0.0005814835196348131,0.005861963544573102,True,False,False,False
2026-06-01 00:00:00+01:00,1.164808750152588,1.1667250394821167,1.1607391834259033,1.164890170097351,0,0.0,0.0,-0.0016603160527535188,-0.0012930018432412054,-0.0003673142095123134,0.005893034594399589,False,False,False,False
2026-06-02 00:00:00+01:00,1.1635618209838867,1.1655012369155884,1.162912368774414,1.1635483503341675,0,0.0,0.0,-0.0016525838042589225,-0.0013649182354447489,-0.0002876655688141736,0.005480578967503139,False,False,False,False
2026-06-03 00:00:00+01:00,1.1621556282043457,1.163602590560913,1.1595412492752075,1.1622096300125122,0,0.0,0.0,-0.0017344854152367972,-0.0014388316714031586,-0.00029565374383363867,0.005320591585976737,False,False,False,False
2026-06-04 00:00:00+01:00,1.1609278917312622,1.164686679840088,1.1599044799804688,1.160941243171692,0,0.0,0.0,-0.0018800689847553453,-0.001527079134073596,-0.0003529898506817494,0.004964070660727364,False,False,False,False
2026-06-05 00:00:00+01:00,1.161440134048462,1.1645511388778687,1.1531099081039429,1.1612648963928223,0,0.0,0.0,-0.0019468864077949455,-0.0016110405888178658,-0.0003358458189770797,0.005402215889522007,False,False,False,False
2026-06-08 00:00:00+01:00,1.1524720191955566,1.155428171157837,1.1500862836837769,1.1522595882415771,0,0.0,0.0,-0.002695421661184083,-0.0018279168032911094,-0.0008675048578929737,0.005758651665278843,False,True,False,False
2026-06-09 00:00:00+01:00,1.152790904045105,1.1578094959259033,1.152790904045105,1.1528440713882446,0,0.0,0.0,-0.0032045384131231813,-0.0021032411252575236,-0.0011012972878656577,0.005643972328730992,False,False,False,False
2026-06-10 00:00:00+01:00,1.1535356044769287,1.1574074029922485,1.15340256690979,1.1535356044769287,0,0.0,0.0,-0.0035117350702387196,-0.002384939914253763,-0.0011267951559849566,0.005540720054081508,False,False,False,False
2026-06-11 00:00:00+01:00,1.1538017988204956,1.1558021306991577,1.151450276374817,1.1535621881484985,0,0.0,0.0,-0.003710275804204244,-0.0026500070922438595,-0.0010602687119603844,0.005594611167907715,False,False,False,False
2026-06-12 00:00:00+01:00,1.1573537588119507,1.159151554107666,1.1558021306991577,1.157594919204712,0,0.0,0.0,-0.0035018459724369677,-0.002820374868282481,-0.0006814711041544866,0.005751984460013253,False,False,False,False
2026-06-15 00:00:00+01:00,1.160644769668579,1.16225004196167,1.1594606637954712,1.1603081226348877,0,0.0,0.0,-0.003082201289614561,-0.0028727401525488975,-0.0002094611370656637,0.005873807838984898,False,False,False,False
2026-06-16 00:00:00+01:00,1.1592857837677002,1.1618449687957764,1.1575413942337036,1.1594202518463135,0,0.0,0.0,-0.0027891223413110122,-0.0028560165903013207,6.689424899030847e-05,0.005916893482208252,False,False,False,False
2026-06-17 00:00:00+01:00,1.1609278917312622,1.1618449687957764,1.1586545705795288,1.1609952449798584,0,0.0,0.0,-0.0024020767347927574,-0.002765228619199608,0.00036315188440685063,0.005643044199262347,False,False,True,False
2026-06-18 00:00:00+01:00,1.151145339012146,1.1530035734176636,1.1454228162765503,1.150734782218933,0,0.0,0.0,-0.0028899602350038744,-0.0027901749423604617,-9.978529264341278e-05,0.006272435188293457,False,False,False,False
2026-06-19 00:00:00+01:00,1.1463946104049683,1.1475785970687866,1.1418262720108032,1.1458560228347778,0,0.0,0.0,-0.0036284599055864675,-0.002957831935005663,-0.0006706279705808046,0.0064811961991446355,False,False,False,False
2026-06-22 00:00:00+01:00,1.1463682651519775,1.147315263748169,1.1426090002059937,1.1462763547897339,0,0.0,0.0,-0.004132175788917225,-0.0031927007057879755,-0.0009394750831292495,0.006632438727787563,False,False,False,False
2026-06-23 00:00:00+01:00,1.1425306797027588,1.1439030170440674,1.137669324874878,1.1427135467529297,0,0.0,0.0,-0.004763947269802671,-0.0035069500185909144,-0.0012569972512117564,0.006957130772726876,False,False,False,False
2026-06-24 00:00:00+01:00,1.1379282474517822,1.1384334564208984,1.132541298866272,1.1379542350769043,0,0.0,0.0,-0.005584295119070326,-0.003922419038686797,-0.0016618760803835293,0.007342134203229632,False,True,False,False
2026-06-25 00:00:00+01:00,1.135344386100769,1.1388354301452637,1.1334270238876343,1.1354217529296875,0,0.0,0.0,-0.006365400470051519,-0.004411015324959741,-0.0019543851450917775,0.006911218166351318,False,False,False,False
2026-06-26 00:00:00+01:00,1.1363893747329712,1.1433929204940796,1.135486125946045,1.1361699104309082,0,0.0,0.0,-0.006845155340722053,-0.004897843328112204,-0.0019473120126098495,0.006682114941733224,False,False,False,False
2026-06-29 00:00:00+01:00,1.1384464502334595,1.1425960063934326,1.1381744146347046,1.1385631561279297,0,0.0,0.0,-0.006952110008970003,-0.005308696664283763,-0.0016434133446862394,0.006744699818747384,False,False,False,True
2026-06-30 00:00:00+01:00,1.1418914794921875,1.1434452533721924,1.1383298635482788,1.1422044038772583,0,0.0,0.0,-0.006666210170654052,-0.005580199365557821,-0.001086010805096231,0.006784132548740932,False,False,False,False
2026-07-01 00:00:00+01:00,1.141252875328064,1.1416828632354736,1.1362087726593018,1.1413310766220093,0,0.0,0.0,-0.006435913495233647,-0.005751342191492987,-0.0006845713037406604,0.006901545183999198,False,False,False,False
2026-07-02 00:00:00+01:00,1.1377859115600586,1.1471705436706543,1.1375399827957153,1.13779878616333,0,0.0,0.0,-0.006463916039739281,-0.005893856961142246,-0.0005700590785970355,0.007190201963697161,True,False,False,False
2026-07-03 00:00:00+01:00,1.142374038696289,1.1465259790420532,1.1421130895614624,1.1422696113586426,0,0.0,0.0,-0.006055545470255774,-0.005926194662964952,-0.00012935080729082216,0.007481064115251813,False,False,False,False
2026-07-06 00:00:00+01:00,1.1435890197753906,1.144426703453064,1.1409794092178345,1.1437721252441406,0,0.0,0.0,-0.005546729295660802,-0.005850301589504123,0.0003035722938433214,0.007419901234763009,False,False,False,False
2026-07-07 00:00:00+01:00,1.1442302465438843,1.1447148323059082,1.1422958374023438,1.144177794456482,0,0.0,0.0,-0.005052512477592863,-0.005690743767121871,0.0006382312895290079,0.0073648009981427875,False,False,False,False
2026-07-08 00:00:00+01:00,1.1400948762893677,1.1432491540908813,1.1391856670379639,1.140380859375,0,0.0,0.0,-0.004910616487286523,-0.005534718311154802,0.0006241018238682785,0.006609065192086356,False,False,False,False
2026-07-09 00:00:00+01:00,1.1421914100646973,1.145081877708435,1.142126202583313,1.1422044038772583,0,0.0,0.0,-0.004598015036156422,-0.005347377656155126,0.0007493626199987042,0.006308530058179583,False,False,False,False
2026-07-10 00:00:00+01:00,1.143379807472229,1.1462632417678833,1.1418392658233643,1.1433405876159668,0,0.0,0.0,-0.00421006459772566,-0.005119915044469234,0.0009098504467435738,0.006288366658346993,False,False,False,False
2026-07-13 00:00:00+01:00,1.140367865562439,1.1445707082748413,1.1386798620224,1.1404459476470947,0,0.0,0.0,-0.004089048330400802,-0.004913741701655548,0.0008246933712547462,0.006094353539603097,False,False,False,False
2026-07-14 00:00:00+01:00,1.1383687257766724,1.1461317539215088,1.1378765106201172,1.1384334564208984,0,0.0,0.0,-0.004108176784809903,-0.00475262871828642,0.0006444519334765173,0.005957424640655518,False,False,False,False
2026-07-15 00:00:00+01:00,1.1425436735153198,1.1445575952529907,1.1406540870666504,1.1424654722213745,0,0.0,0.0,-0.0037547043500802957,-0.0045530438446451955,0.0007983394945648998,0.006008548395974296,False,False,False,False
2026-07-16 00:00:00+01:00,1.147315263748169,1.1478420495986938,1.143837571144104,1.1470258235931396,0,0.0,0.0,-0.0030711898903641455,-0.004256673053788986,0.0011854831634248407,0.005823220525469098,True,False,False,False
2026-07-17 00:00:00+01:00,1.144688606262207,1.1453442573547363,1.1425436735153198,1.1444659233093262,0,0.0,0.0,-0.0027048821181798743,-0.003946314866667164,0.0012414327484872893,0.0056843672479902,False,False,False,False
2026-07-20 00:00:00+01:00,1.1427135467529297,1.1449507474899292,1.1405240297317505,1.142765760421753,0,0.0,0.0,-0.00252268951142387,-0.003661589795618505,0.0011389002841946348,0.005635176386151995,False,False,False,False
2026-07-21 00:00:00+01:00,1.1416046619415283,1.1428571939468384,1.1403288841247559,1.1418131589889526,0,0.0,0.0,-0.0024271884151698675,-0.003414709519528778,0.0009875211043589103,0.005387510572160993,False,False,False,False
2026-07-22 00:00:00+01:00,1.1401728391647339,1.1421130895614624,1.1399649381637573,1.140380859375,0,0.0,0.0,-0.002438962871181838,-0.00321956018985939,0.0007805973186775523,0.004853052752358573,False,False,False,False
2026-07-23 00:00:00+01:00,1.141265869140625,1.1437721252441406,1.1365057229995728,1.1411746740341187,0,0.0,0.0,-0.002357069177344684,-0.0030470619873564494,0.0006899928100117655,0.004748710564204625,False,False,False,False
2026-07-24 00:00:00+01:00,1.137617588043213,1.1399909257888794,1.1367511749267578,1.137682318687439,0,0.0,0.0,-0.0025446387135057424,-0.0029465773325863085,0.000401938619080566,0.004818439483642578,False,False,False,False
2026-07-27 00:00:00+01:00,1.1397830247879028,1.1418131589889526,1.1369967460632324,1.1394972801208496,0,0.0,0.0,-0.0025178129227785284,-0.002860824450624753,0.00034301152784622447,0.004989683628082275,False,False,False,False
2026-07-28 00:00:00+01:00,1.1368545293807983,1.140185832977295,1.1354475021362305,1.1369450092315674,0,0.0,0.0,-0.0026717024975899673,-0.0028230000600177963,0.00015129756242782903,0.004971555301121303,False,True,False,False
2026-07-29 00:00:00+01:00,1.1383816003799438,1.1405109167099,1.1375917196273804,1.1386538743972778,0,0.0,0.0,-0.002625504772355791,-0.0027835010024853954,0.00015799623012960427,0.004890475954328265,False,False,False,False
2026-07-30 00:00:00+01:00,1.1467890739440918,1.1534823179244995,1.1435366868972778,1.1467232704162598,0,0.0,0.0,-0.0019156771881385648,-0.0026099362396160295,0.0006942590514774647,0.005633652210235596,False,False,False,False
2026-07-31 00:00:00+01:00,1.1526048183441162,1.1526048183441162,1.1459085941314697,1.1523525714874268,0,0.0,0.0,-0.0008886523322837458,-0.002265679458149573,0.0013770271258658272,0.005691179207393101,False,False,False,False
2026-08-03 00:00:00+01:00,1.1540014743804932,1.1555217504501343,1.1502846479415894,1.154401183128357,0,0.0,0.0,8.954587465415109e-05,-0.0017946343915888282,0.0018841802662429793,0.005475597722189767,False,False,False,False
2026-08-04 00:00:00+01:00,1.150814175605774,1.1531364917755127,1.15035080909729,1.150734782218933,0,0.0,0.0,0.0005624435895985602,-0.0013232187953513507,0.001885662384949911,0.0053274716649736676,False,False,False,False
2026-08-05 00:00:00+01:00,1.1532163619995117,1.1559356451034546,1.152751088142395,1.153242826461792,0,0.0,0.0,0.0011266097891751148,-0.0008332530784460575,0.0019598628676211725,0.0053149206297738215,False,False,False,False
2026-08-06 00:00:00+01:00,1.155575156211853,1.156203031539917,1.1520073413848877,1.1557353734970093,0,0.0,0.0,0.0017546171473314942,-0.0003156790332905472,0.0020702961806220413,0.005294459206717355,False,False,False,False
2026-08-07 00:00:00+01:00,1.152325987815857,1.1579434871673584,1.1518480777740479,1.1524720191955566,0,0.0,0.0,0.0019663255076249886,0.00014072187489255994,0.0018256036327324286,0.005413651466369629,False,False,False,False
2026-08-10 00:00:00+01:00,1.155575156211853,1.1566041707992554,1.1544544696807861,1.155641794204712,0,0.0,0.0,0.0023626451580709418,0.0005851065315282363,0.0017775386265427055,0.00552821159362793,False,False,False,False
2026-08-11 00:00:00+01:00,1.1546677350997925,1.1552680730819702,1.153203010559082,1.1546411514282227,0,0.0,0.0,0.0025664039201753752,0.000981366009257664,0.0015850379109177111,0.005548971039908273,False,False,False,False
2026-08-12 00:00:00+01:00,1.1543478965759277,1.156243085861206,1.1532695293426514,1.1543744802474976,0,0.0,0.0,0.0026755242929323853,0.0013201976659926085,0.0013553266269397768,0.005242339202335903,False,False,False,False
2026-08-13 00:00:00+01:00,1.1528840065002441,1.1547343730926514,1.1512778997421265,1.1530035734176636,0,0.0,0.0,0.0026211670681490773,0.0015803915464239022,0.001040775521725175,0.0051732659339904785,False,False,False,False
2026-08-14 00:00:00+01:00,1.1534159183502197,1.1586142778396606,1.1532561779022217,1.1535356044769287,0,0.0,0.0,0.0025911498731958638,0.0017825432117782947,0.0008086066614175691,0.005230001040867397,False,False,False,False
2026-08-17 00:00:00+01:00,1.1575547456741333,1.1613997220993042,1.1575547456741333,1.1573940515518188,0,0.0,0.0,0.0028458997022331456,0.0019952145098692652,0.0008506851923638804,0.005453271525246757,False,False,False,False
2026-08-18 00:00:00+01:00,1.1584800481796265,1.1588828563690186,1.1567245721817017,1.1582788228988647,0,0.0,0.0,0.0030836381691663473,0.0022128992417286817,0.0008707389274376655,0.005352727004459926,False,False,False,False
2026-08-19 00:00:00+01:00,1.1682243347167969,1.1686338186264038,1.1679514646530151,1.1680878400802612,0,0.0,0.0,0.004017245026172178,0.002573768398617381,0.0014434766275547972,0.0050331950187683105,False,False,False,False
