swing_type,swing_time,swing_price,confirmed_time
LOW,2023-11-07 14:00:00+00:00,1.066894292831421,2023-11-07 19:00:00+00:00
HIGH,2023-11-07 19:00:00+00:00,1.0706638097763062,2023-11-08 00:00:00+00:00
HIGH,2023-11-08 16:00:00+00:00,1.071811318397522,2023-11-08 21:00:00+00:00
HIGH,2023-11-09 02:00:00+00:00,1.071926236152649,2023-11-09 07:00:00+00:00
LOW,2023-11-09 11:00:00+00:00,1.068376064300537,2023-11-09 16:00:00+00:00
LOW,2023-11-09 19:00:00+00:00,1.066439151763916,2023-11-10 00:00:00+00:00
LOW,2023-11-10 07:00:00+00:00,1.0659844875335693,2023-11-10 12:00:00+00:00
HIGH,2023-11-10 13:00:00+00:00,1.0695186853408813,2023-11-10 18:00:00+00:00
LOW,2023-11-10 16:00:00+00:00,1.0666667222976685,2023-11-10 21:00:00+00:00
HIGH,2023-11-13 00:00:00+00:00,1.069290041923523,2023-11-13 05:00:00+00:00
HIGH,2023-11-13 09:00:00+00:00,1.0703200101852417,2023-11-13 14:00:00+00:00
LOW,2023-11-13 13:00:00+00:00,1.066894292831421,2023-11-13 18:00:00+00:00
HIGH,2023-11-13 22:00:00+00:00,1.0710078477859497,2023-11-14 03:00:00+00:00
LOW,2023-11-14 05:00:00+00:00,1.06963312625885,2023-11-14 10:00:00+00:00
HIGH,2023-11-14 20:00:00+00:00,1.0889687538146973,2023-11-15 01:00:00+00:00
LOW,2023-11-15 00:00:00+00:00,1.0868383646011353,2023-11-15 05:00:00+00:00
HIGH,2023-11-15 04:00:00+00:00,1.0887316465377808,2023-11-15 09:00:00+00:00
LOW,2023-11-15 14:00:00+00:00,1.0834236145019531,2023-11-15 19:00:00+00:00
HIGH,2023-11-16 00:00:00+00:00,1.085894227027893,2023-11-16 05:00:00+00:00
LOW,2023-11-16 02:00:00+00:00,1.0833063125610352,2023-11-16 07:00:00+00:00
HIGH,2023-11-16 15:00:00+00:00,1.0897995233535767,2023-11-16 20:00:00+00:00
LOW,2023-11-16 22:00:00+00:00,1.0847163200378418,2023-11-17 03:00:00+00:00
LOW,2023-11-17 08:00:00+00:00,1.0828369855880737,2023-11-17 13:00:00+00:00
HIGH,2023-11-20 18:00:00+00:00,1.0954102277755737,2023-11-20 23:00:00+00:00
HIGH,2023-11-21 04:00:00+00:00,1.0968520641326904,2023-11-21 09:00:00+00:00
LOW,2023-11-21 19:00:00+00:00,1.0903936624526978,2023-11-22 00:00:00+00:00
HIGH,2023-11-22 01:00:00+00:00,1.0925379991531372,2023-11-22 06:00:00+00:00
HIGH,2023-11-22 08:00:00+00:00,1.0922993421554565,2023-11-22 13:00:00+00:00
LOW,2023-11-22 15:00:00+00:00,1.0856584310531616,2023-11-22 20:00:00+00:00
HIGH,2023-11-23 08:00:00+00:00,1.0930156707763672,2023-11-23 13:00:00+00:00
LOW,2023-11-23 14:00:00+00:00,1.0890873670578003,2023-11-23 19:00:00+00:00
LOW,2023-11-27 01:00:00+00:00,1.0930156707763672,2023-11-27 06:00:00+00:00
HIGH,2023-11-27 07:00:00+00:00,1.0961307287216187,2023-11-27 12:00:00+00:00
LOW,2023-11-27 15:00:00+00:00,1.0928961038589478,2023-11-27 20:00:00+00:00
HIGH,2023-11-28 02:00:00+00:00,1.096611499786377,2023-11-28 07:00:00+00:00
LOW,2023-11-28 07:00:00+00:00,1.0938525199890137,2023-11-28 12:00:00+00:00
HIGH,2023-11-28 17:00:00+00:00,1.1012003421783447,2023-11-28 22:00:00+00:00
HIGH,2023-11-29 01:00:00+00:00,1.1019283533096313,2023-11-29 06:00:00+00:00
HIGH,2023-11-29 19:00:00+00:00,1.0996261835098267,2023-11-30 00:00:00+00:00
LOW,2023-11-30 20:00:00+00:00,1.0882576704025269,2023-12-01 01:00:00+00:00
HIGH,2023-12-01 02:00:00+00:00,1.0915838479995728,2023-12-01 07:00:00+00:00
LOW,2023-12-01 16:00:00+00:00,1.0835410356521606,2023-12-01 21:00:00+00:00
HIGH,2023-12-01 18:00:00+00:00,1.089561939239502,2023-12-04 00:00:00+00:00
LOW,2023-12-04 01:00:00+00:00,1.08695650100708,2023-12-04 06:00:00+00:00
LOW,2023-12-04 07:00:00+00:00,1.0853049755096436,2023-12-04 12:00:00+00:00
HIGH,2023-12-04 09:00:00+00:00,1.0883761644363403,2023-12-04 14:00:00+00:00
LOW,2023-12-04 15:00:00+00:00,1.0808473825454712,2023-12-04 20:00:00+00:00
LOW,2023-12-05 07:00:00+00:00,1.0807305574417114,2023-12-05 12:00:00+00:00
LOW,2023-12-05 18:00:00+00:00,1.0781670808792114,2023-12-05 23:00:00+00:00
HIGH,2023-12-05 22:00:00+00:00,1.080263614654541,2023-12-06 03:00:00+00:00
HIGH,2023-12-06 05:00:00+00:00,1.0804970264434814,2023-12-06 10:00:00+00:00
LOW,2023-12-06 12:00:00+00:00,1.07758629322052,2023-12-06 17:00:00+00:00
HIGH,2023-12-06 14:00:00+00:00,1.0806137323379517,2023-12-06 19:00:00+00:00
LOW,2023-12-06 20:00:00+00:00,1.0761945247650146,2023-12-07 01:00:00+00:00
HIGH,2023-12-07 17:00:00+00:00,1.0818997621536255,2023-12-07 22:00:00+00:00
LOW,2023-12-08 13:00:00+00:00,1.0730764865875244,2023-12-08 18:00:00+00:00
LOW,2023-12-11 08:00:00+00:00,1.0755001306533813,2023-12-11 13:00:00+00:00
HIGH,2023-12-11 10:00:00+00:00,1.0781670808792114,2023-12-11 15:00:00+00:00
LOW,2023-12-11 15:00:00+00:00,1.0744600296020508,2023-12-11 20:00:00+00:00
HIGH,2023-12-11 19:00:00+00:00,1.0772379636764526,2023-12-12 00:00:00+00:00
HIGH,2023-12-12 13:00:00+00:00,1.0827198028564453,2023-12-12 18:00:00+00:00
LOW,2023-12-12 14:00:00+00:00,1.0770059823989868,2023-12-12 19:00:00+00:00
HIGH,2023-12-12 22:00:00+00:00,1.0803803205490112,2023-12-13 03:00:00+00:00
LOW,2023-12-13 10:00:00+00:00,1.07758629322052,2023-12-13 15:00:00+00:00
LOW,2023-12-13 18:00:00+00:00,1.078283429145813,2023-12-13 23:00:00+00:00
HIGH,2023-12-14 03:00:00+00:00,1.0918222665786743,2023-12-14 08:00:00+00:00
LOW,2023-12-14 08:00:00+00:00,1.0883761644363403,2023-12-14 13:00:00+00:00
HIGH,2023-12-14 17:00:00+00:00,1.1012003421783447,2023-12-14 22:00:00+00:00
LOW,2023-12-15 00:00:00+00:00,1.098056435585022,2023-12-15 05:00:00+00:00
HIGH,2023-12-15 04:00:00+00:00,1.100594401359558,2023-12-15 09:00:00+00:00
HIGH,2023-12-18 07:00:00+00:00,1.0932546854019165,2023-12-18 12:00:00+00:00
HIGH,2023-12-19 15:00:00+00:00,1.0990219116210938,2023-12-19 20:00:00+00:00
HIGH,2023-12-19 22:00:00+00:00,1.0987803936004639,2023-12-20 03:00:00+00:00
LOW,2023-12-20 12:00:00+00:00,1.0937328338623047,2023-12-20 17:00:00+00:00
HIGH,2023-12-20 16:00:00+00:00,1.0978153944015503,2023-12-20 21:00:00+00:00
LOW,2023-12-20 21:00:00+00:00,1.0933741331100464,2023-12-21 02:00:00+00:00
LOW,2023-12-21 09:00:00+00:00,1.0938525199890137,2023-12-21 14:00:00+00:00
HIGH,2023-12-22 14:00:00+00:00,1.1043622493743896,2023-12-22 19:00:00+00:00
LOW,2023-12-22 17:00:00+00:00,1.1003520488739014,2023-12-22 22:00:00+00:00
HIGH,2023-12-25 00:00:00+00:00,1.1027790307998657,2023-12-25 05:00:00+00:00
HIGH,2023-12-25 07:00:00+00:00,1.1024142503738403,2023-12-25 22:00:00+00:00
LOW,2023-12-25 22:00:00+00:00,1.0997470617294312,2023-12-26 03:00:00+00:00
HIGH,2023-12-26 03:00:00+00:00,1.103265643119812,2023-12-26 08:00:00+00:00
LOW,2023-12-26 12:00:00+00:00,1.1012003421783447,2023-12-26 17:00:00+00:00
HIGH,2023-12-26 22:00:00+00:00,1.1049723625183105,2023-12-27 03:00:00+00:00
LOW,2023-12-27 03:00:00+00:00,1.1031439304351807,2023-12-27 08:00:00+00:00
HIGH,2023-12-27 16:00:00+00:00,1.1124708652496338,2023-12-27 21:00:00+00:00
LOW,2023-12-28 06:00:00+00:00,1.110864281654358,2023-12-28 11:00:00+00:00
HIGH,2023-12-28 09:00:00+00:00,1.1140819787979126,2023-12-28 14:00:00+00:00
LOW,2023-12-28 18:00:00+00:00,1.1058276891708374,2023-12-28 23:00:00+00:00
HIGH,2023-12-29 01:00:00+00:00,1.1086474657058716,2023-12-29 06:00:00+00:00
LOW,2023-12-29 09:00:00+00:00,1.1048502922058105,2023-12-29 14:00:00+00:00
HIGH,2023-12-29 12:00:00+00:00,1.1082788705825806,2023-12-29 17:00:00+00:00
LOW,2023-12-29 21:00:00+00:00,1.1037527322769165,2024-01-01 21:00:00+00:00
HIGH,2024-01-03 08:00:00+00:00,1.0967316627502441,2024-01-03 13:00:00+00:00
LOW,2024-01-03 19:00:00+00:00,1.0897995233535767,2024-01-04 00:00:00+00:00
HIGH,2024-01-04 10:00:00+00:00,1.0973334312438965,2024-01-04 15:00:00+00:00
HIGH,2024-01-05 01:00:00+00:00,1.0957703590393066,2024-01-05 06:00:00+00:00
LOW,2024-01-05 13:00:00+00:00,1.0883761644363403,2024-01-05 18:00:00+00:00
HIGH,2024-01-05 15:00:00+00:00,1.0997470617294312,2024-01-05 20:00:00+00:00
HIGH,2024-01-08 07:00:00+00:00,1.0955302715301514,2024-01-08 12:00:00+00:00
LOW,2024-01-08 09:00:00+00:00,1.0927767753601074,2024-01-08 14:00:00+00:00
LOW,2024-01-08 23:00:00+00:00,1.095170259475708,2024-01-09 04:00:00+00:00
HIGH,2024-01-09 03:00:00+00:00,1.0968520641326904,2024-01-09 08:00:00+00:00
HIGH,2024-01-09 14:00:00+00:00,1.0954102277755737,2024-01-09 19:00:00+00:00
LOW,2024-01-09 16:00:00+00:00,1.0913456678390503,2024-01-09 21:00:00+00:00
HIGH,2024-01-10 00:00:00+00:00,1.0939722061157227,2024-01-10 05:00:00+00:00
LOW,2024-01-10 06:00:00+00:00,1.0926573276519775,2024-01-10 11:00:00+00:00
LOW,2024-01-10 14:00:00+00:00,1.0936132669448853,2024-01-10 19:00:00+00:00
HIGH,2024-01-11 06:00:00+00:00,1.0991426706314087,2024-01-11 11:00:00+00:00
HIGH,2024-01-11 12:00:00+00:00,1.0992635488510132,2024-01-11 17:00:00+00:00
HIGH,2024-01-12 02:00:00+00:00,1.0991426706314087,2024-01-12 07:00:00+00:00
LOW,2024-01-12 13:00:00+00:00,1.0939722061157227,2024-01-12 18:00:00+00:00
HIGH,2024-01-12 15:00:00+00:00,1.0989010334014893,2024-01-12 20:00:00+00:00
LOW,2024-01-15 00:00:00+00:00,1.0944511890411377,2024-01-15 05:00:00+00:00
LOW,2024-01-15 10:00:00+00:00,1.0936132669448853,2024-01-15 15:00:00+00:00
HIGH,2024-01-15 19:00:00+00:00,1.095650315284729,2024-01-16 00:00:00+00:00
HIGH,2024-01-17 02:00:00+00:00,1.0887316465377808,2024-01-17 07:00:00+00:00
LOW,2024-01-17 06:00:00+00:00,1.085894227027893,2024-01-17 11:00:00+00:00
HIGH,2024-01-17 10:00:00+00:00,1.0886130332946777,2024-01-17 15:00:00+00:00
LOW,2024-01-17 15:00:00+00:00,1.0848339796066284,2024-01-17 20:00:00+00:00
HIGH,2024-01-18 06:00:00+00:00,1.0909883975982666,2024-01-18 11:00:00+00:00
LOW,2024-01-18 15:00:00+00:00,1.0851871967315674,2024-01-18 20:00:00+00:00
LOW,2024-01-19 08:00:00+00:00,1.087074637413025,2024-01-19 13:00:00+00:00
HIGH,2024-01-19 11:00:00+00:00,1.089561939239502,2024-01-19 16:00:00+00:00
LOW,2024-01-19 14:00:00+00:00,1.087074637413025,2024-01-19 19:00:00+00:00
LOW,2024-01-22 13:00:00+00:00,1.0883761644363403,2024-01-22 18:00:00+00:00
HIGH,2024-01-22 17:00:00+00:00,1.090274691581726,2024-01-22 22:00:00+00:00
LOW,2024-01-23 00:00:00+00:00,1.087902545928955,2024-01-23 05:00:00+00:00
HIGH,2024-01-23 07:00:00+00:00,1.0918222665786743,2024-01-23 12:00:00+00:00
LOW,2024-01-23 15:00:00+00:00,1.0824854373931885,2024-01-23 20:00:00+00:00
HIGH,2024-01-24 14:00:00+00:00,1.0933741331100464,2024-01-24 19:00:00+00:00
LOW,2024-01-25 01:00:00+00:00,1.087311029434204,2024-01-25 06:00:00+00:00
LOW,2024-01-25 19:00:00+00:00,1.0827198028564453,2024-01-26 00:00:00+00:00
LOW,2024-01-26 07:00:00+00:00,1.081548810005188,2024-01-26 12:00:00+00:00
HIGH,2024-01-26 13:00:00+00:00,1.0884946584701538,2024-01-26 18:00:00+00:00
HIGH,2024-01-29 07:00:00+00:00,1.0853049755096436,2024-01-29 12:00:00+00:00
HIGH,2024-01-30 00:00:00+00:00,1.084481120109558,2024-01-30 05:00:00+00:00
LOW,2024-01-30 07:00:00+00:00,1.081548810005188,2024-01-30 12:00:00+00:00
HIGH,2024-01-30 14:00:00+00:00,1.085894227027893,2024-01-30 19:00:00+00:00
HIGH,2024-01-30 20:00:00+00:00,1.0851871967315674,2024-01-31 01:00:00+00:00
LOW,2024-01-31 07:00:00+00:00,1.080964207649231,2024-01-31 12:00:00+00:00
LOW,2024-01-31 20:00:00+00:00,1.0797970294952393,2024-02-01 01:00:00+00:00
LOW,2024-02-01 08:00:00+00:00,1.078283429145813,2024-02-01 13:00:00+00:00
HIGH,2024-02-02 09:00:00+00:00,1.0900371074676514,2024-02-02 14:00:00+00:00
LOW,2024-02-05 00:00:00+00:00,1.0771219730377197,2024-02-05 05:00:00+00:00
HIGH,2024-02-05 08:00:00+00:00,1.0788650512695312,2024-02-05 13:00:00+00:00
LOW,2024-02-05 15:00:00+00:00,1.0726161003112793,2024-02-05 20:00:00+00:00
HIGH,2024-02-06 07:00:00+00:00,1.0765421390533447,2024-02-06 12:00:00+00:00
LOW,2024-02-06 12:00:00+00:00,1.0726161003112793,2024-02-06 17:00:00+00:00
HIGH,2024-02-07 13:00:00+00:00,1.0786322355270386,2024-02-07 18:00:00+00:00
LOW,2024-02-08 13:00:00+00:00,1.0744600296020508,2024-02-08 18:00:00+00:00
HIGH,2024-02-08 18:00:00+00:00,1.078399658203125,2024-02-08 23:00:00+00:00
LOW,2024-02-09 10:00:00+00:00,1.0765421390533447,2024-02-09 15:00:00+00:00
HIGH,2024-02-09 14:00:00+00:00,1.0796804428100586,2024-02-09 19:00:00+00:00
HIGH,2024-02-12 00:00:00+00:00,1.080263614654541,2024-02-12 05:00:00+00:00
HIGH,2024-02-12 07:00:00+00:00,1.0807305574417114,2024-02-12 12:00:00+00:00
LOW,2024-02-12 15:00:00+00:00,1.0759629011154175,2024-02-12 20:00:00+00:00
HIGH,2024-02-12 18:00:00+00:00,1.0788650512695312,2024-02-12 23:00:00+00:00
HIGH,2024-02-13 13:00:00+00:00,1.0796804428100586,2024-02-13 18:00:00+00:00
HIGH,2024-02-14 06:00:00+00:00,1.0721560716629028,2024-02-14 11:00:00+00:00
LOW,2024-02-14 08:00:00+00:00,1.0698620080947876,2024-02-14 13:00:00+00:00
LOW,2024-02-15 04:00:00+00:00,1.0727311372756958,2024-02-15 09:00:00+00:00
HIGH,2024-02-15 15:00:00+00:00,1.0786322355270386,2024-02-15 20:00:00+00:00
HIGH,2024-02-15 23:00:00+00:00,1.077934741973877,2024-02-16 04:00:00+00:00
LOW,2024-02-16 04:00:00+00:00,1.0759629011154175,2024-02-16 09:00:00+00:00
HIGH,2024-02-16 11:00:00+00:00,1.078283429145813,2024-02-16 16:00:00+00:00
LOW,2024-02-16 13:00:00+00:00,1.0736525058746338,2024-02-16 18:00:00+00:00
HIGH,2024-02-19 00:00:00+00:00,1.079214334487915,2024-02-19 05:00:00+00:00
HIGH,2024-02-19 07:00:00+00:00,1.079214334487915,2024-02-19 12:00:00+00:00
HIGH,2024-02-19 18:00:00+00:00,1.0786322355270386,2024-02-19 23:00:00+00:00
LOW,2024-02-20 02:00:00+00:00,1.0765421390533447,2024-02-20 07:00:00+00:00
HIGH,2024-02-20 14:00:00+00:00,1.0841283798217773,2024-02-20 19:00:00+00:00
LOW,2024-02-21 09:00:00+00:00,1.0794472694396973,2024-02-21 14:00:00+00:00
LOW,2024-02-21 18:00:00+00:00,1.0803803205490112,2024-02-21 23:00:00+00:00
HIGH,2024-02-22 08:00:00+00:00,1.0888501405715942,2024-02-22 13:00:00+00:00
LOW,2024-02-22 14:00:00+00:00,1.0807305574417114,2024-02-22 19:00:00+00:00
LOW,2024-02-23 00:00:00+00:00,1.0820168256759644,2024-02-23 05:00:00+00:00
HIGH,2024-02-23 01:00:00+00:00,1.0834236145019531,2024-02-23 06:00:00+00:00
LOW,2024-02-23 09:00:00+00:00,1.0816657543182373,2024-02-23 14:00:00+00:00
HIGH,2024-02-23 12:00:00+00:00,1.0841283798217773,2024-02-23 17:00:00+00:00
LOW,2024-02-23 15:00:00+00:00,1.081548810005188,2024-02-23 20:00:00+00:00
LOW,2024-02-26 01:00:00+00:00,1.0816657543182373,2024-02-26 06:00:00+00:00
HIGH,2024-02-26 12:00:00+00:00,1.0862481594085693,2024-02-26 17:00:00+00:00
LOW,2024-02-27 01:00:00+00:00,1.0848339796066284,2024-02-27 06:00:00+00:00
HIGH,2024-02-27 08:00:00+00:00,1.0868383646011353,2024-02-27 13:00:00+00:00
LOW,2024-02-27 15:00:00+00:00,1.0836584568023682,2024-02-27 20:00:00+00:00
LOW,2024-02-28 09:00:00+00:00,1.0801469087600708,2024-02-28 14:00:00+00:00
HIGH,2024-02-28 17:00:00+00:00,1.0848339796066284,2024-02-28 22:00:00+00:00
LOW,2024-02-29 07:00:00+00:00,1.0829542875289917,2024-02-29 12:00:00+00:00
HIGH,2024-02-29 15:00:00+00:00,1.0857763290405273,2024-02-29 20:00:00+00:00
LOW,2024-02-29 17:00:00+00:00,1.07991361618042,2024-02-29 22:00:00+00:00
HIGH,2024-03-01 02:00:00+00:00,1.0824854373931885,2024-03-01 07:00:00+00:00
HIGH,2024-03-04 00:00:00+00:00,1.0850694179534912,2024-03-04 05:00:00+00:00
LOW,2024-03-04 08:00:00+00:00,1.0841283798217773,2024-03-04 13:00:00+00:00
HIGH,2024-03-04 16:00:00+00:00,1.08695650100708,2024-03-04 21:00:00+00:00
LOW,2024-03-05 07:00:00+00:00,1.084481120109558,2024-03-05 12:00:00+00:00
HIGH,2024-03-05 09:00:00+00:00,1.085894227027893,2024-03-05 14:00:00+00:00
LOW,2024-03-05 13:00:00+00:00,1.0845986604690552,2024-03-05 18:00:00+00:00
HIGH,2024-03-05 15:00:00+00:00,1.087902545928955,2024-03-05 20:00:00+00:00
LOW,2024-03-06 01:00:00+00:00,1.0845986604690552,2024-03-06 06:00:00+00:00
HIGH,2024-03-06 17:00:00+00:00,1.0918222665786743,2024-03-06 22:00:00+00:00
HIGH,2024-03-07 00:00:00+00:00,1.0909883975982666,2024-03-07 05:00:00+00:00
LOW,2024-03-07 13:00:00+00:00,1.087074637413025,2024-03-07 18:00:00+00:00
HIGH,2024-03-08 00:00:00+00:00,1.0958904027938843,2024-03-08 05:00:00+00:00
HIGH,2024-03-08 13:00:00+00:00,1.0979359149932861,2024-03-08 18:00:00+00:00
HIGH,2024-03-11 00:00:00+00:00,1.0949305295944214,2024-03-11 05:00:00+00:00
LOW,2024-03-11 15:00:00+00:00,1.0918222665786743,2024-03-11 20:00:00+00:00
HIGH,2024-03-12 12:00:00+00:00,1.0944511890411377,2024-03-12 17:00:00+00:00
LOW,2024-03-12 13:00:00+00:00,1.0906314849853516,2024-03-12 18:00:00+00:00
LOW,2024-03-13 09:00:00+00:00,1.0922993421554565,2024-03-13 14:00:00+00:00
HIGH,2024-03-13 17:00:00+00:00,1.096611499786377,2024-03-13 22:00:00+00:00
HIGH,2024-03-14 00:00:00+00:00,1.0957703590393066,2024-03-14 05:00:00+00:00
HIGH,2024-03-14 10:00:00+00:00,1.0948106050491333,2024-03-14 15:00:00+00:00
LOW,2024-03-15 02:00:00+00:00,1.0875475406646729,2024-03-15 07:00:00+00:00
LOW,2024-03-15 15:00:00+00:00,1.0884946584701538,2024-03-15 20:00:00+00:00
LOW,2024-03-18 00:00:00+00:00,1.0883761644363403,2024-03-18 05:00:00+00:00
HIGH,2024-03-18 11:00:00+00:00,1.090869426727295,2024-03-18 16:00:00+00:00
LOW,2024-03-18 17:00:00+00:00,1.08695650100708,2024-03-18 22:00:00+00:00
HIGH,2024-03-19 04:00:00+00:00,1.088020920753479,2024-03-19 09:00:00+00:00
LOW,2024-03-19 09:00:00+00:00,1.0837758779525757,2024-03-19 14:00:00+00:00
LOW,2024-03-20 00:00:00+00:00,1.086130142211914,2024-03-20 05:00:00+00:00
HIGH,2024-03-20 07:00:00+00:00,1.0875475406646729,2024-03-20 12:00:00+00:00
HIGH,2024-03-21 01:00:00+00:00,1.0942115783691406,2024-03-21 06:00:00+00:00
HIGH,2024-03-21 07:00:00+00:00,1.0945708751678467,2024-03-21 12:00:00+00:00
HIGH,2024-03-22 00:00:00+00:00,1.087074637413025,2024-03-22 05:00:00+00:00
LOW,2024-03-22 08:00:00+00:00,1.08119797706604,2024-03-22 13:00:00+00:00
LOW,2024-03-25 08:00:00+00:00,1.080964207649231,2024-03-25 13:00:00+00:00
HIGH,2024-03-25 14:00:00+00:00,1.084481120109558,2024-03-25 19:00:00+00:00
HIGH,2024-03-26 10:00:00+00:00,1.08672034740448,2024-03-26 15:00:00+00:00
LOW,2024-03-26 16:00:00+00:00,1.0827198028564453,2024-03-26 21:00:00+00:00
LOW,2024-03-27 01:00:00+00:00,1.08236825466156,2024-03-27 06:00:00+00:00
HIGH,2024-03-27 09:00:00+00:00,1.0841283798217773,2024-03-27 14:00:00+00:00
LOW,2024-03-27 13:00:00+00:00,1.0814317464828491,2024-03-27 18:00:00+00:00
HIGH,2024-03-27 21:00:00+00:00,1.0833063125610352,2024-03-28 02:00:00+00:00
LOW,2024-03-28 00:00:00+00:00,1.0810810327529907,2024-03-28 05:00:00+00:00
HIGH,2024-03-28 05:00:00+00:00,1.0829542875289917,2024-03-28 10:00:00+00:00
HIGH,2024-03-28 13:00:00+00:00,1.0821340084075928,2024-03-28 18:00:00+00:00
LOW,2024-03-28 19:00:00+00:00,1.0787487030029297,2024-03-29 00:00:00+00:00
HIGH,2024-03-29 13:00:00+00:00,1.0804970264434814,2024-03-29 18:00:00+00:00
HIGH,2024-04-01 01:00:00+01:00,1.080263614654541,2024-04-01 06:00:00+01:00
HIGH,2024-04-01 22:00:00+01:00,1.074806571006775,2024-04-02 03:00:00+01:00
LOW,2024-04-02 07:00:00+01:00,1.0728462934494019,2024-04-02 12:00:00+01:00
HIGH,2024-04-02 15:00:00+01:00,1.0781670808792114,2024-04-02 20:00:00+01:00
LOW,2024-04-02 20:00:00+01:00,1.076310396194458,2024-04-03 01:00:00+01:00
HIGH,2024-04-02 22:00:00+01:00,1.0780508518218994,2024-04-03 03:00:00+01:00
HIGH,2024-04-03 04:00:00+01:00,1.0781670808792114,2024-04-03 09:00:00+01:00
LOW,2024-04-03 08:00:00+01:00,1.076658010482788,2024-04-03 13:00:00+01:00
LOW,2024-04-05 07:00:00+01:00,1.082602620124817,2024-04-05 12:00:00+01:00
HIGH,2024-04-05 13:00:00+01:00,1.0849517583847046,2024-04-05 18:00:00+01:00
LOW,2024-04-05 14:00:00+01:00,1.079563856124878,2024-04-05 19:00:00+01:00
LOW,2024-04-08 01:00:00+01:00,1.082602620124817,2024-04-08 06:00:00+01:00
HIGH,2024-04-08 03:00:00+01:00,1.0845986604690552,2024-04-08 08:00:00+01:00
LOW,2024-04-08 10:00:00+01:00,1.08236825466156,2024-04-08 15:00:00+01:00
LOW,2024-04-09 09:00:00+01:00,1.0853049755096436,2024-04-09 14:00:00+01:00
HIGH,2024-04-09 14:00:00+01:00,1.0887316465377808,2024-04-09 19:00:00+01:00
LOW,2024-04-09 20:00:00+01:00,1.0850694179534912,2024-04-10 01:00:00+01:00
HIGH,2024-04-09 22:00:00+01:00,1.0864840745925903,2024-04-10 03:00:00+01:00
LOW,2024-04-10 07:00:00+01:00,1.0851871967315674,2024-04-10 12:00:00+01:00
HIGH,2024-04-11 14:00:00+01:00,1.0757315158843994,2024-04-11 19:00:00+01:00
LOW,2024-04-11 15:00:00+01:00,1.0703200101852417,2024-04-11 20:00:00+01:00
LOW,2024-04-12 15:00:00+01:00,1.062699317932129,2024-04-12 20:00:00+01:00
HIGH,2024-04-15 12:00:00+01:00,1.0667804479599,2024-04-15 17:00:00+01:00
LOW,2024-04-16 07:00:00+01:00,1.0605578422546387,2024-04-16 12:00:00+01:00
HIGH,2024-04-16 13:00:00+01:00,1.0656436681747437,2024-04-16 18:00:00+01:00
LOW,2024-04-16 18:00:00+01:00,1.0604453086853027,2024-04-16 23:00:00+01:00
LOW,2024-04-17 07:00:00+01:00,1.0610079765319824,2024-04-17 12:00:00+01:00
LOW,2024-04-17 15:00:00+01:00,1.06326425075531,2024-04-17 20:00:00+01:00
HIGH,2024-04-17 19:00:00+01:00,1.0681477785110474,2024-04-18 00:00:00+01:00
HIGH,2024-04-18 07:00:00+01:00,1.069290041923523,2024-04-18 12:00:00+01:00
LOW,2024-04-19 03:00:00+01:00,1.0614584684371948,2024-04-19 08:00:00+01:00
HIGH,2024-04-19 15:00:00+01:00,1.0680338144302368,2024-04-19 20:00:00+01:00
LOW,2024-04-19 17:00:00+01:00,1.0643960237503052,2024-04-19 22:00:00+01:00
HIGH,2024-04-22 03:00:00+01:00,1.0673497915267944,2024-04-22 08:00:00+01:00
LOW,2024-04-22 14:00:00+01:00,1.062699317932129,2024-04-22 19:00:00+01:00
HIGH,2024-04-22 19:00:00+01:00,1.0663254261016846,2024-04-23 00:00:00+01:00
LOW,2024-04-23 07:00:00+01:00,1.0641694068908691,2024-04-23 12:00:00+01:00
HIGH,2024-04-23 08:00:00+01:00,1.0695186853408813,2024-04-23 13:00:00+01:00
LOW,2024-04-24 13:00:00+01:00,1.0681477785110474,2024-04-24 18:00:00+01:00
HIGH,2024-04-24 20:00:00+01:00,1.0708931684494019,2024-04-25 01:00:00+01:00
LOW,2024-04-25 14:00:00+01:00,1.068261981010437,2024-04-25 19:00:00+01:00
LOW,2024-04-26 04:00:00+01:00,1.0721560716629028,2024-04-26 09:00:00+01:00
HIGH,2024-04-26 09:00:00+01:00,1.075384497642517,2024-04-26 14:00:00+01:00
LOW,2024-04-26 16:00:00+01:00,1.0678056478500366,2024-04-26 21:00:00+01:00
LOW,2024-04-29 14:00:00+01:00,1.069290041923523,2024-04-29 19:00:00+01:00
HIGH,2024-04-29 18:00:00+01:00,1.073306918144226,2024-04-29 23:00:00+01:00
LOW,2024-04-30 07:00:00+01:00,1.0694043636322021,2024-04-30 12:00:00+01:00
HIGH,2024-04-30 11:00:00+01:00,1.073767900466919,2024-04-30 16:00:00+01:00
LOW,2024-05-01 07:00:00+01:00,1.065303087234497,2024-05-01 12:00:00+01:00
HIGH,2024-05-01 19:00:00+01:00,1.0734220743179321,2024-05-02 00:00:00+01:00
HIGH,2024-05-02 08:00:00+01:00,1.0730764865875244,2024-05-02 13:00:00+01:00
LOW,2024-05-02 15:00:00+01:00,1.0678056478500366,2024-05-02 20:00:00+01:00
HIGH,2024-05-03 02:00:00+01:00,1.0742292404174805,2024-05-03 07:00:00+01:00
LOW,2024-05-03 08:00:00+01:00,1.0728462934494019,2024-05-03 13:00:00+01:00
HIGH,2024-05-03 13:00:00+01:00,1.0813149213790894,2024-05-03 18:00:00+01:00
LOW,2024-05-06 01:00:00+01:00,1.0758472681045532,2024-05-06 06:00:00+01:00
HIGH,2024-05-06 03:00:00+01:00,1.077470064163208,2024-05-06 08:00:00+01:00
LOW,2024-05-06 09:00:00+01:00,1.0760787725448608,2024-05-06 14:00:00+01:00
HIGH,2024-05-06 13:00:00+01:00,1.0793308019638062,2024-05-06 18:00:00+01:00
HIGH,2024-05-07 02:00:00+01:00,1.077934741973877,2024-05-07 07:00:00+01:00
HIGH,2024-05-07 14:00:00+01:00,1.0789813995361328,2024-05-07 19:00:00+01:00
LOW,2024-05-08 09:00:00+01:00,1.0738831758499146,2024-05-08 14:00:00+01:00
HIGH,2024-05-08 16:00:00+01:00,1.0759629011154175,2024-05-08 21:00:00+01:00
HIGH,2024-05-08 22:00:00+01:00,1.0759629011154175,2024-05-09 03:00:00+01:00
HIGH,2024-05-09 04:00:00+01:00,1.0755001306533813,2024-05-09 09:00:00+01:00
LOW,2024-05-09 12:00:00+01:00,1.0728462934494019,2024-05-09 17:00:00+01:00
LOW,2024-05-10 07:00:00+01:00,1.07758629322052,2024-05-10 12:00:00+01:00
HIGH,2024-05-10 14:00:00+01:00,1.079214334487915,2024-05-10 19:00:00+01:00
LOW,2024-05-10 15:00:00+01:00,1.0764262676239014,2024-05-10 20:00:00+01:00
LOW,2024-05-13 03:00:00+01:00,1.0768898725509644,2024-05-13 08:00:00+01:00
HIGH,2024-05-13 14:00:00+01:00,1.080964207649231,2024-05-13 19:00:00+01:00
LOW,2024-05-14 13:00:00+01:00,1.0772379636764526,2024-05-14 18:00:00+01:00
HIGH,2024-05-14 15:00:00+01:00,1.0828369855880737,2024-05-14 20:00:00+01:00
LOW,2024-05-15 12:00:00+01:00,1.0824854373931885,2024-05-15 17:00:00+01:00
LOW,2024-05-17 03:00:00+01:00,1.0857763290405273,2024-05-17 08:00:00+01:00
HIGH,2024-05-17 08:00:00+01:00,1.087074637413025,2024-05-17 13:00:00+01:00
HIGH,2024-05-20 07:00:00+01:00,1.0887316465377808,2024-05-20 12:00:00+01:00
LOW,2024-05-20 13:00:00+01:00,1.0857763290405273,2024-05-20 18:00:00+01:00
HIGH,2024-05-20 18:00:00+01:00,1.087311029434204,2024-05-20 23:00:00+01:00
LOW,2024-05-21 03:00:00+01:00,1.0854227542877197,2024-05-21 08:00:00+01:00
HIGH,2024-05-21 10:00:00+01:00,1.0876659154891968,2024-05-21 15:00:00+01:00
LOW,2024-05-21 14:00:00+01:00,1.0848339796066284,2024-05-21 19:00:00+01:00
LOW,2024-05-22 12:00:00+01:00,1.0824854373931885,2024-05-22 17:00:00+01:00
HIGH,2024-05-22 18:00:00+01:00,1.0849517583847046,2024-05-22 23:00:00+01:00
LOW,2024-05-23 08:00:00+01:00,1.081548810005188,2024-05-23 13:00:00+01:00
HIGH,2024-05-23 14:00:00+01:00,1.0863661766052246,2024-05-23 19:00:00+01:00
LOW,2024-05-23 19:00:00+01:00,1.0807305574417114,2024-05-24 00:00:00+01:00
LOW,2024-05-24 05:00:00+01:00,1.0808473825454712,2024-05-24 10:00:00+01:00
HIGH,2024-05-24 17:00:00+01:00,1.086130142211914,2024-05-24 22:00:00+01:00
LOW,2024-05-27 07:00:00+01:00,1.0847163200378418,2024-05-27 12:00:00+01:00
LOW,2024-05-27 13:00:00+01:00,1.084481120109558,2024-05-27 18:00:00+01:00
LOW,2024-05-27 22:00:00+01:00,1.085894227027893,2024-05-28 03:00:00+01:00
HIGH,2024-05-28 12:00:00+01:00,1.0892059803009033,2024-05-28 17:00:00+01:00
LOW,2024-05-29 09:00:00+01:00,1.0833063125610352,2024-05-29 14:00:00+01:00
LOW,2024-05-30 06:00:00+01:00,1.079097867012024,2024-05-30 11:00:00+01:00
HIGH,2024-05-30 16:00:00+01:00,1.0848339796066284,2024-05-30 21:00:00+01:00
HIGH,2024-05-31 13:00:00+01:00,1.0884946584701538,2024-05-31 18:00:00+01:00
LOW,2024-06-03 11:00:00+01:00,1.0830715894699097,2024-06-03 16:00:00+01:00
HIGH,2024-06-04 01:00:00+01:00,1.0918222665786743,2024-06-04 06:00:00+01:00
LOW,2024-06-04 12:00:00+01:00,1.0863661766052246,2024-06-04 17:00:00+01:00
HIGH,2024-06-04 18:00:00+01:00,1.0889687538146973,2024-06-04 23:00:00+01:00
LOW,2024-06-04 22:00:00+01:00,1.087902545928955,2024-06-05 03:00:00+01:00
HIGH,2024-06-05 14:00:00+01:00,1.0892059803009033,2024-06-05 19:00:00+01:00
LOW,2024-06-05 17:00:00+01:00,1.0857763290405273,2024-06-05 22:00:00+01:00
HIGH,2024-06-06 03:00:00+01:00,1.0897995233535767,2024-06-06 08:00:00+01:00
LOW,2024-06-06 12:00:00+01:00,1.0866022109985352,2024-06-06 17:00:00+01:00
HIGH,2024-06-06 13:00:00+01:00,1.0901559591293335,2024-06-06 18:00:00+01:00
LOW,2024-06-07 01:00:00+01:00,1.0889687538146973,2024-06-07 06:00:00+01:00
HIGH,2024-06-07 12:00:00+01:00,1.0903936624526978,2024-06-07 17:00:00+01:00
HIGH,2024-06-11 07:00:00+01:00,1.077702283859253,2024-06-11 12:00:00+01:00
LOW,2024-06-11 15:00:00+01:00,1.0722709894180298,2024-06-11 20:00:00+01:00
HIGH,2024-06-11 20:00:00+01:00,1.0751532316207886,2024-06-12 01:00:00+01:00
HIGH,2024-06-12 16:00:00+01:00,1.0854227542877197,2024-06-12 21:00:00+01:00
HIGH,2024-06-13 02:00:00+01:00,1.0818997621536255,2024-06-13 07:00:00+01:00
HIGH,2024-06-13 08:00:00+01:00,1.0818997621536255,2024-06-13 13:00:00+01:00
LOW,2024-06-13 17:00:00+01:00,1.0736525058746338,2024-06-13 22:00:00+01:00
LOW,2024-06-14 14:00:00+01:00,1.067121982574463,2024-06-14 19:00:00+01:00
HIGH,2024-06-14 21:00:00+01:00,1.0711225271224976,2024-06-17 03:00:00+01:00
LOW,2024-06-17 07:00:00+01:00,1.0690613985061646,2024-06-17 12:00:00+01:00
HIGH,2024-06-18 08:00:00+01:00,1.073767900466919,2024-06-18 13:00:00+01:00
HIGH,2024-06-18 15:00:00+01:00,1.0764262676239014,2024-06-18 20:00:00+01:00
HIGH,2024-06-18 22:00:00+01:00,1.0751532316207886,2024-06-19 03:00:00+01:00
LOW,2024-06-19 08:00:00+01:00,1.0728462934494019,2024-06-19 13:00:00+01:00
HIGH,2024-06-19 12:00:00+01:00,1.0756157636642456,2024-06-19 17:00:00+01:00
HIGH,2024-06-20 00:00:00+01:00,1.0751532316207886,2024-06-20 05:00:00+01:00
LOW,2024-06-20 09:00:00+01:00,1.0715816020965576,2024-06-20 14:00:00+01:00
LOW,2024-06-20 22:00:00+01:00,1.0702054500579834,2024-06-21 03:00:00+01:00
HIGH,2024-06-21 07:00:00+01:00,1.0723860263824463,2024-06-21 12:00:00+01:00
LOW,2024-06-21 08:00:00+01:00,1.067463755607605,2024-06-21 13:00:00+01:00
LOW,2024-06-24 02:00:00+01:00,1.0687185525894165,2024-06-24 07:00:00+01:00
HIGH,2024-06-24 15:00:00+01:00,1.0750375986099243,2024-06-24 20:00:00+01:00
LOW,2024-06-24 18:00:00+01:00,1.0725010633468628,2024-06-24 23:00:00+01:00
HIGH,2024-06-25 06:00:00+01:00,1.074806571006775,2024-06-25 11:00:00+01:00
LOW,2024-06-25 15:00:00+01:00,1.069290041923523,2024-06-25 20:00:00+01:00
HIGH,2024-06-26 03:00:00+01:00,1.0720411539077759,2024-06-26 08:00:00+01:00
LOW,2024-06-26 14:00:00+01:00,1.066894292831421,2024-06-26 19:00:00+01:00
LOW,2024-06-27 09:00:00+01:00,1.068376064300537,2024-06-27 14:00:00+01:00
HIGH,2024-06-27 14:00:00+01:00,1.072961449623108,2024-06-27 19:00:00+01:00
HIGH,2024-06-28 01:00:00+01:00,1.0713521242141724,2024-06-28 06:00:00+01:00
HIGH,2024-07-01 07:00:00+01:00,1.077934741973877,2024-07-01 12:00:00+01:00
LOW,2024-07-01 16:00:00+01:00,1.0723860263824463,2024-07-01 21:00:00+01:00
HIGH,2024-07-01 21:00:00+01:00,1.0745755434036255,2024-07-02 02:00:00+01:00
HIGH,2024-07-02 14:00:00+01:00,1.074806571006775,2024-07-02 19:00:00+01:00
HIGH,2024-07-03 01:00:00+01:00,1.0757315158843994,2024-07-03 06:00:00+01:00
LOW,2024-07-03 06:00:00+01:00,1.0738831758499146,2024-07-03 11:00:00+01:00
HIGH,2024-07-03 15:00:00+01:00,1.0818997621536255,2024-07-03 20:00:00+01:00
LOW,2024-07-04 04:00:00+01:00,1.0786322355270386,2024-07-04 09:00:00+01:00
LOW,2024-07-05 00:00:00+01:00,1.08119797706604,2024-07-05 05:00:00+01:00
HIGH,2024-07-05 13:00:00+01:00,1.0843634605407715,2024-07-05 18:00:00+01:00
LOW,2024-07-05 15:00:00+01:00,1.0814317464828491,2024-07-05 20:00:00+01:00
HIGH,2024-07-05 20:00:00+01:00,1.0845986604690552,2024-07-08 02:00:00+01:00
LOW,2024-07-08 01:00:00+01:00,1.0822510719299316,2024-07-08 06:00:00+01:00
LOW,2024-07-08 07:00:00+01:00,1.0817828178405762,2024-07-08 12:00:00+01:00
HIGH,2024-07-08 14:00:00+01:00,1.0848339796066284,2024-07-08 19:00:00+01:00
HIGH,2024-07-09 01:00:00+01:00,1.0836584568023682,2024-07-09 06:00:00+01:00
LOW,2024-07-10 09:00:00+01:00,1.081548810005188,2024-07-10 14:00:00+01:00
LOW,2024-07-10 19:00:00+01:00,1.0820168256759644,2024-07-11 00:00:00+01:00
HIGH,2024-07-11 03:00:00+01:00,1.0843634605407715,2024-07-11 08:00:00+01:00
HIGH,2024-07-12 01:00:00+01:00,1.0877841711044312,2024-07-12 06:00:00+01:00
LOW,2024-07-12 08:00:00+01:00,1.0864840745925903,2024-07-12 13:00:00+01:00
HIGH,2024-07-12 20:00:00+01:00,1.0914647579193115,2024-07-15 02:00:00+01:00
LOW,2024-07-15 00:00:00+01:00,1.0886130332946777,2024-07-15 05:00:00+01:00
LOW,2024-07-15 08:00:00+01:00,1.0887316465377808,2024-07-15 13:00:00+01:00
HIGH,2024-07-15 16:00:00+01:00,1.0924185514450073,2024-07-15 21:00:00+01:00
LOW,2024-07-16 07:00:00+01:00,1.0887316465377808,2024-07-16 12:00:00+01:00
HIGH,2024-07-16 13:00:00+01:00,1.0907504558563232,2024-07-16 18:00:00+01:00
LOW,2024-07-16 14:00:00+01:00,1.0875475406646729,2024-07-16 19:00:00+01:00
LOW,2024-07-17 08:00:00+01:00,1.0897995233535767,2024-07-17 13:00:00+01:00
HIGH,2024-07-17 14:00:00+01:00,1.09505033493042,2024-07-17 19:00:00+01:00
LOW,2024-07-17 17:00:00+01:00,1.0927767753601074,2024-07-17 22:00:00+01:00
HIGH,2024-07-18 00:00:00+01:00,1.0944511890411377,2024-07-18 05:00:00+01:00
LOW,2024-07-19 19:00:00+01:00,1.087902545928955,2024-07-22 01:00:00+01:00
HIGH,2024-07-22 00:00:00+01:00,1.0906314849853516,2024-07-22 05:00:00+01:00
LOW,2024-07-22 07:00:00+01:00,1.0882576704025269,2024-07-22 12:00:00+01:00
HIGH,2024-07-22 10:00:00+01:00,1.0897995233535767,2024-07-22 15:00:00+01:00
LOW,2024-07-22 15:00:00+01:00,1.0876659154891968,2024-07-22 20:00:00+01:00
HIGH,2024-07-23 04:00:00+01:00,1.0899182558059692,2024-07-23 09:00:00+01:00
LOW,2024-07-23 15:00:00+01:00,1.0847163200378418,2024-07-23 20:00:00+01:00
HIGH,2024-07-24 06:00:00+01:00,1.0856584310531616,2024-07-24 11:00:00+01:00
LOW,2024-07-24 09:00:00+01:00,1.0829542875289917,2024-07-24 14:00:00+01:00
HIGH,2024-07-24 15:00:00+01:00,1.08695650100708,2024-07-24 20:00:00+01:00
LOW,2024-07-24 22:00:00+01:00,1.0836584568023682,2024-07-25 03:00:00+01:00
LOW,2024-07-25 08:00:00+01:00,1.0831888914108276,2024-07-25 13:00:00+01:00
LOW,2024-07-25 14:00:00+01:00,1.0834236145019531,2024-07-25 19:00:00+01:00
HIGH,2024-07-25 18:00:00+01:00,1.0871928930282593,2024-07-25 23:00:00+01:00
LOW,2024-07-25 22:00:00+01:00,1.0840108394622803,2024-07-26 03:00:00+01:00
LOW,2024-07-26 09:00:00+01:00,1.0845986604690552,2024-07-26 14:00:00+01:00
HIGH,2024-07-26 15:00:00+01:00,1.087074637413025,2024-07-26 20:00:00+01:00
LOW,2024-07-29 01:00:00+01:00,1.0854227542877197,2024-07-29 06:00:00+01:00
HIGH,2024-07-29 03:00:00+01:00,1.087311029434204,2024-07-29 08:00:00+01:00
LOW,2024-07-29 15:00:00+01:00,1.0806137323379517,2024-07-29 20:00:00+01:00
HIGH,2024-07-29 18:00:00+01:00,1.0829542875289917,2024-07-29 23:00:00+01:00
HIGH,2024-07-30 11:00:00+01:00,1.0838934183120728,2024-07-30 16:00:00+01:00
HIGH,2024-07-31 04:00:00+01:00,1.0833063125610352,2024-07-31 09:00:00+01:00
LOW,2024-07-31 09:00:00+01:00,1.0810810327529907,2024-07-31 14:00:00+01:00
HIGH,2024-07-31 14:00:00+01:00,1.0851871967315674,2024-07-31 19:00:00+01:00
LOW,2024-07-31 19:00:00+01:00,1.0807305574417114,2024-08-01 00:00:00+01:00
HIGH,2024-08-01 05:00:00+01:00,1.0837758779525757,2024-08-01 10:00:00+01:00
HIGH,2024-08-01 15:00:00+01:00,1.0821340084075928,2024-08-01 20:00:00+01:00
LOW,2024-08-01 22:00:00+01:00,1.0781670808792114,2024-08-02 03:00:00+01:00
HIGH,2024-08-02 15:00:00+01:00,1.0928961038589478,2024-08-02 20:00:00+01:00
LOW,2024-08-05 00:00:00+01:00,1.090869426727295,2024-08-05 05:00:00+01:00
LOW,2024-08-05 07:00:00+01:00,1.089680790901184,2024-08-05 12:00:00+01:00
HIGH,2024-08-05 13:00:00+01:00,1.1009578704833984,2024-08-05 18:00:00+01:00
HIGH,2024-08-06 22:00:00+01:00,1.0937328338623047,2024-08-07 03:00:00+01:00
HIGH,2024-08-07 16:00:00+01:00,1.0938525199890137,2024-08-07 21:00:00+01:00
HIGH,2024-08-08 08:00:00+01:00,1.0948106050491333,2024-08-08 13:00:00+01:00
LOW,2024-08-08 14:00:00+01:00,1.0886130332946777,2024-08-08 19:00:00+01:00
HIGH,2024-08-08 21:00:00+01:00,1.0922993421554565,2024-08-09 02:00:00+01:00
HIGH,2024-08-09 08:00:00+01:00,1.093135118484497,2024-08-09 13:00:00+01:00
HIGH,2024-08-09 15:00:00+01:00,1.0933741331100464,2024-08-09 20:00:00+01:00
LOW,2024-08-12 15:00:00+01:00,1.0918222665786743,2024-08-12 20:00:00+01:00
HIGH,2024-08-12 16:00:00+01:00,1.0942115783691406,2024-08-12 21:00:00+01:00
HIGH,2024-08-13 06:00:00+01:00,1.0944511890411377,2024-08-13 11:00:00+01:00
LOW,2024-08-13 10:00:00+01:00,1.0918222665786743,2024-08-13 15:00:00+01:00
LOW,2024-08-14 07:00:00+01:00,1.0990219116210938,2024-08-14 12:00:00+01:00
HIGH,2024-08-14 15:00:00+01:00,1.1049723625183105,2024-08-14 20:00:00+01:00
LOW,2024-08-14 22:00:00+01:00,1.100594401359558,2024-08-15 03:00:00+01:00
LOW,2024-08-15 14:00:00+01:00,1.0954102277755737,2024-08-15 19:00:00+01:00
LOW,2024-08-19 11:00:00+01:00,1.1033873558044434,2024-08-19 16:00:00+01:00
HIGH,2024-08-19 22:00:00+01:00,1.109139323234558,2024-08-20 03:00:00+01:00
LOW,2024-08-20 08:00:00+01:00,1.1075423955917358,2024-08-20 13:00:00+01:00
HIGH,2024-08-21 01:00:00+01:00,1.1135857105255127,2024-08-21 06:00:00+01:00
LOW,2024-08-21 15:00:00+01:00,1.1104941368103027,2024-08-21 20:00:00+01:00
HIGH,2024-08-21 19:00:00+01:00,1.1176930665969849,2024-08-22 00:00:00+01:00
HIGH,2024-08-22 08:00:00+01:00,1.1161960363388062,2024-08-22 13:00:00+01:00
LOW,2024-08-22 15:00:00+01:00,1.1102476119995117,2024-08-22 20:00:00+01:00
HIGH,2024-08-23 08:00:00+01:00,1.1135857105255127,2024-08-23 13:00:00+01:00
LOW,2024-08-23 14:00:00+01:00,1.110987663269043,2024-08-23 19:00:00+01:00
LOW,2024-08-26 14:00:00+01:00,1.1155734062194824,2024-08-26 19:00:00+01:00
HIGH,2024-08-27 10:00:00+01:00,1.1181930303573608,2024-08-27 15:00:00+01:00
LOW,2024-08-27 13:00:00+01:00,1.1154489517211914,2024-08-27 18:00:00+01:00
HIGH,2024-08-27 19:00:00+01:00,1.119444727897644,2024-08-28 00:00:00+01:00
HIGH,2024-08-29 07:00:00+01:00,1.1143302917480469,2024-08-29 12:00:00+01:00
LOW,2024-08-29 09:00:00+01:00,1.1075423955917358,2024-08-29 14:00:00+01:00
LOW,2024-08-29 15:00:00+01:00,1.1059499979019165,2024-08-29 20:00:00+01:00
HIGH,2024-08-30 01:00:00+01:00,1.1086474657058716,2024-08-30 06:00:00+01:00
LOW,2024-08-30 03:00:00+01:00,1.1072970628738403,2024-08-30 08:00:00+01:00
HIGH,2024-08-30 09:00:00+01:00,1.1097548007965088,2024-08-30 14:00:00+01:00
LOW,2024-08-30 17:00:00+01:00,1.1047282218933105,2024-08-30 22:00:00+01:00
LOW,2024-09-02 01:00:00+01:00,1.1044842004776,2024-09-02 06:00:00+01:00
HIGH,2024-09-02 09:00:00+01:00,1.108033299446106,2024-09-02 14:00:00+01:00
HIGH,2024-09-03 15:00:00+01:00,1.1068068742752075,2024-09-03 20:00:00+01:00
HIGH,2024-09-04 08:00:00+01:00,1.1065618991851807,2024-09-04 13:00:00+01:00
LOW,2024-09-04 13:00:00+01:00,1.1043622493743896,2024-09-04 18:00:00+01:00
HIGH,2024-09-04 15:00:00+01:00,1.1097548007965088,2024-09-04 20:00:00+01:00
LOW,2024-09-05 05:00:00+01:00,1.1077877283096313,2024-09-05 10:00:00+01:00
HIGH,2024-09-05 13:00:00+01:00,1.1122233867645264,2024-09-05 18:00:00+01:00
LOW,2024-09-05 15:00:00+01:00,1.1079105138778687,2024-09-05 20:00:00+01:00
HIGH,2024-09-06 13:00:00+01:00,1.1154489517211914,2024-09-06 18:00:00+01:00
LOW,2024-09-06 14:00:00+01:00,1.107051968574524,2024-09-06 19:00:00+01:00
LOW,2024-09-09 15:00:00+01:00,1.1038745641708374,2024-09-09 20:00:00+01:00
HIGH,2024-09-09 18:00:00+01:00,1.1057054996490479,2024-09-09 23:00:00+01:00
LOW,2024-09-10 01:00:00+01:00,1.103265643119812,2024-09-10 06:00:00+01:00
HIGH,2024-09-10 07:00:00+01:00,1.1052166223526,2024-09-10 12:00:00+01:00
LOW,2024-09-10 15:00:00+01:00,1.1019283533096313,2024-09-10 20:00:00+01:00
LOW,2024-09-10 22:00:00+01:00,1.1018069982528687,2024-09-11 03:00:00+01:00
HIGH,2024-09-11 06:00:00+01:00,1.1054610013961792,2024-09-11 11:00:00+01:00
HIGH,2024-09-11 12:00:00+01:00,1.1057054996490479,2024-09-11 17:00:00+01:00
LOW,2024-09-11 15:00:00+01:00,1.100594401359558,2024-09-11 20:00:00+01:00
HIGH,2024-09-11 20:00:00+01:00,1.1030223369598389,2024-09-12 01:00:00+01:00
LOW,2024-09-13 08:00:00+01:00,1.1075423955917358,2024-09-13 13:00:00+01:00
LOW,2024-09-13 21:00:00+01:00,1.1076650619506836,2024-09-16 03:00:00+01:00
HIGH,2024-09-16 14:00:00+01:00,1.1138337850570679,2024-09-16 19:00:00+01:00
HIGH,2024-09-16 22:00:00+01:00,1.113709807395935,2024-09-17 03:00:00+01:00
LOW,2024-09-17 08:00:00+01:00,1.1119760274887085,2024-09-17 13:00:00+01:00
HIGH,2024-09-17 09:00:00+01:00,1.114951491355896,2024-09-17 14:00:00+01:00
HIGH,2024-09-18 02:00:00+01:00,1.1133378744125366,2024-09-18 07:00:00+01:00
LOW,2024-09-18 07:00:00+01:00,1.1119760274887085,2024-09-18 12:00:00+01:00
HIGH,2024-09-18 19:00:00+01:00,1.11906898021698,2024-09-19 00:00:00+01:00
LOW,2024-09-19 02:00:00+01:00,1.107419729232788,2024-09-19 07:00:00+01:00
HIGH,2024-09-19 19:00:00+01:00,1.1170687675476074,2024-09-20 00:00:00+01:00
HIGH,2024-09-20 08:00:00+01:00,1.1184431314468384,2024-09-20 13:00:00+01:00
LOW,2024-09-20 16:00:00+01:00,1.1139578819274902,2024-09-20 21:00:00+01:00
HIGH,2024-09-23 06:00:00+01:00,1.1170687675476074,2024-09-23 11:00:00+01:00
LOW,2024-09-23 09:00:00+01:00,1.1087703704833984,2024-09-23 14:00:00+01:00
HIGH,2024-09-23 15:00:00+01:00,1.1145787239074707,2024-09-23 20:00:00+01:00
LOW,2024-09-24 03:00:00+01:00,1.1106175184249878,2024-09-24 08:00:00+01:00
HIGH,2024-09-25 14:00:00+01:00,1.1215791702270508,2024-09-25 19:00:00+01:00
LOW,2024-09-25 18:00:00+01:00,1.1125946044921875,2024-09-25 23:00:00+01:00
LOW,2024-09-26 09:00:00+01:00,1.1129660606384277,2024-09-26 14:00:00+01:00
LOW,2024-09-26 15:00:00+01:00,1.1129660606384277,2024-09-26 20:00:00+01:00
HIGH,2024-09-26 16:00:00+01:00,1.1191942691802979,2024-09-26 21:00:00+01:00
HIGH,2024-09-27 07:00:00+01:00,1.117817997932434,2024-09-27 12:00:00+01:00
LOW,2024-09-27 08:00:00+01:00,1.1128422021865845,2024-09-27 13:00:00+01:00
HIGH,2024-09-27 14:00:00+01:00,1.1205737590789795,2024-09-27 19:00:00+01:00
LOW,2024-09-27 17:00:00+01:00,1.114951491355896,2024-09-27 22:00:00+01:00
HIGH,2024-09-30 01:00:00+01:00,1.1176930665969849,2024-09-30 06:00:00+01:00
HIGH,2024-09-30 09:00:00+01:00,1.1212018728256226,2024-09-30 14:00:00+01:00
LOW,2024-09-30 19:00:00+01:00,1.1118524074554443,2024-10-01 00:00:00+01:00
HIGH,2024-10-01 06:00:00+01:00,1.1147029399871826,2024-10-01 11:00:00+01:00
LOW,2024-10-01 18:00:00+01:00,1.1049723625183105,2024-10-01 23:00:00+01:00
LOW,2024-10-02 06:00:00+01:00,1.1058276891708374,2024-10-02 11:00:00+01:00
HIGH,2024-10-02 09:00:00+01:00,1.1085245609283447,2024-10-02 14:00:00+01:00
LOW,2024-10-02 16:00:00+01:00,1.1036310195922852,2024-10-02 21:00:00+01:00
LOW,2024-10-03 06:00:00+01:00,1.1027790307998657,2024-10-03 11:00:00+01:00
LOW,2024-10-03 15:00:00+01:00,1.1012003421783447,2024-10-03 20:00:00+01:00
HIGH,2024-10-04 01:00:00+01:00,1.1042402982711792,2024-10-04 06:00:00+01:00
LOW,2024-10-04 17:00:00+01:00,1.0954102277755737,2024-10-04 22:00:00+01:00
LOW,2024-10-07 10:00:00+01:00,1.0958904027938843,2024-10-07 15:00:00+01:00
HIGH,2024-10-07 18:00:00+01:00,1.0990219116210938,2024-10-07 23:00:00+01:00
LOW,2024-10-07 20:00:00+01:00,1.0968520641326904,2024-10-08 01:00:00+01:00
HIGH,2024-10-08 09:00:00+01:00,1.0999890565872192,2024-10-08 14:00:00+01:00
LOW,2024-10-08 16:00:00+01:00,1.096611499786377,2024-10-08 21:00:00+01:00
HIGH,2024-10-08 23:00:00+01:00,1.098538875579834,2024-10-09 04:00:00+01:00
LOW,2024-10-09 08:00:00+01:00,1.0955302715301514,2024-10-09 13:00:00+01:00
HIGH,2024-10-10 02:00:00+01:00,1.0949305295944214,2024-10-10 07:00:00+01:00
HIGH,2024-10-10 14:00:00+01:00,1.0952903032302856,2024-10-10 19:00:00+01:00
LOW,2024-10-10 18:00:00+01:00,1.0903936624526978,2024-10-10 23:00:00+01:00
LOW,2024-10-11 02:00:00+01:00,1.0932546854019165,2024-10-11 07:00:00+01:00
HIGH,2024-10-11 09:00:00+01:00,1.095650315284729,2024-10-11 14:00:00+01:00
LOW,2024-10-11 13:00:00+01:00,1.0928961038589478,2024-10-11 18:00:00+01:00
HIGH,2024-10-11 16:00:00+01:00,1.0955302715301514,2024-10-11 21:00:00+01:00
LOW,2024-10-14 01:00:00+01:00,1.091941475868225,2024-10-14 06:00:00+01:00
HIGH,2024-10-14 10:00:00+01:00,1.0939722061157227,2024-10-14 15:00:00+01:00
LOW,2024-10-14 20:00:00+01:00,1.0893245935440063,2024-10-15 01:00:00+01:00
HIGH,2024-10-14 22:00:00+01:00,1.0915838479995728,2024-10-15 03:00:00+01:00
LOW,2024-10-15 18:00:00+01:00,1.0884946584701538,2024-10-15 23:00:00+01:00
LOW,2024-10-16 01:00:00+01:00,1.0884946584701538,2024-10-16 06:00:00+01:00
HIGH,2024-10-16 04:00:00+01:00,1.0897995233535767,2024-10-16 09:00:00+01:00
HIGH,2024-10-16 13:00:00+01:00,1.090274691581726,2024-10-16 18:00:00+01:00
LOW,2024-10-16 20:00:00+01:00,1.0856584310531616,2024-10-17 01:00:00+01:00
LOW,2024-10-17 14:00:00+01:00,1.081548810005188,2024-10-17 19:00:00+01:00
HIGH,2024-10-22 08:00:00+01:00,1.0840108394622803,2024-10-22 13:00:00+01:00
HIGH,2024-10-23 06:00:00+01:00,1.080964207649231,2024-10-23 11:00:00+01:00
LOW,2024-10-23 13:00:00+01:00,1.0765421390533447,2024-10-23 18:00:00+01:00
LOW,2024-10-24 08:00:00+01:00,1.0773539543151855,2024-10-24 13:00:00+01:00
HIGH,2024-10-24 22:00:00+01:00,1.0836584568023682,2024-10-25 03:00:00+01:00
HIGH,2024-10-25 13:00:00+01:00,1.0842459201812744,2024-10-25 18:00:00+01:00
LOW,2024-10-28 05:00:00+00:00,1.078515887260437,2024-10-28 10:00:00+00:00
HIGH,2024-10-28 14:00:00+00:00,1.0829542875289917,2024-10-28 19:00:00+00:00
LOW,2024-10-28 21:00:00+00:00,1.0810810327529907,2024-10-29 02:00:00+00:00
HIGH,2024-10-29 09:00:00+00:00,1.0829542875289917,2024-10-29 14:00:00+00:00
LOW,2024-10-29 13:00:00+00:00,1.0772379636764526,2024-10-29 18:00:00+00:00
LOW,2024-10-30 12:00:00+00:00,1.0813149213790894,2024-10-30 17:00:00+00:00
HIGH,2024-10-30 18:00:00+00:00,1.0874292850494385,2024-10-30 23:00:00+00:00
LOW,2024-10-31 01:00:00+00:00,1.0847163200378418,2024-10-31 06:00:00+00:00
HIGH,2024-10-31 13:00:00+00:00,1.0890873670578003,2024-10-31 18:00:00+00:00
LOW,2024-10-31 15:00:00+00:00,1.0850694179534912,2024-10-31 20:00:00+00:00
HIGH,2024-11-01 01:00:00+00:00,1.0892059803009033,2024-11-01 06:00:00+00:00
HIGH,2024-11-01 12:00:00+00:00,1.0907504558563232,2024-11-01 17:00:00+00:00
LOW,2024-11-01 20:00:00+00:00,1.0834236145019531,2024-11-04 02:00:00+00:00
HIGH,2024-11-04 03:00:00+00:00,1.0907504558563232,2024-11-04 08:00:00+00:00
LOW,2024-11-05 01:00:00+00:00,1.0875475406646729,2024-11-05 06:00:00+00:00
LOW,2024-11-06 13:00:00+00:00,1.0686043500900269,2024-11-06 18:00:00+00:00
HIGH,2024-11-06 18:00:00+00:00,1.0760787725448608,2024-11-06 23:00:00+00:00
LOW,2024-11-07 01:00:00+00:00,1.0715816020965576,2024-11-07 06:00:00+00:00
HIGH,2024-11-07 15:00:00+00:00,1.0829542875289917,2024-11-07 20:00:00+00:00
LOW,2024-11-07 19:00:00+00:00,1.07758629322052,2024-11-08 00:00:00+00:00
HIGH,2024-11-08 11:00:00+00:00,1.07991361618042,2024-11-08 16:00:00+00:00
LOW,2024-11-08 17:00:00+00:00,1.0690613985061646,2024-11-08 22:00:00+00:00
HIGH,2024-11-11 01:00:00+00:00,1.0730764865875244,2024-11-11 06:00:00+00:00
LOW,2024-11-11 14:00:00+00:00,1.063490390777588,2024-11-11 19:00:00+00:00
HIGH,2024-11-12 00:00:00+00:00,1.0667804479599,2024-11-12 05:00:00+00:00
LOW,2024-11-12 17:00:00+00:00,1.0597710609436035,2024-11-12 22:00:00+00:00
LOW,2024-11-13 08:00:00+00:00,1.05988347530365,2024-11-13 13:00:00+00:00
HIGH,2024-11-13 13:00:00+00:00,1.0654165744781494,2024-11-13 18:00:00+00:00
HIGH,2024-11-14 08:00:00+00:00,1.0559661388397217,2024-11-14 13:00:00+00:00
LOW,2024-11-14 11:00:00+00:00,1.0503098964691162,2024-11-14 16:00:00+00:00
HIGH,2024-11-14 16:00:00+00:00,1.0582010746002197,2024-11-14 21:00:00+00:00
LOW,2024-11-14 20:00:00+00:00,1.0515247583389282,2024-11-15 01:00:00+00:00
HIGH,2024-11-15 13:00:00+00:00,1.0590976476669312,2024-11-15 18:00:00+00:00
LOW,2024-11-15 14:00:00+00:00,1.0528532266616821,2024-11-15 19:00:00+00:00
LOW,2024-11-15 20:00:00+00:00,1.0520778894424438,2024-11-18 02:00:00+00:00
LOW,2024-11-18 11:00:00+00:00,1.0535187721252441,2024-11-18 16:00:00+00:00
HIGH,2024-11-18 19:00:00+00:00,1.0610079765319824,2024-11-19 00:00:00+00:00
LOW,2024-11-19 09:00:00+00:00,1.0529640913009644,2024-11-19 14:00:00+00:00
HIGH,2024-11-19 15:00:00+00:00,1.06022047996521,2024-11-19 20:00:00+00:00
HIGH,2024-11-20 00:00:00+00:00,1.0612331628799438,2024-11-20 05:00:00+00:00
LOW,2024-11-20 16:00:00+00:00,1.0510826110839844,2024-11-20 21:00:00+00:00
LOW,2024-11-21 09:00:00+00:00,1.0516352653503418,2024-11-21 14:00:00+00:00
HIGH,2024-11-21 15:00:00+00:00,1.0545185804367065,2024-11-21 20:00:00+00:00
LOW,2024-11-21 17:00:00+00:00,1.0465724468231201,2024-11-21 22:00:00+00:00
HIGH,2024-11-22 08:00:00+00:00,1.0499789714813232,2024-11-22 13:00:00+00:00
LOW,2024-11-22 09:00:00+00:00,1.0342330932617188,2024-11-22 14:00:00+00:00
LOW,2024-11-22 16:00:00+00:00,1.0395010709762573,2024-11-22 21:00:00+00:00
LOW,2024-11-25 08:00:00+00:00,1.045259714126587,2024-11-25 13:00:00+00:00
HIGH,2024-11-25 14:00:00+00:00,1.0532968044281006,2024-11-25 19:00:00+00:00
LOW,2024-11-25 16:00:00+00:00,1.0470107793807983,2024-11-25 21:00:00+00:00
LOW,2024-11-26 00:00:00+00:00,1.043079137802124,2024-11-26 05:00:00+00:00
HIGH,2024-11-26 12:00:00+00:00,1.0547411441802979,2024-11-26 17:00:00+00:00
LOW,2024-11-26 18:00:00+00:00,1.0460251569747925,2024-11-26 23:00:00+00:00
HIGH,2024-11-27 00:00:00+00:00,1.0497585535049438,2024-11-27 05:00:00+00:00
LOW,2024-11-27 05:00:00+00:00,1.0476689338684082,2024-11-27 10:00:00+00:00
HIGH,2024-11-27 17:00:00+00:00,1.0589854717254639,2024-11-27 22:00:00+00:00
LOW,2024-11-28 08:00:00+00:00,1.0530749559402466,2024-11-28 13:00:00+00:00
LOW,2024-11-28 22:00:00+00:00,1.0551862716674805,2024-11-29 03:00:00+00:00
HIGH,2024-11-29 07:00:00+00:00,1.0597710609436035,2024-11-29 12:00:00+00:00
LOW,2024-11-29 16:00:00+00:00,1.0545185804367065,2024-11-29 21:00:00+00:00
HIGH,2024-11-29 20:00:00+00:00,1.0590976476669312,2024-12-02 02:00:00+00:00
LOW,2024-12-02 16:00:00+00:00,1.046462893486023,2024-12-02 21:00:00+00:00
HIGH,2024-12-02 20:00:00+00:00,1.051856517791748,2024-12-03 01:00:00+00:00
LOW,2024-12-03 05:00:00+00:00,1.0484378337860107,2024-12-03 10:00:00+00:00
HIGH,2024-12-03 09:00:00+00:00,1.0532968044281006,2024-12-03 14:00:00+00:00
LOW,2024-12-03 15:00:00+00:00,1.0497585535049438,2024-12-03 20:00:00+00:00
HIGH,2024-12-03 18:00:00+00:00,1.053629755973816,2024-12-03 23:00:00+00:00
LOW,2024-12-04 03:00:00+00:00,1.0490977764129639,2024-12-04 08:00:00+00:00
HIGH,2024-12-04 06:00:00+00:00,1.0530749559402466,2024-12-04 11:00:00+00:00
LOW,2024-12-04 14:00:00+00:00,1.0476689338684082,2024-12-04 19:00:00+00:00
HIGH,2024-12-04 17:00:00+00:00,1.0545185804367065,2024-12-04 22:00:00+00:00
LOW,2024-12-06 01:00:00+00:00,1.0569707155227661,2024-12-06 06:00:00+00:00
LOW,2024-12-06 07:00:00+00:00,1.0570825338363647,2024-12-06 12:00:00+00:00
HIGH,2024-12-06 13:00:00+00:00,1.062925100326538,2024-12-06 18:00:00+00:00
LOW,2024-12-06 19:00:00+00:00,1.0545185804367065,2024-12-09 01:00:00+00:00
LOW,2024-12-09 04:00:00+00:00,1.0535187721252441,2024-12-09 09:00:00+00:00
HIGH,2024-12-09 16:00:00+00:00,1.0596587657928467,2024-12-09 21:00:00+00:00
LOW,2024-12-10 01:00:00+00:00,1.0548522472381592,2024-12-10 06:00:00+00:00
HIGH,2024-12-10 06:00:00+00:00,1.0570825338363647,2024-12-10 11:00:00+00:00
LOW,2024-12-10 15:00:00+00:00,1.0501995086669922,2024-12-10 20:00:00+00:00
HIGH,2024-12-11 02:00:00+00:00,1.054185152053833,2024-12-11 07:00:00+00:00
HIGH,2024-12-11 13:00:00+00:00,1.053851842880249,2024-12-11 18:00:00+00:00
LOW,2024-12-11 15:00:00+00:00,1.048327922821045,2024-12-11 20:00:00+00:00
HIGH,2024-12-12 07:00:00+00:00,1.0532968044281006,2024-12-12 12:00:00+00:00
HIGH,2024-12-12 15:00:00+00:00,1.0522992610931396,2024-12-12 20:00:00+00:00
LOW,2024-12-12 22:00:00+00:00,1.0461344718933105,2024-12-13 03:00:00+00:00
HIGH,2024-12-13 01:00:00+00:00,1.048327922821045,2024-12-13 06:00:00+00:00
LOW,2024-12-13 07:00:00+00:00,1.0456969738006592,2024-12-13 12:00:00+00:00
HIGH,2024-12-13 13:00:00+00:00,1.0524100065231323,2024-12-13 18:00:00+00:00
LOW,2024-12-13 15:00:00+00:00,1.0485477447509766,2024-12-13 20:00:00+00:00
HIGH,2024-12-16 02:00:00+00:00,1.052520751953125,2024-12-16 07:00:00+00:00
HIGH,2024-12-16 08:00:00+00:00,1.052520751953125,2024-12-16 13:00:00+00:00
LOW,2024-12-16 14:00:00+00:00,1.047998309135437,2024-12-16 19:00:00+00:00
HIGH,2024-12-16 18:00:00+00:00,1.0524100065231323,2024-12-16 23:00:00+00:00
HIGH,2024-12-17 00:00:00+00:00,1.0534077882766724,2024-12-17 05:00:00+00:00
LOW,2024-12-17 10:00:00+00:00,1.048218011856079,2024-12-17 15:00:00+00:00
HIGH,2024-12-17 17:00:00+00:00,1.051745891571045,2024-12-17 22:00:00+00:00
LOW,2024-12-17 20:00:00+00:00,1.0487676858901978,2024-12-18 01:00:00+00:00
HIGH,2024-12-18 07:00:00+00:00,1.0515247583389282,2024-12-18 12:00:00+00:00
LOW,2024-12-18 22:00:00+00:00,1.0346611738204956,2024-12-19 03:00:00+00:00
HIGH,2024-12-19 09:00:00+00:00,1.042535424232483,2024-12-19 14:00:00+00:00
LOW,2024-12-20 06:00:00+00:00,1.0347682237625122,2024-12-20 11:00:00+00:00
HIGH,2024-12-23 04:00:00+00:00,1.0448229312896729,2024-12-23 09:00:00+00:00
LOW,2024-12-23 15:00:00+00:00,1.0387451648712158,2024-12-23 20:00:00+00:00
HIGH,2024-12-23 17:00:00+00:00,1.0419923067092896,2024-12-23 22:00:00+00:00
LOW,2024-12-24 03:00:00+00:00,1.0391769409179688,2024-12-24 08:00:00+00:00
HIGH,2024-12-24 08:00:00+00:00,1.0407993793487549,2024-12-24 13:00:00+00:00
HIGH,2024-12-24 14:00:00+00:00,1.0412328243255615,2024-12-24 19:00:00+00:00
LOW,2024-12-24 17:00:00+00:00,1.0386372804641724,2024-12-24 22:00:00+00:00
HIGH,2024-12-25 00:00:00+00:00,1.041775107383728,2024-12-25 06:00:00+00:00
HIGH,2024-12-25 22:00:00+00:00,1.0414496660232544,2024-12-26 03:00:00+00:00
LOW,2024-12-26 00:00:00+00:00,1.0396090745925903,2024-12-26 05:00:00+00:00
HIGH,2024-12-26 18:00:00+00:00,1.0432968139648438,2024-12-26 23:00:00+00:00
LOW,2024-12-27 07:00:00+00:00,1.0409077405929565,2024-12-27 12:00:00+00:00
HIGH,2024-12-27 12:00:00+00:00,1.0446046590805054,2024-12-27 17:00:00+00:00
LOW,2024-12-27 17:00:00+00:00,1.041775107383728,2024-12-27 22:00:00+00:00
HIGH,2024-12-30 00:00:00+00:00,1.0434056520462036,2024-12-30 05:00:00+00:00
HIGH,2024-12-30 12:00:00+00:00,1.0460251569747925,2024-12-30 17:00:00+00:00
LOW,2024-12-30 15:00:00+00:00,1.0377750396728516,2024-12-30 20:00:00+00:00
HIGH,2024-12-30 22:00:00+00:00,1.041775107383728,2024-12-31 03:00:00+00:00
LOW,2024-12-31 06:00:00+00:00,1.0401498079299927,2024-12-31 11:00:00+00:00
HIGH,2024-12-31 09:00:00+00:00,1.0427528619766235,2024-12-31 14:00:00+00:00
LOW,2024-12-31 17:00:00+00:00,1.0346611738204956,2024-12-31 22:00:00+00:00
LOW,2025-01-01 22:00:00+00:00,1.0347682237625122,2025-01-02 03:00:00+00:00
HIGH,2025-01-02 04:00:00+00:00,1.0377750396728516,2025-01-02 09:00:00+00:00
LOW,2025-01-02 16:00:00+00:00,1.0237510204315186,2025-01-02 21:00:00+00:00
LOW,2025-01-03 05:00:00+00:00,1.0267994403839111,2025-01-03 10:00:00+00:00
LOW,2025-01-03 15:00:00+00:00,1.0276435613632202,2025-01-03 20:00:00+00:00
HIGH,2025-01-06 13:00:00+00:00,1.0437324047088623,2025-01-06 18:00:00+00:00
HIGH,2025-01-06 22:00:00+00:00,1.040474534034729,2025-01-07 03:00:00+00:00
LOW,2025-01-07 23:00:00+00:00,1.0341261625289917,2025-01-08 04:00:00+00:00
HIGH,2025-01-08 06:00:00+00:00,1.0360547304153442,2025-01-08 11:00:00+00:00
LOW,2025-01-08 11:00:00+00:00,1.0278549194335938,2025-01-08 16:00:00+00:00
HIGH,2025-01-08 19:00:00+00:00,1.0327378511428833,2025-01-09 00:00:00+00:00
HIGH,2025-01-09 03:00:00+00:00,1.032417893409729,2025-01-09 08:00:00+00:00
LOW,2025-01-09 08:00:00+00:00,1.0288065671920776,2025-01-09 13:00:00+00:00
HIGH,2025-01-09 13:00:00+00:00,1.031991720199585,2025-01-09 18:00:00+00:00
LOW,2025-01-09 16:00:00+00:00,1.0295480489730835,2025-01-09 21:00:00+00:00
HIGH,2025-01-09 22:00:00+00:00,1.0309277772903442,2025-01-10 03:00:00+00:00
LOW,2025-01-10 06:00:00+00:00,1.0283833742141724,2025-01-10 11:00:00+00:00
HIGH,2025-01-10 08:00:00+00:00,1.0314594507217407,2025-01-10 13:00:00+00:00
LOW,2025-01-10 13:00:00+00:00,1.02228581905365,2025-01-10 18:00:00+00:00
LOW,2025-01-13 09:00:00+00:00,1.0182262659072876,2025-01-13 14:00:00+00:00
HIGH,2025-01-13 23:00:00+00:00,1.0278549194335938,2025-01-14 04:00:00+00:00
HIGH,2025-01-14 08:00:00+00:00,1.0275379419326782,2025-01-14 13:00:00+00:00
LOW,2025-01-14 12:00:00+00:00,1.0243802070617676,2025-01-14 17:00:00+00:00
LOW,2025-01-15 07:00:00+00:00,1.0289124250411987,2025-01-15 12:00:00+00:00
HIGH,2025-01-15 13:00:00+00:00,1.0351966619491577,2025-01-15 18:00:00+00:00
LOW,2025-01-15 16:00:00+00:00,1.027010440826416,2025-01-15 21:00:00+00:00
LOW,2025-01-16 05:00:00+00:00,1.0283833742141724,2025-01-16 10:00:00+00:00
HIGH,2025-01-16 07:00:00+00:00,1.0303966999053955,2025-01-16 12:00:00+00:00
HIGH,2025-01-16 17:00:00+00:00,1.0317788124084473,2025-01-16 22:00:00+00:00
HIGH,2025-01-17 02:00:00+00:00,1.0312467813491821,2025-01-17 07:00:00+00:00
LOW,2025-01-17 07:00:00+00:00,1.0280661582946777,2025-01-17 12:00:00+00:00
LOW,2025-01-17 14:00:00+00:00,1.0269049406051636,2025-01-17 19:00:00+00:00
HIGH,2025-01-17 15:00:00+00:00,1.0329511165618896,2025-01-17 20:00:00+00:00
LOW,2025-01-17 21:00:00+00:00,1.0272213220596313,2025-01-20 03:00:00+00:00
HIGH,2025-01-21 00:00:00+00:00,1.043623447418213,2025-01-21 05:00:00+00:00
LOW,2025-01-21 09:00:00+00:00,1.034554123878479,2025-01-21 14:00:00+00:00
HIGH,2025-01-21 22:00:00+00:00,1.0437324047088623,2025-01-22 03:00:00+00:00
LOW,2025-01-21 23:00:00+00:00,1.0398253202438354,2025-01-22 04:00:00+00:00
LOW,2025-01-22 06:00:00+00:00,1.0403661727905273,2025-01-22 11:00:00+00:00
LOW,2025-01-23 08:00:00+00:00,1.0393929481506348,2025-01-23 13:00:00+00:00
HIGH,2025-01-23 10:00:00+00:00,1.042209506034851,2025-01-23 15:00:00+00:00
LOW,2025-01-23 16:00:00+00:00,1.0388531684875488,2025-01-23 21:00:00+00:00
HIGH,2025-01-23 17:00:00+00:00,1.0440592765808105,2025-01-23 22:00:00+00:00
HIGH,2025-01-24 09:00:00+00:00,1.051745891571045,2025-01-24 14:00:00+00:00
HIGH,2025-01-27 13:00:00+00:00,1.0535187721252441,2025-01-27 18:00:00+00:00
LOW,2025-01-28 12:00:00+00:00,1.041775107383728,2025-01-28 17:00:00+00:00
HIGH,2025-01-29 06:00:00+00:00,1.0446046590805054,2025-01-29 11:00:00+00:00
LOW,2025-01-29 13:00:00+00:00,1.0386372804641724,2025-01-29 18:00:00+00:00
HIGH,2025-01-29 17:00:00+00:00,1.043079137802124,2025-01-29 22:00:00+00:00
HIGH,2025-01-30 00:00:00+00:00,1.0431879758834839,2025-01-30 05:00:00+00:00
LOW,2025-01-30 12:00:00+00:00,1.0392849445343018,2025-01-30 17:00:00+00:00
HIGH,2025-01-30 14:00:00+00:00,1.0466820001602173,2025-01-30 19:00:00+00:00
HIGH,2025-01-31 07:00:00+00:00,1.0414496660232544,2025-01-31 12:00:00+00:00
LOW,2025-01-31 09:00:00+00:00,1.0369141101837158,2025-01-31 14:00:00+00:00
LOW,2025-01-31 15:00:00+00:00,1.0363768339157104,2025-01-31 20:00:00+00:00
HIGH,2025-01-31 17:00:00+00:00,1.043514609336853,2025-01-31 22:00:00+00:00
HIGH,2025-02-03 15:00:00+00:00,1.033164620399475,2025-02-03 20:00:00+00:00
LOW,2025-02-04 05:00:00+00:00,1.0279605388641357,2025-02-04 10:00:00+00:00
LOW,2025-02-05 00:00:00+00:00,1.0373444557189941,2025-02-05 05:00:00+00:00
HIGH,2025-02-05 15:00:00+00:00,1.0440592765808105,2025-02-05 20:00:00+00:00
HIGH,2025-02-06 18:00:00+00:00,1.0398253202438354,2025-02-06 23:00:00+00:00
LOW,2025-02-07 06:00:00+00:00,1.0375596284866333,2025-02-07 11:00:00+00:00
LOW,2025-02-07 17:00:00+00:00,1.0310341119766235,2025-02-07 22:00:00+00:00
LOW,2025-02-10 02:00:00+00:00,1.0301843881607056,2025-02-10 07:00:00+00:00
HIGH,2025-02-10 11:00:00+00:00,1.0338054895401,2025-02-10 16:00:00+00:00
HIGH,2025-02-11 22:00:00+00:00,1.0387451648712158,2025-02-12 03:00:00+00:00
LOW,2025-02-12 01:00:00+00:00,1.0357327461242676,2025-02-12 06:00:00+00:00
LOW,2025-02-12 13:00:00+00:00,1.0320981740951538,2025-02-12 18:00:00+00:00
HIGH,2025-02-12 18:00:00+00:00,1.0431879758834839,2025-02-12 23:00:00+00:00
HIGH,2025-02-13 06:00:00+00:00,1.0441683530807495,2025-02-13 11:00:00+00:00
LOW,2025-02-13 13:00:00+00:00,1.0380982160568237,2025-02-13 18:00:00+00:00
HIGH,2025-02-13 22:00:00+00:00,1.0481081008911133,2025-02-14 03:00:00+00:00
LOW,2025-02-14 05:00:00+00:00,1.0450413227081299,2025-02-14 10:00:00+00:00
LOW,2025-02-14 12:00:00+00:00,1.0460251569747925,2025-02-14 17:00:00+00:00
HIGH,2025-02-14 14:00:00+00:00,1.0516352653503418,2025-02-14 19:00:00+00:00
HIGH,2025-02-17 01:00:00+00:00,1.0508617162704468,2025-02-17 06:00:00+00:00
LOW,2025-02-17 13:00:00+00:00,1.0470107793807983,2025-02-17 18:00:00+00:00
HIGH,2025-02-17 22:00:00+00:00,1.0493179559707642,2025-02-18 03:00:00+00:00
LOW,2025-02-18 05:00:00+00:00,1.045478343963623,2025-02-18 10:00:00+00:00
HIGH,2025-02-18 16:00:00+00:00,1.047120451927185,2025-02-18 21:00:00+00:00
LOW,2025-02-18 18:00:00+00:00,1.0439503192901611,2025-02-18 23:00:00+00:00
HIGH,2025-02-19 06:00:00+00:00,1.046462893486023,2025-02-19 11:00:00+00:00
LOW,2025-02-19 10:00:00+00:00,1.042209506034851,2025-02-19 15:00:00+00:00
HIGH,2025-02-19 15:00:00+00:00,1.044277310371399,2025-02-19 20:00:00+00:00
LOW,2025-02-19 17:00:00+00:00,1.0403661727905273,2025-02-19 22:00:00+00:00
LOW,2025-02-20 01:00:00+00:00,1.042209506034851,2025-02-20 06:00:00+00:00
HIGH,2025-02-20 02:00:00+00:00,1.0440592765808105,2025-02-20 07:00:00+00:00
LOW,2025-02-21 01:00:00+00:00,1.0487676858901978,2025-02-21 06:00:00+00:00
HIGH,2025-02-21 14:00:00+00:00,1.0493179559707642,2025-02-21 19:00:00+00:00
LOW,2025-02-21 16:00:00+00:00,1.045259714126587,2025-02-21 21:00:00+00:00
HIGH,2025-02-24 02:00:00+00:00,1.0530749559402466,2025-02-24 07:00:00+00:00
LOW,2025-02-24 14:00:00+00:00,1.0455876588821411,2025-02-24 19:00:00+00:00
HIGH,2025-02-24 18:00:00+00:00,1.0488777160644531,2025-02-24 23:00:00+00:00
LOW,2025-02-25 00:00:00+00:00,1.0462440252304077,2025-02-25 05:00:00+00:00
LOW,2025-02-25 08:00:00+00:00,1.0460251569747925,2025-02-25 13:00:00+00:00
HIGH,2025-02-25 15:00:00+00:00,1.052188515663147,2025-02-25 20:00:00+00:00
LOW,2025-02-25 17:00:00+00:00,1.048657774925232,2025-02-25 22:00:00+00:00
HIGH,2025-02-26 00:00:00+00:00,1.0527424812316895,2025-02-26 05:00:00+00:00
HIGH,2025-02-26 08:00:00+00:00,1.051414132118225,2025-02-26 13:00:00+00:00
LOW,2025-02-26 12:00:00+00:00,1.0477787256240845,2025-02-26 17:00:00+00:00
HIGH,2025-02-26 17:00:00+00:00,1.0527424812316895,2025-02-26 22:00:00+00:00
LOW,2025-02-27 04:00:00+00:00,1.0461344718933105,2025-02-27 09:00:00+00:00
HIGH,2025-02-27 11:00:00+00:00,1.0489877462387085,2025-02-27 16:00:00+00:00
LOW,2025-02-28 03:00:00+00:00,1.0383137464523315,2025-02-28 08:00:00+00:00
HIGH,2025-02-28 15:00:00+00:00,1.0423181056976318,2025-02-28 20:00:00+00:00
LOW,2025-02-28 19:00:00+00:00,1.0362694263458252,2025-03-03 01:00:00+00:00
LOW,2025-03-03 08:00:00+00:00,1.0392849445343018,2025-03-03 13:00:00+00:00
HIGH,2025-03-03 16:00:00+00:00,1.0501995086669922,2025-03-03 21:00:00+00:00
LOW,2025-03-03 20:00:00+00:00,1.047120451927185,2025-03-04 01:00:00+00:00
HIGH,2025-03-04 01:00:00+00:00,1.0497585535049438,2025-03-04 06:00:00+00:00
LOW,2025-03-04 04:00:00+00:00,1.0474494695663452,2025-03-04 09:00:00+00:00
LOW,2025-03-04 15:00:00+00:00,1.0501995086669922,2025-03-04 20:00:00+00:00
HIGH,2025-03-04 23:00:00+00:00,1.064056158065796,2025-03-05 04:00:00+00:00
LOW,2025-03-05 03:00:00+00:00,1.0605578422546387,2025-03-05 08:00:00+00:00
HIGH,2025-03-06 07:00:00+00:00,1.08236825466156,2025-03-06 12:00:00+00:00
LOW,2025-03-06 09:00:00+00:00,1.078515887260437,2025-03-06 14:00:00+00:00
HIGH,2025-03-06 15:00:00+00:00,1.0853049755096436,2025-03-06 20:00:00+00:00
LOW,2025-03-06 18:00:00+00:00,1.0771219730377197,2025-03-06 23:00:00+00:00
HIGH,2025-03-07 13:00:00+00:00,1.0889687538146973,2025-03-07 18:00:00+00:00
LOW,2025-03-07 18:00:00+00:00,1.0829542875289917,2025-03-10 00:00:00+00:00
HIGH,2025-03-10 01:00:00+00:00,1.087311029434204,2025-03-10 06:00:00+00:00
LOW,2025-03-10 08:00:00+00:00,1.0808473825454712,2025-03-10 13:00:00+00:00
HIGH,2025-03-10 10:00:00+00:00,1.0875475406646729,2025-03-10 15:00:00+00:00
LOW,2025-03-11 05:00:00+00:00,1.0838934183120728,2025-03-11 10:00:00+00:00
HIGH,2025-03-11 18:00:00+00:00,1.09505033493042,2025-03-11 23:00:00+00:00
HIGH,2025-03-12 12:00:00+00:00,1.0932546854019165,2025-03-12 17:00:00+00:00
LOW,2025-03-12 13:00:00+00:00,1.088020920753479,2025-03-12 18:00:00+00:00
HIGH,2025-03-13 02:00:00+00:00,1.0900371074676514,2025-03-13 07:00:00+00:00
LOW,2025-03-13 13:00:00+00:00,1.082602620124817,2025-03-13 18:00:00+00:00
HIGH,2025-03-13 16:00:00+00:00,1.088020920753479,2025-03-13 21:00:00+00:00
HIGH,2025-03-14 00:00:00+00:00,1.086130142211914,2025-03-14 05:00:00+00:00
LOW,2025-03-14 07:00:00+00:00,1.0834236145019531,2025-03-14 12:00:00+00:00
LOW,2025-03-17 07:00:00+00:00,1.087311029434204,2025-03-17 12:00:00+00:00
LOW,2025-03-18 06:00:00+00:00,1.0907504558563232,2025-03-18 11:00:00+00:00
HIGH,2025-03-18 08:00:00+00:00,1.0957703590393066,2025-03-18 13:00:00+00:00
LOW,2025-03-18 12:00:00+00:00,1.089680790901184,2025-03-18 17:00:00+00:00
LOW,2025-03-19 07:00:00+00:00,1.088020920753479,2025-03-19 12:00:00+00:00
LOW,2025-03-19 17:00:00+00:00,1.0866022109985352,2025-03-19 22:00:00+00:00
HIGH,2025-03-20 02:00:00+00:00,1.0920606851577759,2025-03-20 07:00:00+00:00
LOW,2025-03-20 13:00:00+00:00,1.0820168256759644,2025-03-20 18:00:00+00:00
HIGH,2025-03-20 21:00:00+00:00,1.0863661766052246,2025-03-21 02:00:00+00:00
LOW,2025-03-21 05:00:00+00:00,1.0822510719299316,2025-03-21 10:00:00+00:00
HIGH,2025-03-21 12:00:00+00:00,1.0862481594085693,2025-03-21 17:00:00+00:00
LOW,2025-03-21 15:00:00+00:00,1.0804970264434814,2025-03-21 20:00:00+00:00
HIGH,2025-03-24 00:00:00+00:00,1.0842459201812744,2025-03-24 05:00:00+00:00
LOW,2025-03-24 04:00:00+00:00,1.0820168256759644,2025-03-24 09:00:00+00:00
HIGH,2025-03-24 08:00:00+00:00,1.0860122442245483,2025-03-24 13:00:00+00:00
LOW,2025-03-24 16:00:00+00:00,1.078515887260437,2025-03-24 21:00:00+00:00
HIGH,2025-03-25 04:00:00+00:00,1.08119797706604,2025-03-25 09:00:00+00:00
LOW,2025-03-25 08:00:00+00:00,1.0781670808792114,2025-03-25 13:00:00+00:00
HIGH,2025-03-25 12:00:00+00:00,1.0833063125610352,2025-03-25 17:00:00+00:00
HIGH,2025-03-26 02:00:00+00:00,1.0800302028656006,2025-03-26 07:00:00+00:00
HIGH,2025-03-26 09:00:00+00:00,1.0804970264434814,2025-03-26 14:00:00+00:00
LOW,2025-03-26 22:00:00+00:00,1.0736525058746338,2025-03-27 03:00:00+00:00
HIGH,2025-03-27 04:00:00+00:00,1.0789813995361328,2025-03-27 09:00:00+00:00
LOW,2025-03-27 07:00:00+00:00,1.0758472681045532,2025-03-27 12:00:00+00:00
HIGH,2025-03-27 15:00:00+00:00,1.0822510719299316,2025-03-27 20:00:00+00:00
HIGH,2025-03-28 07:00:00+00:00,1.080263614654541,2025-03-28 12:00:00+00:00
LOW,2025-03-28 12:00:00+00:00,1.0768898725509644,2025-03-28 17:00:00+00:00
HIGH,2025-03-28 15:00:00+00:00,1.0847163200378418,2025-03-28 20:00:00+00:00
HIGH,2025-03-31 08:00:00+01:00,1.0850694179534912,2025-03-31 13:00:00+01:00
LOW,2025-03-31 15:00:00+01:00,1.0787487030029297,2025-03-31 20:00:00+01:00
HIGH,2025-04-01 05:00:00+01:00,1.0833063125610352,2025-04-01 10:00:00+01:00
LOW,2025-04-01 12:00:00+01:00,1.0781670808792114,2025-04-01 17:00:00+01:00
HIGH,2025-04-01 23:00:00+01:00,1.0810810327529907,2025-04-02 04:00:00+01:00
LOW,2025-04-02 08:00:00+01:00,1.078515887260437,2025-04-02 13:00:00+01:00
LOW,2025-04-02 23:00:00+01:00,1.0810810327529907,2025-04-03 04:00:00+01:00
HIGH,2025-04-03 11:00:00+01:00,1.1138337850570679,2025-04-03 16:00:00+01:00
LOW,2025-04-03 20:00:00+01:00,1.1019283533096313,2025-04-04 01:00:00+01:00
HIGH,2025-04-04 06:00:00+01:00,1.110987663269043,2025-04-04 11:00:00+01:00
HIGH,2025-04-04 13:00:00+01:00,1.109139323234558,2025-04-04 18:00:00+01:00
LOW,2025-04-04 18:00:00+01:00,1.0928961038589478,2025-04-07 00:00:00+01:00
HIGH,2025-04-07 00:00:00+01:00,1.1002310514450073,2025-04-07 05:00:00+01:00
LOW,2025-04-07 03:00:00+01:00,1.0925379991531372,2025-04-07 08:00:00+01:00
HIGH,2025-04-07 08:00:00+01:00,1.1048502922058105,2025-04-07 13:00:00+01:00
HIGH,2025-04-08 07:00:00+01:00,1.0993843078613281,2025-04-08 12:00:00+01:00
LOW,2025-04-08 15:00:00+01:00,1.089561939239502,2025-04-08 20:00:00+01:00
HIGH,2025-04-09 07:00:00+01:00,1.109139323234558,2025-04-09 12:00:00+01:00
LOW,2025-04-09 09:00:00+01:00,1.1002310514450073,2025-04-09 14:00:00+01:00
HIGH,2025-04-09 13:00:00+01:00,1.109385371208191,2025-04-09 18:00:00+01:00
LOW,2025-04-09 19:00:00+01:00,1.0924185514450073,2025-04-10 00:00:00+01:00
HIGH,2025-04-11 01:00:00+01:00,1.1361054182052612,2025-04-11 06:00:00+01:00
LOW,2025-04-11 07:00:00+01:00,1.1252391338348389,2025-04-11 12:00:00+01:00
HIGH,2025-04-11 09:00:00+01:00,1.147315263748169,2025-04-11 14:00:00+01:00
LOW,2025-04-11 17:00:00+01:00,1.1282861232757568,2025-04-11 22:00:00+01:00
LOW,2025-04-14 14:00:00+01:00,1.1300712823867798,2025-04-14 19:00:00+01:00
LOW,2025-04-15 02:00:00+01:00,1.131861925125122,2025-04-15 07:00:00+01:00
HIGH,2025-04-15 09:00:00+01:00,1.1379153728485107,2025-04-15 14:00:00+01:00
LOW,2025-04-15 17:00:00+01:00,1.126887559890747,2025-04-15 22:00:00+01:00
HIGH,2025-04-16 08:00:00+01:00,1.1394712924957275,2025-04-16 13:00:00+01:00
HIGH,2025-04-16 20:00:00+01:00,1.1415525674819946,2025-04-17 01:00:00+01:00
HIGH,2025-04-17 09:00:00+01:00,1.1390818357467651,2025-04-17 14:00:00+01:00
HIGH,2025-04-17 15:00:00+01:00,1.1388224363327026,2025-04-17 20:00:00+01:00
HIGH,2025-04-18 01:00:00+01:00,1.1385631561279297,2025-04-18 06:00:00+01:00
LOW,2025-04-18 08:00:00+01:00,1.1363636255264282,2025-04-18 13:00:00+01:00
HIGH,2025-04-21 10:00:00+01:00,1.1575413942337036,2025-04-21 15:00:00+01:00
LOW,2025-04-21 16:00:00+01:00,1.1486331224441528,2025-04-21 21:00:00+01:00
HIGH,2025-04-21 20:00:00+01:00,1.1530035734176636,2025-04-22 01:00:00+01:00
LOW,2025-04-22 01:00:00+01:00,1.1486331224441528,2025-04-22 06:00:00+01:00
HIGH,2025-04-22 06:00:00+01:00,1.155001163482666,2025-04-22 11:00:00+01:00
LOW,2025-04-22 23:00:00+01:00,1.1310937404632568,2025-04-23 04:00:00+01:00
HIGH,2025-04-23 10:00:00+01:00,1.1442956924438477,2025-04-23 15:00:00+01:00
LOW,2025-04-23 22:00:00+01:00,1.1310937404632568,2025-04-24 03:00:00+01:00
HIGH,2025-04-24 11:00:00+01:00,1.1396011114120483,2025-04-24 16:00:00+01:00
LOW,2025-04-24 16:00:00+01:00,1.1352026462554932,2025-04-24 21:00:00+01:00
HIGH,2025-04-24 21:00:00+01:00,1.1401208639144897,2025-04-25 02:00:00+01:00
LOW,2025-04-25 05:00:00+01:00,1.1321182250976562,2025-04-25 10:00:00+01:00
HIGH,2025-04-25 08:00:00+01:00,1.1371389627456665,2025-04-25 13:00:00+01:00
LOW,2025-04-25 14:00:00+01:00,1.1337867975234985,2025-04-25 19:00:00+01:00
HIGH,2025-04-25 17:00:00+01:00,1.1390818357467651,2025-04-25 22:00:00+01:00
LOW,2025-04-28 00:00:00+01:00,1.1346874237060547,2025-04-28 05:00:00+01:00
HIGH,2025-04-28 06:00:00+01:00,1.1384334564208984,2025-04-28 11:00:00+01:00
LOW,2025-04-28 07:00:00+01:00,1.133529782295227,2025-04-28 12:00:00+01:00
HIGH,2025-04-28 21:00:00+01:00,1.1428571939468384,2025-04-29 02:00:00+01:00
HIGH,2025-04-29 17:00:00+01:00,1.1420739889144897,2025-04-29 22:00:00+01:00
LOW,2025-04-30 03:00:00+01:00,1.1361054182052612,2025-04-30 08:00:00+01:00
HIGH,2025-04-30 07:00:00+01:00,1.1402509212493896,2025-04-30 12:00:00+01:00
HIGH,2025-05-01 12:00:00+01:00,1.1343011856079102,2025-05-01 17:00:00+01:00
LOW,2025-05-01 16:00:00+01:00,1.1270145177841187,2025-05-01 21:00:00+01:00
LOW,2025-05-02 01:00:00+01:00,1.1277772188186646,2025-05-02 06:00:00+01:00
LOW,2025-05-02 19:00:00+01:00,1.1296881437301636,2025-05-05 01:00:00+01:00
HIGH,2025-05-05 06:00:00+01:00,1.1350737810134888,2025-05-05 11:00:00+01:00
LOW,2025-05-05 09:00:00+01:00,1.1316057443618774,2025-05-05 14:00:00+01:00
HIGH,2025-05-05 14:00:00+01:00,1.1367511749267578,2025-05-05 19:00:00+01:00
LOW,2025-05-05 19:00:00+01:00,1.1301988363265991,2025-05-06 00:00:00+01:00
LOW,2025-05-06 02:00:00+01:00,1.1282861232757568,2025-05-06 07:00:00+01:00
LOW,2025-05-06 10:00:00+01:00,1.1309658288955688,2025-05-06 15:00:00+01:00
LOW,2025-05-07 01:00:00+01:00,1.1328877210617065,2025-05-07 06:00:00+01:00
HIGH,2025-05-07 07:00:00+01:00,1.138044834136963,2025-05-07 12:00:00+01:00
LOW,2025-05-07 21:00:00+01:00,1.1296881437301636,2025-05-08 02:00:00+01:00
HIGH,2025-05-08 04:00:00+01:00,1.1339154243469238,2025-05-08 09:00:00+01:00
LOW,2025-05-08 08:00:00+01:00,1.1276500225067139,2025-05-08 13:00:00+01:00
HIGH,2025-05-08 13:00:00+01:00,1.1322463750839233,2025-05-08 18:00:00+01:00
LOW,2025-05-08 20:00:00+01:00,1.1215791702270508,2025-05-09 01:00:00+01:00
HIGH,2025-05-08 23:00:00+01:00,1.1235954761505127,2025-05-09 04:00:00+01:00
LOW,2025-05-09 03:00:00+01:00,1.1200717687606812,2025-05-09 08:00:00+01:00
HIGH,2025-05-09 15:00:00+01:00,1.129433035850525,2025-05-09 20:00:00+01:00
LOW,2025-05-12 11:00:00+01:00,1.1075423955917358,2025-05-12 16:00:00+01:00
LOW,2025-05-12 19:00:00+01:00,1.107051968574524,2025-05-13 00:00:00+01:00
LOW,2025-05-13 11:00:00+01:00,1.1101243495941162,2025-05-13 16:00:00+01:00
LOW,2025-05-14 01:00:00+01:00,1.1185681819915771,2025-05-14 06:00:00+01:00
LOW,2025-05-14 07:00:00+01:00,1.1185681819915771,2025-05-14 12:00:00+01:00
HIGH,2025-05-14 10:00:00+01:00,1.1267606019973755,2025-05-14 15:00:00+01:00
LOW,2025-05-14 21:00:00+01:00,1.1168192625045776,2025-05-15 02:00:00+01:00
HIGH,2025-05-15 14:00:00+01:00,1.1224603652954102,2025-05-15 19:00:00+01:00
HIGH,2025-05-16 07:00:00+01:00,1.1222084760665894,2025-05-16 12:00:00+01:00
LOW,2025-05-16 17:00:00+01:00,1.1134617328643799,2025-05-16 22:00:00+01:00
HIGH,2025-05-19 11:00:00+01:00,1.1290504932403564,2025-05-19 16:00:00+01:00
HIGH,2025-05-19 22:00:00+01:00,1.1256190538406372,2025-05-20 03:00:00+01:00
LOW,2025-05-20 01:00:00+01:00,1.1222084760665894,2025-05-20 06:00:00+01:00
HIGH,2025-05-20 08:00:00+01:00,1.1281588077545166,2025-05-20 13:00:00+01:00
LOW,2025-05-21 09:00:00+01:00,1.1316057443618774,2025-05-21 14:00:00+01:00
HIGH,2025-05-21 11:00:00+01:00,1.1363636255264282,2025-05-21 16:00:00+01:00
HIGH,2025-05-21 18:00:00+01:00,1.1363636255264282,2025-05-21 23:00:00+01:00
LOW,2025-05-22 00:00:00+01:00,1.1314777135849,2025-05-22 05:00:00+01:00
HIGH,2025-05-22 03:00:00+01:00,1.1348161697387695,2025-05-22 08:00:00+01:00
LOW,2025-05-22 18:00:00+01:00,1.1261261701583862,2025-05-22 23:00:00+01:00
HIGH,2025-05-23 12:00:00+01:00,1.1375269889831543,2025-05-23 17:00:00+01:00
LOW,2025-05-23 13:00:00+01:00,1.1303266286849976,2025-05-23 18:00:00+01:00
LOW,2025-05-26 13:00:00+01:00,1.137268304824829,2025-05-26 18:00:00+01:00
HIGH,2025-05-27 02:00:00+01:00,1.1410315036773682,2025-05-27 07:00:00+01:00
LOW,2025-05-27 08:00:00+01:00,1.1341726779937744,2025-05-27 13:00:00+01:00
HIGH,2025-05-27 14:00:00+01:00,1.1377859115600586,2025-05-27 19:00:00+01:00
HIGH,2025-05-28 01:00:00+01:00,1.1348161697387695,2025-05-28 06:00:00+01:00
LOW,2025-05-28 06:00:00+01:00,1.1299434900283813,2025-05-28 11:00:00+01:00
LOW,2025-05-29 00:00:00+01:00,1.121956706047058,2025-05-29 05:00:00+01:00
HIGH,2025-05-29 19:00:00+01:00,1.1386927366256714,2025-05-30 00:00:00+01:00
HIGH,2025-05-30 02:00:00+01:00,1.139211654663086,2025-05-30 07:00:00+01:00
LOW,2025-05-30 14:00:00+01:00,1.1319899559020996,2025-05-30 19:00:00+01:00
HIGH,2025-05-30 18:00:00+01:00,1.1370097398757935,2025-06-02 00:00:00+01:00
LOW,2025-06-02 14:00:00+01:00,1.1407711505889893,2025-06-02 19:00:00+01:00
HIGH,2025-06-02 15:00:00+01:00,1.145213007926941,2025-06-02 20:00:00+01:00
HIGH,2025-06-03 08:00:00+01:00,1.1435105800628662,2025-06-03 13:00:00+01:00
LOW,2025-06-03 15:00:00+01:00,1.1368803977966309,2025-06-03 20:00:00+01:00
HIGH,2025-06-04 02:00:00+01:00,1.1396011114120483,2025-06-04 07:00:00+01:00
HIGH,2025-06-04 17:00:00+01:00,1.1437721252441406,2025-06-04 22:00:00+01:00
LOW,2025-06-04 21:00:00+01:00,1.141422152519226,2025-06-05 02:00:00+01:00
HIGH,2025-06-05 02:00:00+01:00,1.1437721252441406,2025-06-05 07:00:00+01:00
LOW,2025-06-05 07:00:00+01:00,1.1409013271331787,2025-06-05 12:00:00+01:00
HIGH,2025-06-05 14:00:00+01:00,1.1496896743774414,2025-06-05 19:00:00+01:00
HIGH,2025-06-06 01:00:00+01:00,1.1460003852844238,2025-06-06 06:00:00+01:00
LOW,2025-06-06 14:00:00+01:00,1.1375269889831543,2025-06-06 19:00:00+01:00
HIGH,2025-06-09 10:00:00+01:00,1.144164800643921,2025-06-09 15:00:00+01:00
LOW,2025-06-09 14:00:00+01:00,1.1390818357467651,2025-06-09 19:00:00+01:00
HIGH,2025-06-09 19:00:00+01:00,1.143379807472229,2025-06-10 00:00:00+01:00
HIGH,2025-06-10 01:00:00+01:00,1.1439030170440674,2025-06-10 06:00:00+01:00
LOW,2025-06-10 08:00:00+01:00,1.1377859115600586,2025-06-10 13:00:00+01:00
HIGH,2025-06-10 14:00:00+01:00,1.145081877708435,2025-06-10 19:00:00+01:00
HIGH,2025-06-11 00:00:00+01:00,1.144164800643921,2025-06-11 05:00:00+01:00
LOW,2025-06-11 08:00:00+01:00,1.1409013271331787,2025-06-11 13:00:00+01:00
LOW,2025-06-11 22:00:00+01:00,1.1479737758636475,2025-06-12 03:00:00+01:00
HIGH,2025-06-12 13:00:00+01:00,1.1634671688079834,2025-06-12 18:00:00+01:00
LOW,2025-06-12 18:00:00+01:00,1.156738042831421,2025-06-12 23:00:00+01:00
HIGH,2025-06-13 01:00:00+01:00,1.16130530834198,2025-06-13 06:00:00+01:00
HIGH,2025-06-13 08:00:00+01:00,1.156203031539917,2025-06-13 13:00:00+01:00
HIGH,2025-06-13 16:00:00+01:00,1.157139539718628,2025-06-13 21:00:00+01:00
LOW,2025-06-16 04:00:00+01:00,1.1527377367019653,2025-06-16 09:00:00+01:00
HIGH,2025-06-16 15:00:00+01:00,1.1617100238800049,2025-06-16 20:00:00+01:00
LOW,2025-06-17 01:00:00+01:00,1.1547343730926514,2025-06-17 06:00:00+01:00
HIGH,2025-06-17 12:00:00+01:00,1.1576753854751587,2025-06-17 17:00:00+01:00
HIGH,2025-06-18 08:00:00+01:00,1.1524720191955566,2025-06-18 13:00:00+01:00
HIGH,2025-06-18 16:00:00+01:00,1.1530035734176636,2025-06-18 21:00:00+01:00
LOW,2025-06-19 07:00:00+01:00,1.145081877708435,2025-06-19 12:00:00+01:00
HIGH,2025-06-19 12:00:00+01:00,1.1488970518112183,2025-06-19 17:00:00+01:00
HIGH,2025-06-20 05:00:00+01:00,1.1535356044769287,2025-06-20 10:00:00+01:00
HIGH,2025-06-20 11:00:00+01:00,1.1538017988204956,2025-06-20 16:00:00+01:00
LOW,2025-06-20 15:00:00+01:00,1.1499539613723755,2025-06-20 20:00:00+01:00
HIGH,2025-06-20 18:00:00+01:00,1.1547343730926514,2025-06-23 00:00:00+01:00
LOW,2025-06-23 02:00:00+01:00,1.1477103233337402,2025-06-23 07:00:00+01:00
HIGH,2025-06-23 07:00:00+01:00,1.152339220046997,2025-06-23 12:00:00+01:00
LOW,2025-06-23 10:00:00+01:00,1.145737886428833,2025-06-23 15:00:00+01:00
HIGH,2025-06-24 07:00:00+01:00,1.162520408630371,2025-06-24 12:00:00+01:00
LOW,2025-06-24 08:00:00+01:00,1.1587486267089844,2025-06-24 13:00:00+01:00
LOW,2025-06-24 14:00:00+01:00,1.1586142778396606,2025-06-24 19:00:00+01:00
HIGH,2025-06-24 15:00:00+01:00,1.1641442775726318,2025-06-24 20:00:00+01:00
LOW,2025-06-24 23:00:00+01:00,1.1607661247253418,2025-06-25 04:00:00+01:00
HIGH,2025-06-25 02:00:00+01:00,1.1634671688079834,2025-06-25 07:00:00+01:00
HIGH,2025-06-26 09:00:00+01:00,1.1745359897613525,2025-06-26 14:00:00+01:00
LOW,2025-06-26 13:00:00+01:00,1.1694538593292236,2025-06-26 18:00:00+01:00
HIGH,2025-06-26 17:00:00+01:00,1.1742602586746216,2025-06-26 22:00:00+01:00
LOW,2025-06-26 23:00:00+01:00,1.1684973239898682,2025-06-27 04:00:00+01:00
LOW,2025-06-27 07:00:00+01:00,1.168770432472229,2025-06-27 12:00:00+01:00
HIGH,2025-06-27 14:00:00+01:00,1.1752262115478516,2025-06-27 19:00:00+01:00
LOW,2025-06-27 19:00:00+01:00,1.1691803932189941,2025-06-30 01:00:00+01:00
HIGH,2025-06-30 00:00:00+01:00,1.1741223335266113,2025-06-30 05:00:00+01:00
LOW,2025-06-30 04:00:00+01:00,1.1715089082717896,2025-06-30 09:00:00+01:00
HIGH,2025-06-30 07:00:00+01:00,1.175364375114441,2025-06-30 12:00:00+01:00
LOW,2025-06-30 13:00:00+01:00,1.1712344884872437,2025-06-30 18:00:00+01:00
HIGH,2025-07-01 02:00:00+01:00,1.1809163093566895,2025-07-01 07:00:00+01:00
LOW,2025-07-01 08:00:00+01:00,1.1773016452789307,2025-07-01 13:00:00+01:00
HIGH,2025-07-01 10:00:00+01:00,1.1831519603729248,2025-07-01 15:00:00+01:00
LOW,2025-07-01 17:00:00+01:00,1.1764705181121826,2025-07-01 22:00:00+01:00
HIGH,2025-07-02 02:00:00+01:00,1.1813349723815918,2025-07-02 07:00:00+01:00
LOW,2025-07-02 13:00:00+01:00,1.1749500036239624,2025-07-02 18:00:00+01:00
LOW,2025-07-03 06:00:00+01:00,1.1789672374725342,2025-07-03 11:00:00+01:00
HIGH,2025-07-03 08:00:00+01:00,1.1813349723815918,2025-07-03 13:00:00+01:00
LOW,2025-07-03 13:00:00+01:00,1.172333002090454,2025-07-03 18:00:00+01:00
LOW,2025-07-04 13:00:00+01:00,1.176747441291809,2025-07-04 18:00:00+01:00
HIGH,2025-07-04 15:00:00+01:00,1.1791062355041504,2025-07-04 20:00:00+01:00
HIGH,2025-07-07 01:00:00+01:00,1.1792453527450562,2025-07-07 06:00:00+01:00
HIGH,2025-07-07 15:00:00+01:00,1.1748120784759521,2025-07-07 20:00:00+01:00
LOW,2025-07-07 18:00:00+01:00,1.1690436601638794,2025-07-07 23:00:00+01:00
HIGH,2025-07-08 08:00:00+01:00,1.176747441291809,2025-07-08 13:00:00+01:00
LOW,2025-07-08 15:00:00+01:00,1.1686338186264038,2025-07-08 20:00:00+01:00
HIGH,2025-07-08 22:00:00+01:00,1.1735711097717285,2025-07-09 03:00:00+01:00
LOW,2025-07-09 05:00:00+01:00,1.170548915863037,2025-07-09 10:00:00+01:00
LOW,2025-07-09 12:00:00+01:00,1.1694538593292236,2025-07-09 17:00:00+01:00
HIGH,2025-07-09 15:00:00+01:00,1.1727453470230103,2025-07-09 20:00:00+01:00
HIGH,2025-07-10 01:00:00+01:00,1.1752262115478516,2025-07-10 06:00:00+01:00
LOW,2025-07-10 15:00:00+01:00,1.1669973134994507,2025-07-10 20:00:00+01:00
HIGH,2025-07-10 22:00:00+01:00,1.1716461181640625,2025-07-11 03:00:00+01:00
LOW,2025-07-11 01:00:00+01:00,1.1669973134994507,2025-07-11 06:00:00+01:00
HIGH,2025-07-11 14:00:00+01:00,1.1712344884872437,2025-07-11 19:00:00+01:00
LOW,2025-07-11 15:00:00+01:00,1.1680878400802612,2025-07-11 20:00:00+01:00
LOW,2025-07-14 00:00:00+01:00,1.1667250394821167,2025-07-14 05:00:00+01:00
HIGH,2025-07-14 02:00:00+01:00,1.1700011491775513,2025-07-14 07:00:00+01:00
LOW,2025-07-14 07:00:00+01:00,1.1659088134765625,2025-07-14 12:00:00+01:00
LOW,2025-07-14 18:00:00+01:00,1.1663167476654053,2025-07-14 23:00:00+01:00
HIGH,2025-07-15 08:00:00+01:00,1.1695905923843384,2025-07-15 13:00:00+01:00
HIGH,2025-07-16 08:00:00+01:00,1.1631964445114136,2025-07-16 13:00:00+01:00
LOW,2025-07-16 15:00:00+01:00,1.156738042831421,2025-07-16 20:00:00+01:00
HIGH,2025-07-16 16:00:00+01:00,1.1719207763671875,2025-07-16 21:00:00+01:00
LOW,2025-07-17 13:00:00+01:00,1.1568717956542969,2025-07-17 18:00:00+01:00
HIGH,2025-07-17 16:00:00+01:00,1.1606314182281494,2025-07-17 21:00:00+01:00
HIGH,2025-07-18 02:00:00+01:00,1.1637378931045532,2025-07-18 07:00:00+01:00
HIGH,2025-07-18 15:00:00+01:00,1.1672697067260742,2025-07-18 20:00:00+01:00
HIGH,2025-07-21 01:00:00+01:00,1.163873314857483,2025-07-21 06:00:00+01:00
HIGH,2025-07-21 16:00:00+01:00,1.1719207763671875,2025-07-21 21:00:00+01:00
LOW,2025-07-22 14:00:00+01:00,1.1682243347167969,2025-07-22 19:00:00+01:00
HIGH,2025-07-23 08:00:00+01:00,1.175364375114441,2025-07-23 13:00:00+01:00
LOW,2025-07-23 14:00:00+01:00,1.1715089082717896,2025-07-23 19:00:00+01:00
LOW,2025-07-24 01:00:00+01:00,1.1766090393066406,2025-07-24 06:00:00+01:00
HIGH,2025-07-24 15:00:00+01:00,1.1791062355041504,2025-07-24 20:00:00+01:00
LOW,2025-07-25 03:00:00+01:00,1.17384672164917,2025-07-25 08:00:00+01:00
HIGH,2025-07-25 07:00:00+01:00,1.1763322353363037,2025-07-25 12:00:00+01:00
LOW,2025-07-25 14:00:00+01:00,1.1709601879119873,2025-07-25 19:00:00+01:00
HIGH,2025-07-28 01:00:00+01:00,1.1774401664733887,2025-07-28 06:00:00+01:00
LOW,2025-07-28 22:00:00+01:00,1.1587486267089844,2025-07-29 03:00:00+01:00
HIGH,2025-07-29 03:00:00+01:00,1.1602274179458618,2025-07-29 08:00:00+01:00
LOW,2025-07-29 14:00:00+01:00,1.152339220046997,2025-07-29 19:00:00+01:00
HIGH,2025-07-29 18:00:00+01:00,1.156203031539917,2025-07-29 23:00:00+01:00
HIGH,2025-07-30 02:00:00+01:00,1.1575413942337036,2025-07-30 07:00:00+01:00
HIGH,2025-07-30 19:00:00+01:00,1.1502184867858887,2025-07-31 00:00:00+01:00
LOW,2025-07-30 21:00:00+01:00,1.1405109167099,2025-07-31 02:00:00+01:00
HIGH,2025-07-31 07:00:00+01:00,1.1462632417678833,2025-07-31 12:00:00+01:00
LOW,2025-07-31 14:00:00+01:00,1.1410315036773682,2025-07-31 19:00:00+01:00
LOW,2025-08-01 02:00:00+01:00,1.1407711505889893,2025-08-01 07:00:00+01:00
HIGH,2025-08-01 07:00:00+01:00,1.1440337896347046,2025-08-01 12:00:00+01:00
LOW,2025-08-01 13:00:00+01:00,1.1396011114120483,2025-08-01 18:00:00+01:00
HIGH,2025-08-01 14:00:00+01:00,1.1586142778396606,2025-08-01 19:00:00+01:00
HIGH,2025-08-01 21:00:00+01:00,1.1599582433700562,2025-08-04 03:00:00+01:00
LOW,2025-08-04 09:00:00+01:00,1.155401587486267,2025-08-04 14:00:00+01:00
HIGH,2025-08-05 01:00:00+01:00,1.159151554107666,2025-08-05 06:00:00+01:00
LOW,2025-08-05 12:00:00+01:00,1.1532695293426514,2025-08-05 17:00:00+01:00
HIGH,2025-08-05 17:00:00+01:00,1.1588828563690186,2025-08-05 22:00:00+01:00
HIGH,2025-08-06 19:00:00+01:00,1.1671334505081177,2025-08-07 00:00:00+01:00
LOW,2025-08-07 02:00:00+01:00,1.1653653383255005,2025-08-07 07:00:00+01:00
HIGH,2025-08-07 09:00:00+01:00,1.1701380014419556,2025-08-07 14:00:00+01:00
LOW,2025-08-07 16:00:00+01:00,1.1617100238800049,2025-08-07 21:00:00+01:00
LOW,2025-08-08 11:00:00+01:00,1.1633317470550537,2025-08-08 16:00:00+01:00
LOW,2025-08-08 20:00:00+01:00,1.1641442775726318,2025-08-11 02:00:00+01:00
HIGH,2025-08-11 05:00:00+01:00,1.1679514646530151,2025-08-11 10:00:00+01:00
LOW,2025-08-11 16:00:00+01:00,1.1594202518463135,2025-08-11 21:00:00+01:00
HIGH,2025-08-12 06:00:00+01:00,1.1631964445114136,2025-08-12 11:00:00+01:00
LOW,2025-08-12 12:00:00+01:00,1.1602274179458618,2025-08-12 17:00:00+01:00
HIGH,2025-08-12 16:00:00+01:00,1.1700011491775513,2025-08-12 21:00:00+01:00
LOW,2025-08-13 14:00:00+01:00,1.1697274446487427,2025-08-13 19:00:00+01:00
LOW,2025-08-14 17:00:00+01:00,1.1634671688079834,2025-08-14 22:00:00+01:00
HIGH,2025-08-18 00:00:00+01:00,1.171783447265625,2025-08-18 05:00:00+01:00
HIGH,2025-08-18 23:00:00+01:00,1.1678149700164795,2025-08-19 04:00:00+01:00
LOW,2025-08-19 02:00:00+01:00,1.1644154787063599,2025-08-19 07:00:00+01:00
LOW,2025-08-21 08:00:00+01:00,1.1629259586334229,2025-08-21 13:00:00+01:00
HIGH,2025-08-21 10:00:00+01:00,1.1665889024734497,2025-08-21 15:00:00+01:00
HIGH,2025-08-22 01:00:00+01:00,1.1621150970458984,2025-08-22 06:00:00+01:00
HIGH,2025-08-22 18:00:00+01:00,1.1746740341186523,2025-08-25 00:00:00+01:00
HIGH,2025-08-25 07:00:00+01:00,1.172333002090454,2025-08-25 12:00:00+01:00
LOW,2025-08-25 22:00:00+01:00,1.1606314182281494,2025-08-26 03:00:00+01:00
HIGH,2025-08-26 01:00:00+01:00,1.1663167476654053,2025-08-26 06:00:00+01:00
LOW,2025-08-26 08:00:00+01:00,1.1607661247253418,2025-08-26 13:00:00+01:00
HIGH,2025-08-26 15:00:00+01:00,1.1668611764907837,2025-08-26 20:00:00+01:00
LOW,2025-08-27 12:00:00+01:00,1.1579434871673584,2025-08-27 17:00:00+01:00
LOW,2025-08-28 09:00:00+01:00,1.1634671688079834,2025-08-28 14:00:00+01:00
HIGH,2025-08-28 18:00:00+01:00,1.1701380014419556,2025-08-28 23:00:00+01:00
LOW,2025-08-29 02:00:00+01:00,1.16604483127594,2025-08-29 07:00:00+01:00
HIGH,2025-08-29 09:00:00+01:00,1.1691803932189941,2025-08-29 14:00:00+01:00
LOW,2025-08-29 21:00:00+01:00,1.1686338186264038,2025-09-01 03:00:00+01:00
HIGH,2025-09-01 10:00:00+01:00,1.1739845275878906,2025-09-01 15:00:00+01:00
LOW,2025-09-01 17:00:00+01:00,1.1701380014419556,2025-09-01 22:00:00+01:00
HIGH,2025-09-02 00:00:00+01:00,1.17205810546875,2025-09-02 05:00:00+01:00
LOW,2025-09-02 13:00:00+01:00,1.1617100238800049,2025-09-02 18:00:00+01:00
HIGH,2025-09-02 15:00:00+01:00,1.1684973239898682,2025-09-02 20:00:00+01:00
LOW,2025-09-03 08:00:00+01:00,1.16130530834198,2025-09-03 13:00:00+01:00
HIGH,2025-09-03 16:00:00+01:00,1.1684973239898682,2025-09-03 21:00:00+01:00
HIGH,2025-09-04 02:00:00+01:00,1.1672697067260742,2025-09-04 07:00:00+01:00
LOW,2025-09-04 16:00:00+01:00,1.1634671688079834,2025-09-04 21:00:00+01:00
HIGH,2025-09-05 17:00:00+01:00,1.1763322353363037,2025-09-05 22:00:00+01:00
HIGH,2025-09-09 06:00:00+01:00,1.1782727241516113,2025-09-09 11:00:00+01:00
LOW,2025-09-10 02:00:00+01:00,1.1694538593292236,2025-09-10 07:00:00+01:00
HIGH,2025-09-10 07:00:00+01:00,1.172195553779602,2025-09-10 12:00:00+01:00
LOW,2025-09-10 08:00:00+01:00,1.1691803932189941,2025-09-10 13:00:00+01:00
HIGH,2025-09-10 15:00:00+01:00,1.173433542251587,2025-09-10 20:00:00+01:00
LOW,2025-09-10 22:00:00+01:00,1.1694538593292236,2025-09-11 03:00:00+01:00
LOW,2025-09-11 13:00:00+01:00,1.1669973134994507,2025-09-11 18:00:00+01:00
HIGH,2025-09-11 16:00:00+01:00,1.1748120784759521,2025-09-11 21:00:00+01:00
HIGH,2025-09-12 08:00:00+01:00,1.1750881671905518,2025-09-12 13:00:00+01:00
LOW,2025-09-15 01:00:00+01:00,1.1726078987121582,2025-09-15 06:00:00+01:00
LOW,2025-09-15 07:00:00+01:00,1.17205810546875,2025-09-15 12:00:00+01:00
HIGH,2025-09-15 17:00:00+01:00,1.1777175664901733,2025-09-15 22:00:00+01:00
LOW,2025-09-16 01:00:00+01:00,1.1760554313659668,2025-09-16 06:00:00+01:00
HIGH,2025-09-16 18:00:00+01:00,1.1882128715515137,2025-09-16 23:00:00+01:00
LOW,2025-09-16 22:00:00+01:00,1.1846938133239746,2025-09-17 03:00:00+01:00
HIGH,2025-09-17 00:00:00+01:00,1.1876484155654907,2025-09-17 05:00:00+01:00
HIGH,2025-09-17 19:00:00+01:00,1.1918951272964478,2025-09-18 00:00:00+01:00
LOW,2025-09-17 22:00:00+01:00,1.18035888671875,2025-09-18 03:00:00+01:00
LOW,2025-09-18 07:00:00+01:00,1.178550362586975,2025-09-18 12:00:00+01:00
HIGH,2025-09-18 10:00:00+01:00,1.1851149797439575,2025-09-18 15:00:00+01:00
LOW,2025-09-18 14:00:00+01:00,1.1755025386810303,2025-09-18 19:00:00+01:00
HIGH,2025-09-19 04:00:00+01:00,1.1795234680175781,2025-09-19 09:00:00+01:00
LOW,2025-09-19 13:00:00+01:00,1.1731581687927246,2025-09-19 18:00:00+01:00
HIGH,2025-09-23 02:00:00+01:00,1.1821727752685547,2025-09-23 07:00:00+01:00
LOW,2025-09-23 08:00:00+01:00,1.178550362586975,2025-09-23 13:00:00+01:00
HIGH,2025-09-23 10:00:00+01:00,1.1814744472503662,2025-09-23 15:00:00+01:00
HIGH,2025-09-23 23:00:00+01:00,1.1823126077651978,2025-09-24 04:00:00+01:00
LOW,2025-09-24 15:00:00+01:00,1.1731581687927246,2025-09-24 20:00:00+01:00
HIGH,2025-09-25 04:00:00+01:00,1.1757789850234985,2025-09-25 09:00:00+01:00
HIGH,2025-09-25 11:00:00+01:00,1.1756407022476196,2025-09-25 16:00:00+01:00
LOW,2025-09-25 19:00:00+01:00,1.1650937795639038,2025-09-26 00:00:00+01:00
LOW,2025-09-29 09:00:00+01:00,1.1712344884872437,2025-09-29 14:00:00+01:00
HIGH,2025-09-29 14:00:00+01:00,1.1756407022476196,2025-09-29 19:00:00+01:00
HIGH,2025-09-30 09:00:00+01:00,1.1761938333511353,2025-09-30 14:00:00+01:00
LOW,2025-09-30 14:00:00+01:00,1.17205810546875,2025-09-30 19:00:00+01:00
HIGH,2025-09-30 18:00:00+01:00,1.1764705181121826,2025-09-30 23:00:00+01:00
LOW,2025-10-01 01:00:00+01:00,1.1732958555221558,2025-10-01 06:00:00+01:00
HIGH,2025-10-01 08:00:00+01:00,1.1781338453292847,2025-10-01 13:00:00+01:00
LOW,2025-10-01 11:00:00+01:00,1.17205810546875,2025-10-01 16:00:00+01:00
LOW,2025-10-01 17:00:00+01:00,1.1719207763671875,2025-10-01 22:00:00+01:00
LOW,2025-10-02 16:00:00+01:00,1.168770432472229,2025-10-02 21:00:00+01:00
HIGH,2025-10-03 02:00:00+01:00,1.1732958555221558,2025-10-03 07:00:00+01:00
LOW,2025-10-03 06:00:00+01:00,1.1719207763671875,2025-10-03 11:00:00+01:00
HIGH,2025-10-03 09:00:00+01:00,1.1748120784759521,2025-10-03 14:00:00+01:00
HIGH,2025-10-03 15:00:00+01:00,1.1761938333511353,2025-10-03 20:00:00+01:00
LOW,2025-10-06 00:00:00+01:00,1.1710972785949707,2025-10-06 05:00:00+01:00
HIGH,2025-10-06 16:00:00+01:00,1.172195553779602,2025-10-06 21:00:00+01:00
HIGH,2025-10-07 17:00:00+01:00,1.1683608293533325,2025-10-07 22:00:00+01:00
LOW,2025-10-08 10:00:00+01:00,1.1610356569290161,2025-10-08 15:00:00+01:00
HIGH,2025-10-08 14:00:00+01:00,1.164686679840088,2025-10-08 19:00:00+01:00
LOW,2025-10-08 17:00:00+01:00,1.1602274179458618,2025-10-08 22:00:00+01:00
LOW,2025-10-09 19:00:00+01:00,1.1548677682876587,2025-10-10 00:00:00+01:00
LOW,2025-10-10 07:00:00+01:00,1.1564704179763794,2025-10-10 12:00:00+01:00
HIGH,2025-10-10 09:00:00+01:00,1.159151554107666,2025-10-10 14:00:00+01:00
LOW,2025-10-10 13:00:00+01:00,1.156336784362793,2025-10-10 18:00:00+01:00
HIGH,2025-10-10 16:00:00+01:00,1.1633317470550537,2025-10-10 21:00:00+01:00
HIGH,2025-10-13 07:00:00+01:00,1.1633317470550537,2025-10-13 12:00:00+01:00
LOW,2025-10-13 15:00:00+01:00,1.156203031539917,2025-10-13 20:00:00+01:00
HIGH,2025-10-13 22:00:00+01:00,1.1582117080688477,2025-10-14 03:00:00+01:00
LOW,2025-10-14 01:00:00+01:00,1.1559356451034546,2025-10-14 06:00:00+01:00
HIGH,2025-10-14 05:00:00+01:00,1.1595547199249268,2025-10-14 10:00:00+01:00
LOW,2025-10-14 08:00:00+01:00,1.1547343730926514,2025-10-14 13:00:00+01:00
HIGH,2025-10-14 17:00:00+01:00,1.1618449687957764,2025-10-14 22:00:00+01:00
HIGH,2025-10-15 09:00:00+01:00,1.1648223400115967,2025-10-15 14:00:00+01:00
LOW,2025-10-15 14:00:00+01:00,1.161440134048462,2025-10-15 19:00:00+01:00
LOW,2025-10-16 08:00:00+01:00,1.1648223400115967,2025-10-16 13:00:00+01:00
HIGH,2025-10-17 06:00:00+01:00,1.1730204820632935,2025-10-17 11:00:00+01:00
LOW,2025-10-17 15:00:00+01:00,1.16604483127594,2025-10-17 20:00:00+01:00
LOW,2025-10-17 21:00:00+01:00,1.1653653383255005,2025-10-20 03:00:00+01:00
HIGH,2025-10-20 06:00:00+01:00,1.1679514646530151,2025-10-20 11:00:00+01:00
LOW,2025-10-20 12:00:00+01:00,1.1648223400115967,2025-10-20 17:00:00+01:00
LOW,2025-10-20 22:00:00+01:00,1.1631964445114136,2025-10-21 03:00:00+01:00
HIGH,2025-10-21 01:00:00+01:00,1.1659088134765625,2025-10-21 06:00:00+01:00
LOW,2025-10-21 15:00:00+01:00,1.1602274179458618,2025-10-21 20:00:00+01:00
LOW,2025-10-21 22:00:00+01:00,1.1598236560821533,2025-10-22 03:00:00+01:00
LOW,2025-10-22 13:00:00+01:00,1.158077597618103,2025-10-22 18:00:00+01:00
HIGH,2025-10-22 17:00:00+01:00,1.162520408630371,2025-10-22 22:00:00+01:00
LOW,2025-10-23 12:00:00+01:00,1.1588828563690186,2025-10-23 17:00:00+01:00
HIGH,2025-10-24 13:00:00+01:00,1.164958119392395,2025-10-24 18:00:00+01:00
HIGH,2025-10-27 01:00:00+00:00,1.1650937795639038,2025-10-27 06:00:00+00:00
LOW,2025-10-27 08:00:00+00:00,1.1621150970458984,2025-10-27 13:00:00+00:00
HIGH,2025-10-27 12:00:00+00:00,1.1653653383255005,2025-10-27 17:00:00+00:00
LOW,2025-10-28 13:00:00+00:00,1.1629259586334229,2025-10-28 18:00:00+00:00
HIGH,2025-10-28 17:00:00+00:00,1.1671334505081177,2025-10-28 22:00:00+00:00
LOW,2025-10-29 09:00:00+00:00,1.1623852252960205,2025-10-29 14:00:00+00:00
HIGH,2025-10-29 16:00:00+00:00,1.1668611764907837,2025-10-29 21:00:00+00:00
LOW,2025-10-29 19:00:00+00:00,1.1582117080688477,2025-10-30 00:00:00+00:00
HIGH,2025-10-30 04:00:00+00:00,1.163873314857483,2025-10-30 09:00:00+00:00
LOW,2025-10-30 13:00:00+00:00,1.1551345586776733,2025-10-30 18:00:00+00:00
HIGH,2025-10-31 09:00:00+00:00,1.158077597618103,2025-10-31 14:00:00+00:00
LOW,2025-10-31 18:00:00+00:00,1.1524720191955566,2025-11-03 01:00:00+00:00
LOW,2025-11-03 14:00:00+00:00,1.1508804559707642,2025-11-03 19:00:00+00:00
HIGH,2025-11-03 17:00:00+00:00,1.154068112373352,2025-11-03 22:00:00+00:00
LOW,2025-11-04 01:00:00+00:00,1.15035080909729,2025-11-04 06:00:00+00:00
HIGH,2025-11-04 07:00:00+00:00,1.1535356044769287,2025-11-04 12:00:00+00:00
LOW,2025-11-04 14:00:00+00:00,1.1477103233337402,2025-11-04 19:00:00+00:00
HIGH,2025-11-05 01:00:00+00:00,1.1500862836837769,2025-11-05 06:00:00+00:00
HIGH,2025-11-05 08:00:00+00:00,1.1499539613723755,2025-11-05 13:00:00+00:00
LOW,2025-11-05 14:00:00+00:00,1.147315263748169,2025-11-05 19:00:00+00:00
HIGH,2025-11-07 15:00:00+00:00,1.1592857837677002,2025-11-07 20:00:00+00:00
LOW,2025-11-10 00:00:00+00:00,1.1546010971069336,2025-11-10 05:00:00+00:00
HIGH,2025-11-10 08:00:00+00:00,1.1586142778396606,2025-11-10 13:00:00+00:00
LOW,2025-11-10 17:00:00+00:00,1.1544678211212158,2025-11-10 22:00:00+00:00
LOW,2025-11-11 01:00:00+00:00,1.1551345586776733,2025-11-11 06:00:00+00:00
HIGH,2025-11-11 13:00:00+00:00,1.1609008312225342,2025-11-11 18:00:00+00:00
LOW,2025-11-11 22:00:00+00:00,1.1575413942337036,2025-11-12 03:00:00+00:00
HIGH,2025-11-12 07:00:00+00:00,1.159151554107666,2025-11-12 12:00:00+00:00
LOW,2025-11-12 14:00:00+00:00,1.1566041707992554,2025-11-12 19:00:00+00:00
HIGH,2025-11-12 16:00:00+00:00,1.160092830657959,2025-11-12 21:00:00+00:00
HIGH,2025-11-12 22:00:00+00:00,1.1603620052337646,2025-11-13 03:00:00+00:00
HIGH,2025-11-13 09:00:00+00:00,1.1637378931045532,2025-11-13 14:00:00+00:00
HIGH,2025-11-13 17:00:00+00:00,1.1657729148864746,2025-11-13 22:00:00+00:00
LOW,2025-11-13 23:00:00+00:00,1.1626555919647217,2025-11-14 04:00:00+00:00
HIGH,2025-11-14 06:00:00+00:00,1.1652295589447021,2025-11-14 11:00:00+00:00
HIGH,2025-11-14 13:00:00+00:00,1.1656370162963867,2025-11-14 18:00:00+00:00
LOW,2025-11-14 15:00:00+00:00,1.1610356569290161,2025-11-14 20:00:00+00:00
HIGH,2025-11-18 08:00:00+00:00,1.1610356569290161,2025-11-18 13:00:00+00:00
HIGH,2025-11-18 15:00:00+00:00,1.1610356569290161,2025-11-18 20:00:00+00:00
LOW,2025-11-18 17:00:00+00:00,1.1575413942337036,2025-11-18 22:00:00+00:00
LOW,2025-11-19 02:00:00+00:00,1.1576753854751587,2025-11-19 07:00:00+00:00
HIGH,2025-11-19 07:00:00+00:00,1.1599582433700562,2025-11-19 12:00:00+00:00
HIGH,2025-11-19 13:00:00+00:00,1.1594202518463135,2025-11-19 18:00:00+00:00
LOW,2025-11-19 19:00:00+00:00,1.1522064208984375,2025-11-20 00:00:00+00:00
HIGH,2025-11-19 23:00:00+00:00,1.1544678211212158,2025-11-20 04:00:00+00:00
LOW,2025-11-20 03:00:00+00:00,1.151410460472107,2025-11-20 08:00:00+00:00
LOW,2025-11-20 12:00:00+00:00,1.151145339012146,2025-11-20 17:00:00+00:00
HIGH,2025-11-20 14:00:00+00:00,1.1552680730819702,2025-11-20 19:00:00+00:00
HIGH,2025-11-21 08:00:00+00:00,1.1555349826812744,2025-11-21 13:00:00+00:00
LOW,2025-11-21 16:00:00+00:00,1.1494252681732178,2025-11-21 21:00:00+00:00
HIGH,2025-11-21 21:00:00+00:00,1.1524720191955566,2025-11-24 03:00:00+00:00
LOW,2025-11-24 17:00:00+00:00,1.151543140411377,2025-11-24 22:00:00+00:00
LOW,2025-11-25 05:00:00+00:00,1.151543140411377,2025-11-25 10:00:00+00:00
HIGH,2025-11-25 18:00:00+00:00,1.1588828563690186,2025-11-25 23:00:00+00:00
HIGH,2025-11-26 06:00:00+00:00,1.1599582433700562,2025-11-26 11:00:00+00:00
LOW,2025-11-26 14:00:00+00:00,1.1551345586776733,2025-11-26 19:00:00+00:00
HIGH,2025-11-26 16:00:00+00:00,1.1603620052337646,2025-11-26 21:00:00+00:00
HIGH,2025-11-27 02:00:00+00:00,1.1617100238800049,2025-11-27 07:00:00+00:00
HIGH,2025-11-27 17:00:00+00:00,1.160496711730957,2025-11-27 22:00:00+00:00
LOW,2025-11-28 10:00:00+00:00,1.1559356451034546,2025-11-28 15:00:00+00:00
HIGH,2025-11-28 15:00:00+00:00,1.1610356569290161,2025-11-28 20:00:00+00:00
HIGH,2025-12-01 01:00:00+00:00,1.1618449687957764,2025-12-01 06:00:00+00:00
LOW,2025-12-01 03:00:00+00:00,1.1592857837677002,2025-12-01 08:00:00+00:00
HIGH,2025-12-01 13:00:00+00:00,1.1655012369155884,2025-12-01 18:00:00+00:00
LOW,2025-12-01 22:00:00+00:00,1.1606314182281494,2025-12-02 03:00:00+00:00
LOW,2025-12-03 08:00:00+00:00,1.163873314857483,2025-12-03 13:00:00+00:00
HIGH,2025-12-03 19:00:00+00:00,1.1680878400802612,2025-12-04 00:00:00+00:00
LOW,2025-12-04 06:00:00+00:00,1.1656370162963867,2025-12-04 11:00:00+00:00
HIGH,2025-12-04 09:00:00+00:00,1.168770432472229,2025-12-04 14:00:00+00:00
HIGH,2025-12-05 07:00:00+00:00,1.1675423383712769,2025-12-05 12:00:00+00:00
LOW,2025-12-05 16:00:00+00:00,1.1631964445114136,2025-12-05 21:00:00+00:00
HIGH,2025-12-08 06:00:00+00:00,1.1674060821533203,2025-12-08 11:00:00+00:00
LOW,2025-12-08 16:00:00+00:00,1.1619800329208374,2025-12-08 21:00:00+00:00
HIGH,2025-12-09 02:00:00+00:00,1.1655012369155884,2025-12-09 07:00:00+00:00
HIGH,2025-12-09 09:00:00+00:00,1.1659088134765625,2025-12-09 14:00:00+00:00
LOW,2025-12-09 15:00:00+00:00,1.1619800329208374,2025-12-09 20:00:00+00:00
LOW,2025-12-10 03:00:00+00:00,1.162520408630371,2025-12-10 08:00:00+00:00
HIGH,2025-12-10 08:00:00+00:00,1.16604483127594,2025-12-10 13:00:00+00:00
LOW,2025-12-11 06:00:00+00:00,1.1686338186264038,2025-12-11 11:00:00+00:00
HIGH,2025-12-11 17:00:00+00:00,1.1764705181121826,2025-12-11 22:00:00+00:00
HIGH,2025-12-12 07:00:00+00:00,1.1746740341186523,2025-12-12 12:00:00+00:00
LOW,2025-12-12 12:00:00+00:00,1.172333002090454,2025-12-12 17:00:00+00:00
HIGH,2025-12-12 18:00:00+00:00,1.175364375114441,2025-12-15 00:00:00+00:00
LOW,2025-12-15 00:00:00+00:00,1.1731581687927246,2025-12-15 05:00:00+00:00
LOW,2025-12-15 08:00:00+00:00,1.1730204820632935,2025-12-15 13:00:00+00:00
HIGH,2025-12-15 15:00:00+00:00,1.177163004875183,2025-12-15 20:00:00+00:00
LOW,2025-12-16 07:00:00+00:00,1.1749500036239624,2025-12-16 12:00:00+00:00
HIGH,2025-12-16 15:00:00+00:00,1.1806375980377197,2025-12-16 20:00:00+00:00
LOW,2025-12-16 19:00:00+00:00,1.1743981838226318,2025-12-17 00:00:00+00:00
LOW,2025-12-17 07:00:00+00:00,1.170823097229004,2025-12-17 12:00:00+00:00
HIGH,2025-12-17 15:00:00+00:00,1.1760554313659668,2025-12-17 20:00:00+00:00
HIGH,2025-12-18 07:00:00+00:00,1.1752262115478516,2025-12-18 12:00:00+00:00
HIGH,2025-12-18 13:00:00+00:00,1.1763322353363037,2025-12-18 18:00:00+00:00
LOW,2025-12-19 07:00:00+00:00,1.170823097229004,2025-12-19 12:00:00+00:00
LOW,2025-12-19 13:00:00+00:00,1.1706860065460205,2025-12-19 18:00:00+00:00
HIGH,2025-12-19 14:00:00+00:00,1.1741223335266113,2025-12-19 19:00:00+00:00
LOW,2025-12-19 21:00:00+00:00,1.1710972785949707,2025-12-22 03:00:00+00:00
HIGH,2025-12-22 15:00:00+00:00,1.1773016452789307,2025-12-22 20:00:00+00:00
HIGH,2025-12-23 12:00:00+00:00,1.1804981231689453,2025-12-23 17:00:00+00:00
LOW,2025-12-23 15:00:00+00:00,1.176885962486267,2025-12-23 20:00:00+00:00
HIGH,2025-12-23 22:00:00+00:00,1.1816140413284302,2025-12-24 03:00:00+00:00
LOW,2025-12-24 08:00:00+00:00,1.1784114837646484,2025-12-24 13:00:00+00:00
HIGH,2025-12-25 00:00:00+00:00,1.1795234680175781,2025-12-25 05:00:00+00:00
HIGH,2025-12-25 07:00:00+00:00,1.1798018217086792,2025-12-26 01:00:00+00:00
HIGH,2025-12-26 02:00:00+00:00,1.1796625852584839,2025-12-26 07:00:00+00:00
LOW,2025-12-26 08:00:00+00:00,1.177024483680725,2025-12-26 13:00:00+00:00
HIGH,2025-12-26 13:00:00+00:00,1.179940938949585,2025-12-26 18:00:00+00:00
LOW,2025-12-26 17:00:00+00:00,1.1764705181121826,2025-12-26 22:00:00+00:00
HIGH,2025-12-29 01:00:00+00:00,1.1789672374725342,2025-12-29 06:00:00+00:00
HIGH,2025-12-29 08:00:00+00:00,1.1792453527450562,2025-12-29 13:00:00+00:00
HIGH,2025-12-29 14:00:00+00:00,1.1792453527450562,2025-12-29 19:00:00+00:00
LOW,2025-12-29 17:00:00+00:00,1.175364375114441,2025-12-29 22:00:00+00:00
HIGH,2025-12-31 12:00:00+00:00,1.1761938333511353,2025-12-31 17:00:00+00:00
LOW,2025-12-31 15:00:00+00:00,1.1724703311920166,2025-12-31 20:00:00+00:00
LOW,2026-01-01 22:00:00+00:00,1.1742602586746216,2026-01-02 03:00:00+00:00
LOW,2026-01-02 10:00:00+00:00,1.1716461181640625,2026-01-02 15:00:00+00:00
LOW,2026-01-05 03:00:00+00:00,1.1675423383712769,2026-01-05 08:00:00+00:00
HIGH,2026-01-05 08:00:00+00:00,1.1697274446487427,2026-01-05 13:00:00+00:00
LOW,2026-01-05 13:00:00+00:00,1.1663167476654053,2026-01-05 18:00:00+00:00
LOW,2026-01-06 00:00:00+00:00,1.1713716983795166,2026-01-06 05:00:00+00:00
HIGH,2026-01-06 07:00:00+00:00,1.1748120784759521,2026-01-06 12:00:00+00:00
LOW,2026-01-06 22:00:00+00:00,1.1686338186264038,2026-01-07 03:00:00+00:00
LOW,2026-01-07 08:00:00+00:00,1.1676785945892334,2026-01-07 13:00:00+00:00
LOW,2026-01-08 19:00:00+00:00,1.1645511388778687,2026-01-09 00:00:00+00:00
HIGH,2026-01-08 22:00:00+00:00,1.1668611764907837,2026-01-09 03:00:00+00:00
HIGH,2026-01-09 13:00:00+00:00,1.1663167476654053,2026-01-09 18:00:00+00:00
LOW,2026-01-09 15:00:00+00:00,1.16225004196167,2026-01-09 20:00:00+00:00
LOW,2026-01-12 00:00:00+00:00,1.1626555919647217,2026-01-12 05:00:00+00:00
HIGH,2026-01-12 13:00:00+00:00,1.1701380014419556,2026-01-12 18:00:00+00:00
LOW,2026-01-13 06:00:00+00:00,1.1657729148864746,2026-01-13 11:00:00+00:00
HIGH,2026-01-13 13:00:00+00:00,1.1680878400802612,2026-01-13 18:00:00+00:00
LOW,2026-01-13 16:00:00+00:00,1.163873314857483,2026-01-13 21:00:00+00:00
HIGH,2026-01-14 16:00:00+00:00,1.1664528846740723,2026-01-14 21:00:00+00:00
HIGH,2026-01-15 10:00:00+00:00,1.1644154787063599,2026-01-15 15:00:00+00:00
LOW,2026-01-15 14:00:00+00:00,1.15968918800354,2026-01-15 19:00:00+00:00
HIGH,2026-01-15 19:00:00+00:00,1.1621150970458984,2026-01-16 00:00:00+00:00
HIGH,2026-01-16 15:00:00+00:00,1.1629259586334229,2026-01-16 20:00:00+00:00
HIGH,2026-01-19 00:00:00+00:00,1.1641442775726318,2026-01-19 05:00:00+00:00
HIGH,2026-01-19 07:00:00+00:00,1.1644154787063599,2026-01-19 12:00:00+00:00
LOW,2026-01-19 09:00:00+00:00,1.161440134048462,2026-01-19 14:00:00+00:00
LOW,2026-01-20 00:00:00+00:00,1.163602590560913,2026-01-20 05:00:00+00:00
HIGH,2026-01-20 13:00:00+00:00,1.177024483680725,2026-01-20 18:00:00+00:00
HIGH,2026-01-21 01:00:00+00:00,1.1737089157104492,2026-01-21 06:00:00+00:00
HIGH,2026-01-21 13:00:00+00:00,1.1745359897613525,2026-01-21 18:00:00+00:00
LOW,2026-01-21 23:00:00+00:00,1.1675423383712769,2026-01-22 04:00:00+00:00
HIGH,2026-01-22 23:00:00+00:00,1.1764705181121826,2026-01-23 04:00:00+00:00
HIGH,2026-01-23 06:00:00+00:00,1.1757789850234985,2026-01-23 11:00:00+00:00
LOW,2026-01-23 08:00:00+00:00,1.1731581687927246,2026-01-23 13:00:00+00:00
HIGH,2026-01-26 02:00:00+00:00,1.187930703163147,2026-01-26 07:00:00+00:00
LOW,2026-01-26 13:00:00+00:00,1.1839923858642578,2026-01-26 18:00:00+00:00
HIGH,2026-01-26 16:00:00+00:00,1.1906179189682007,2026-01-26 21:00:00+00:00
HIGH,2026-01-27 02:00:00+00:00,1.190334439277649,2026-01-27 07:00:00+00:00
LOW,2026-01-27 08:00:00+00:00,1.1855363845825195,2026-01-27 13:00:00+00:00
HIGH,2026-01-27 20:00:00+00:00,1.2084592580795288,2026-01-28 01:00:00+00:00
HIGH,2026-01-28 07:00:00+00:00,1.2029350996017456,2026-01-28 12:00:00+00:00
LOW,2026-01-28 19:00:00+00:00,1.1906179189682007,2026-01-29 00:00:00+00:00
HIGH,2026-01-29 07:00:00+00:00,1.1997599601745605,2026-01-29 12:00:00+00:00
LOW,2026-01-29 15:00:00+00:00,1.1911852359771729,2026-01-29 20:00:00+00:00
HIGH,2026-01-29 22:00:00+00:00,1.1983222961425781,2026-01-30 03:00:00+00:00
LOW,2026-01-30 02:00:00+00:00,1.18990957736969,2026-01-30 07:00:00+00:00
LOW,2026-01-30 09:00:00+00:00,1.190334439277649,2026-01-30 14:00:00+00:00
HIGH,2026-01-30 12:00:00+00:00,1.1958861351013184,2026-01-30 17:00:00+00:00
LOW,2026-02-02 05:00:00+00:00,1.1845533847808838,2026-02-02 10:00:00+00:00
HIGH,2026-02-02 11:00:00+00:00,1.1875073909759521,2026-02-02 16:00:00+00:00
LOW,2026-02-02 19:00:00+00:00,1.177994966506958,2026-02-03 00:00:00+00:00
HIGH,2026-02-03 07:00:00+00:00,1.182732105255127,2026-02-03 12:00:00+00:00
LOW,2026-02-03 14:00:00+00:00,1.1784114837646484,2026-02-03 19:00:00+00:00
HIGH,2026-02-03 17:00:00+00:00,1.1831519603729248,2026-02-03 22:00:00+00:00
HIGH,2026-02-04 08:00:00+00:00,1.1841325759887695,2026-02-04 13:00:00+00:00
LOW,2026-02-04 16:00:00+00:00,1.1795234680175781,2026-02-04 21:00:00+00:00
HIGH,2026-02-04 22:00:00+00:00,1.1821727752685547,2026-02-05 03:00:00+00:00
HIGH,2026-02-05 14:00:00+00:00,1.1824523210525513,2026-02-05 19:00:00+00:00
LOW,2026-02-06 00:00:00+00:00,1.177024483680725,2026-02-06 05:00:00+00:00
HIGH,2026-02-06 06:00:00+00:00,1.1804981231689453,2026-02-06 11:00:00+00:00
LOW,2026-02-06 11:00:00+00:00,1.1789672374725342,2026-02-06 16:00:00+00:00
HIGH,2026-02-06 14:00:00+00:00,1.1828720569610596,2026-02-06 19:00:00+00:00
HIGH,2026-02-09 15:00:00+00:00,1.1928904056549072,2026-02-09 20:00:00+00:00
LOW,2026-02-10 01:00:00+00:00,1.1900511980056763,2026-02-10 06:00:00+00:00
LOW,2026-02-10 13:00:00+00:00,1.1893434524536133,2026-02-10 18:00:00+00:00
HIGH,2026-02-10 14:00:00+00:00,1.1930327415466309,2026-02-10 19:00:00+00:00
LOW,2026-02-10 22:00:00+00:00,1.1884952783584595,2026-02-11 03:00:00+00:00
HIGH,2026-02-11 10:00:00+00:00,1.1930327415466309,2026-02-11 15:00:00+00:00
LOW,2026-02-11 13:00:00+00:00,1.1841325759887695,2026-02-11 18:00:00+00:00
HIGH,2026-02-12 02:00:00+00:00,1.1887779235839844,2026-02-12 07:00:00+00:00
LOW,2026-02-12 06:00:00+00:00,1.1856770515441895,2026-02-12 11:00:00+00:00
HIGH,2026-02-12 16:00:00+00:00,1.1893434524536133,2026-02-12 21:00:00+00:00
LOW,2026-02-12 18:00:00+00:00,1.1860989332199097,2026-02-12 23:00:00+00:00
HIGH,2026-02-12 22:00:00+00:00,1.1883541345596313,2026-02-13 03:00:00+00:00
LOW,2026-02-13 07:00:00+00:00,1.1851149797439575,2026-02-13 12:00:00+00:00
HIGH,2026-02-13 17:00:00+00:00,1.1886366605758667,2026-02-13 22:00:00+00:00
LOW,2026-02-16 01:00:00+00:00,1.186380386352539,2026-02-16 06:00:00+00:00
HIGH,2026-02-16 22:00:00+00:00,1.1859582662582397,2026-02-17 03:00:00+00:00
HIGH,2026-02-17 09:00:00+00:00,1.1852554082870483,2026-02-17 14:00:00+00:00
LOW,2026-02-17 15:00:00+00:00,1.1809163093566895,2026-02-17 20:00:00+00:00
HIGH,2026-02-17 23:00:00+00:00,1.1860989332199097,2026-02-18 04:00:00+00:00
HIGH,2026-02-18 13:00:00+00:00,1.1852554082870483,2026-02-18 18:00:00+00:00
LOW,2026-02-18 22:00:00+00:00,1.1784114837646484,2026-02-19 03:00:00+00:00
HIGH,2026-02-19 09:00:00+00:00,1.1810559034347534,2026-02-19 14:00:00+00:00
LOW,2026-02-19 14:00:00+00:00,1.1745359897613525,2026-02-19 19:00:00+00:00
HIGH,2026-02-19 21:00:00+00:00,1.1781338453292847,2026-02-20 02:00:00+00:00
LOW,2026-02-20 08:00:00+00:00,1.1748120784759521,2026-02-20 13:00:00+00:00
HIGH,2026-02-20 15:00:00+00:00,1.1809163093566895,2026-02-20 20:00:00+00:00
HIGH,2026-02-23 00:00:00+00:00,1.183712124824524,2026-02-23 05:00:00+00:00
HIGH,2026-02-23 06:00:00+00:00,1.183712124824524,2026-02-23 11:00:00+00:00
LOW,2026-02-23 12:00:00+00:00,1.1778563261032104,2026-02-23 17:00:00+00:00
HIGH,2026-02-23 15:00:00+00:00,1.1813349723815918,2026-02-23 20:00:00+00:00
LOW,2026-02-24 04:00:00+00:00,1.177163004875183,2026-02-24 09:00:00+00:00
HIGH,2026-02-24 09:00:00+00:00,1.1796625852584839,2026-02-24 14:00:00+00:00
LOW,2026-02-24 15:00:00+00:00,1.177024483680725,2026-02-24 20:00:00+00:00
HIGH,2026-02-24 16:00:00+00:00,1.1793843507766724,2026-02-24 21:00:00+00:00
LOW,2026-02-24 22:00:00+00:00,1.1773016452789307,2026-02-25 03:00:00+00:00
HIGH,2026-02-25 07:00:00+00:00,1.1810559034347534,2026-02-25 12:00:00+00:00
LOW,2026-02-25 11:00:00+00:00,1.1774401664733887,2026-02-25 16:00:00+00:00
HIGH,2026-02-26 01:00:00+00:00,1.1832919120788574,2026-02-26 06:00:00+00:00
HIGH,2026-02-26 13:00:00+00:00,1.1820330619812012,2026-02-26 18:00:00+00:00
LOW,2026-02-26 17:00:00+00:00,1.1777175664901733,2026-02-26 22:00:00+00:00
HIGH,2026-02-27 08:00:00+00:00,1.1824523210525513,2026-02-27 13:00:00+00:00
HIGH,2026-02-27 17:00:00+00:00,1.1830118894577026,2026-02-27 22:00:00+00:00
LOW,2026-03-02 00:00:00+00:00,1.1761938333511353,2026-03-02 05:00:00+00:00
LOW,2026-03-02 16:00:00+00:00,1.1675423383712769,2026-03-02 21:00:00+00:00
LOW,2026-03-03 15:00:00+00:00,1.1535356044769287,2026-03-03 20:00:00+00:00
HIGH,2026-03-03 19:00:00+00:00,1.1627906560897827,2026-03-04 00:00:00+00:00
LOW,2026-03-04 01:00:00+00:00,1.1579434871673584,2026-03-04 06:00:00+00:00
HIGH,2026-03-04 11:00:00+00:00,1.1657729148864746,2026-03-04 16:00:00+00:00
LOW,2026-03-05 08:00:00+00:00,1.1586142778396606,2026-03-05 13:00:00+00:00
HIGH,2026-03-05 09:00:00+00:00,1.1642799377441406,2026-03-05 14:00:00+00:00
LOW,2026-03-05 16:00:00+00:00,1.156336784362793,2026-03-05 21:00:00+00:00
LOW,2026-03-06 14:00:00+00:00,1.1551345586776733,2026-03-06 19:00:00+00:00
HIGH,2026-03-06 22:00:00+00:00,1.162520408630371,2026-03-09 04:00:00+00:00
LOW,2026-03-09 01:00:00+00:00,1.151145339012146,2026-03-09 06:00:00+00:00
HIGH,2026-03-09 22:00:00+00:00,1.1648223400115967,2026-03-10 03:00:00+00:00
LOW,2026-03-10 04:00:00+00:00,1.1610356569290161,2026-03-10 09:00:00+00:00
HIGH,2026-03-10 07:00:00+00:00,1.1665889024734497,2026-03-10 12:00:00+00:00
HIGH,2026-03-10 17:00:00+00:00,1.1669973134994507,2026-03-10 22:00:00+00:00
LOW,2026-03-10 22:00:00+00:00,1.1606314182281494,2026-03-11 03:00:00+00:00
HIGH,2026-03-11 07:00:00+00:00,1.1644154787063599,2026-03-11 12:00:00+00:00
LOW,2026-03-12 04:00:00+00:00,1.1535356044769287,2026-03-12 09:00:00+00:00
HIGH,2026-03-12 11:00:00+00:00,1.1568717956542969,2026-03-12 16:00:00+00:00
LOW,2026-03-12 21:00:00+00:00,1.151145339012146,2026-03-13 02:00:00+00:00
HIGH,2026-03-13 01:00:00+00:00,1.1532695293426514,2026-03-13 06:00:00+00:00
LOW,2026-03-13 08:00:00+00:00,1.1436413526535034,2026-03-13 13:00:00+00:00
HIGH,2026-03-13 13:00:00+00:00,1.1491611003875732,2026-03-13 18:00:00+00:00
LOW,2026-03-13 20:00:00+00:00,1.141422152519226,2026-03-16 03:00:00+00:00
LOW,2026-03-16 07:00:00+00:00,1.1419435739517212,2026-03-16 12:00:00+00:00
HIGH,2026-03-16 19:00:00+00:00,1.1527377367019653,2026-03-17 00:00:00+00:00
LOW,2026-03-17 06:00:00+00:00,1.1470520496368408,2026-03-17 11:00:00+00:00
HIGH,2026-03-17 18:00:00+00:00,1.1551345586776733,2026-03-17 23:00:00+00:00
HIGH,2026-03-18 11:00:00+00:00,1.1556684970855713,2026-03-18 16:00:00+00:00
LOW,2026-03-18 21:00:00+00:00,1.145213007926941,2026-03-19 02:00:00+00:00
HIGH,2026-03-19 02:00:00+00:00,1.1492931842803955,2026-03-19 07:00:00+00:00
LOW,2026-03-19 08:00:00+00:00,1.144688606262207,2026-03-19 13:00:00+00:00
HIGH,2026-03-19 19:00:00+00:00,1.1618449687957764,2026-03-20 00:00:00+00:00
LOW,2026-03-20 14:00:00+00:00,1.1527377367019653,2026-03-20 19:00:00+00:00
LOW,2026-03-23 10:00:00+00:00,1.1488970518112183,2026-03-23 15:00:00+00:00
HIGH,2026-03-23 14:00:00+00:00,1.1642799377441406,2026-03-23 19:00:00+00:00
HIGH,2026-03-24 07:00:00+00:00,1.1618449687957764,2026-03-24 12:00:00+00:00
HIGH,2026-03-24 14:00:00+00:00,1.1606314182281494,2026-03-24 19:00:00+00:00
LOW,2026-03-24 17:00:00+00:00,1.156336784362793,2026-03-24 22:00:00+00:00
HIGH,2026-03-25 00:00:00+00:00,1.1633317470550537,2026-03-25 05:00:00+00:00
HIGH,2026-03-25 08:00:00+00:00,1.1618449687957764,2026-03-25 13:00:00+00:00
LOW,2026-03-26 00:00:00+00:00,1.1558021306991577,2026-03-26 05:00:00+00:00
HIGH,2026-03-26 04:00:00+00:00,1.1575413942337036,2026-03-26 09:00:00+00:00
HIGH,2026-03-26 20:00:00+00:00,1.1560693979263306,2026-03-27 01:00:00+00:00
HIGH,2026-03-27 05:00:00+00:00,1.1548677682876587,2026-03-27 10:00:00+00:00
LOW,2026-03-27 12:00:00+00:00,1.150483250617981,2026-03-27 17:00:00+00:00
HIGH,2026-03-27 15:00:00+00:00,1.155001163482666,2026-03-27 20:00:00+00:00
LOW,2026-03-30 00:00:00+01:00,1.1491611003875732,2026-03-30 05:00:00+01:00
HIGH,2026-03-30 05:00:00+01:00,1.1524720191955566,2026-03-30 10:00:00+01:00
LOW,2026-03-30 16:00:00+01:00,1.144819736480713,2026-03-30 21:00:00+01:00
LOW,2026-03-31 01:00:00+01:00,1.145213007926941,2026-03-31 06:00:00+01:00
HIGH,2026-03-31 02:00:00+01:00,1.1492931842803955,2026-03-31 07:00:00+01:00
HIGH,2026-04-01 01:00:00+01:00,1.1582117080688477,2026-04-01 06:00:00+01:00
HIGH,2026-04-01 15:00:00+01:00,1.163061261177063,2026-04-01 20:00:00+01:00
LOW,2026-04-01 20:00:00+01:00,1.158077597618103,2026-04-02 01:00:00+01:00
HIGH,2026-04-02 02:00:00+01:00,1.1606314182281494,2026-04-02 07:00:00+01:00
LOW,2026-04-02 12:00:00+01:00,1.1512778997421265,2026-04-02 17:00:00+01:00
HIGH,2026-04-02 16:00:00+01:00,1.1560693979263306,2026-04-02 21:00:00+01:00
LOW,2026-04-03 06:00:00+01:00,1.1532695293426514,2026-04-03 11:00:00+01:00
HIGH,2026-04-03 11:00:00+01:00,1.1551345586776733,2026-04-03 16:00:00+01:00
HIGH,2026-04-03 21:00:00+01:00,1.1532695293426514,2026-04-06 03:00:00+01:00
LOW,2026-04-06 02:00:00+01:00,1.151012897491455,2026-04-06 07:00:00+01:00
HIGH,2026-04-06 08:00:00+01:00,1.157139539718628,2026-04-06 13:00:00+01:00
HIGH,2026-04-06 15:00:00+01:00,1.157273530960083,2026-04-06 20:00:00+01:00
LOW,2026-04-06 18:00:00+01:00,1.1538017988204956,2026-04-06 23:00:00+01:00
LOW,2026-04-07 03:00:00+01:00,1.1528706550598145,2026-04-07 08:00:00+01:00
HIGH,2026-04-08 14:00:00+01:00,1.1724703311920166,2026-04-08 19:00:00+01:00
LOW,2026-04-08 20:00:00+01:00,1.164958119392395,2026-04-09 01:00:00+01:00
LOW,2026-04-09 02:00:00+01:00,1.1653653383255005,2026-04-09 07:00:00+01:00
HIGH,2026-04-09 18:00:00+01:00,1.1726078987121582,2026-04-09 23:00:00+01:00
LOW,2026-04-10 01:00:00+01:00,1.1689070463180542,2026-04-10 06:00:00+01:00
LOW,2026-04-10 09:00:00+01:00,1.1680878400802612,2026-04-10 14:00:00+01:00
LOW,2026-04-13 00:00:00+01:00,1.1667250394821167,2026-04-13 05:00:00+01:00
LOW,2026-04-13 07:00:00+01:00,1.1682243347167969,2026-04-13 12:00:00+01:00
LOW,2026-04-13 13:00:00+01:00,1.1684973239898682,2026-04-13 18:00:00+01:00
HIGH,2026-04-14 15:00:00+01:00,1.1813349723815918,2026-04-14 20:00:00+01:00
LOW,2026-04-14 16:00:00+01:00,1.1791062355041504,2026-04-14 21:00:00+01:00
HIGH,2026-04-15 00:00:00+01:00,1.18035888671875,2026-04-15 05:00:00+01:00
LOW,2026-04-15 03:00:00+01:00,1.1782727241516113,2026-04-15 08:00:00+01:00
HIGH,2026-04-15 07:00:00+01:00,1.1802195310592651,2026-04-15 12:00:00+01:00
HIGH,2026-04-15 16:00:00+01:00,1.1810559034347534,2026-04-15 21:00:00+01:00
HIGH,2026-04-16 04:00:00+01:00,1.182732105255127,2026-04-16 09:00:00+01:00
HIGH,2026-04-16 23:00:00+01:00,1.1791062355041504,2026-04-17 04:00:00+01:00
HIGH,2026-04-17 14:00:00+01:00,1.1852554082870483,2026-04-17 19:00:00+01:00
LOW,2026-04-20 00:00:00+01:00,1.1739845275878906,2026-04-20 05:00:00+01:00
HIGH,2026-04-21 15:00:00+01:00,1.1778563261032104,2026-04-21 20:00:00+01:00
HIGH,2026-04-22 06:00:00+01:00,1.1764705181121826,2026-04-22 11:00:00+01:00
HIGH,2026-04-23 01:00:00+01:00,1.1716461181640625,2026-04-23 06:00:00+01:00
LOW,2026-04-23 12:00:00+01:00,1.1682243347167969,2026-04-23 17:00:00+01:00
HIGH,2026-04-23 15:00:00+01:00,1.1719207763671875,2026-04-23 20:00:00+01:00
LOW,2026-04-23 18:00:00+01:00,1.1674060821533203,2026-04-23 23:00:00+01:00
LOW,2026-04-24 04:00:00+01:00,1.1676785945892334,2026-04-24 09:00:00+01:00
HIGH,2026-04-28 01:00:00+01:00,1.1730204820632935,2026-04-28 06:00:00+01:00
LOW,2026-04-28 13:00:00+01:00,1.1682243347167969,2026-04-28 18:00:00+01:00
HIGH,2026-04-29 01:00:00+01:00,1.1724703311920166,2026-04-29 06:00:00+01:00
HIGH,2026-04-29 12:00:00+01:00,1.1712344884872437,2026-04-29 17:00:00+01:00
LOW,2026-04-29 19:00:00+01:00,1.1667250394821167,2026-04-30 00:00:00+01:00
HIGH,2026-04-30 01:00:00+01:00,1.1693171262741089,2026-04-30 06:00:00+01:00
LOW,2026-04-30 05:00:00+01:00,1.1659088134765625,2026-04-30 10:00:00+01:00
LOW,2026-05-01 07:00:00+01:00,1.172333002090454,2026-05-01 12:00:00+01:00
HIGH,2026-05-01 15:00:00+01:00,1.178828239440918,2026-05-01 20:00:00+01:00
HIGH,2026-05-04 07:00:00+01:00,1.1739845275878906,2026-05-04 12:00:00+01:00
LOW,2026-05-04 11:00:00+01:00,1.1693171262741089,2026-05-04 16:00:00+01:00
LOW,2026-05-04 17:00:00+01:00,1.1684973239898682,2026-05-04 22:00:00+01:00
LOW,2026-05-05 06:00:00+01:00,1.1679514646530151,2026-05-05 11:00:00+01:00
HIGH,2026-05-05 16:00:00+01:00,1.1716461181640625,2026-05-05 21:00:00+01:00
LOW,2026-05-05 22:00:00+01:00,1.1689070463180542,2026-05-06 03:00:00+01:00
HIGH,2026-05-06 11:00:00+01:00,1.179940938949585,2026-05-06 16:00:00+01:00
LOW,2026-05-06 18:00:00+01:00,1.1746740341186523,2026-05-06 23:00:00+01:00
HIGH,2026-05-07 02:00:00+01:00,1.1766090393066406,2026-05-07 07:00:00+01:00
LOW,2026-05-07 21:00:00+01:00,1.1727453470230103,2026-05-08 02:00:00+01:00
HIGH,2026-05-08 14:00:00+01:00,1.1789672374725342,2026-05-08 19:00:00+01:00
HIGH,2026-05-08 21:00:00+01:00,1.1791062355041504,2026-05-11 03:00:00+01:00
LOW,2026-05-11 06:00:00+01:00,1.1752262115478516,2026-05-11 11:00:00+01:00
LOW,2026-05-12 16:00:00+01:00,1.1727453470230103,2026-05-12 21:00:00+01:00
HIGH,2026-05-12 20:00:00+01:00,1.1749500036239624,2026-05-13 01:00:00+01:00
LOW,2026-05-13 10:00:00+01:00,1.1700011491775513,2026-05-13 15:00:00+01:00
HIGH,2026-05-14 07:00:00+01:00,1.1724703311920166,2026-05-14 12:00:00+01:00
LOW,2026-05-15 10:00:00+01:00,1.1621150970458984,2026-05-15 15:00:00+01:00
HIGH,2026-05-15 11:00:00+01:00,1.1657729148864746,2026-05-15 16:00:00+01:00
HIGH,2026-05-18 13:00:00+01:00,1.16604483127594,2026-05-18 18:00:00+01:00
LOW,2026-05-18 20:00:00+01:00,1.1633317470550537,2026-05-19 01:00:00+01:00
LOW,2026-05-19 16:00:00+01:00,1.15968918800354,2026-05-19 21:00:00+01:00
LOW,2026-05-20 09:00:00+01:00,1.1587486267089844,2026-05-20 14:00:00+01:00
LOW,2026-05-20 15:00:00+01:00,1.1586142778396606,2026-05-20 20:00:00+01:00
HIGH,2026-05-20 16:00:00+01:00,1.164686679840088,2026-05-20 21:00:00+01:00
HIGH,2026-05-21 02:00:00+01:00,1.163873314857483,2026-05-21 07:00:00+01:00
HIGH,2026-05-21 09:00:00+01:00,1.1637378931045532,2026-05-21 14:00:00+01:00
LOW,2026-05-21 14:00:00+01:00,1.1582117080688477,2026-05-21 19:00:00+01:00
LOW,2026-05-22 15:00:00+01:00,1.1592857837677002,2026-05-22 20:00:00+01:00
HIGH,2026-05-25 01:00:00+01:00,1.1650937795639038,2026-05-25 06:00:00+01:00
LOW,2026-05-25 08:00:00+01:00,1.1634671688079834,2026-05-25 13:00:00+01:00
HIGH,2026-05-25 13:00:00+01:00,1.1655012369155884,2026-05-25 18:00:00+01:00
HIGH,2026-05-25 22:00:00+01:00,1.1650937795639038,2026-05-26 03:00:00+01:00
HIGH,2026-05-26 12:00:00+01:00,1.1648223400115967,2026-05-26 17:00:00+01:00
LOW,2026-05-26 16:00:00+01:00,1.1621150970458984,2026-05-26 21:00:00+01:00
HIGH,2026-05-27 13:00:00+01:00,1.1664528846740723,2026-05-27 18:00:00+01:00
LOW,2026-05-27 18:00:00+01:00,1.162520408630371,2026-05-27 23:00:00+01:00
HIGH,2026-05-27 22:00:00+01:00,1.1640088558197021,2026-05-28 03:00:00+01:00
LOW,2026-05-28 05:00:00+01:00,1.1590172052383423,2026-05-28 10:00:00+01:00
HIGH,2026-05-28 17:00:00+01:00,1.1663167476654053,2026-05-28 22:00:00+01:00
HIGH,2026-05-29 02:00:00+01:00,1.16604483127594,2026-05-29 07:00:00+01:00
LOW,2026-05-29 09:00:00+01:00,1.1629259586334229,2026-05-29 14:00:00+01:00
HIGH,2026-05-29 16:00:00+01:00,1.168770432472229,2026-05-29 21:00:00+01:00
HIGH,2026-06-01 07:00:00+01:00,1.1668611764907837,2026-06-01 12:00:00+01:00
LOW,2026-06-01 15:00:00+01:00,1.1610356569290161,2026-06-01 20:00:00+01:00
HIGH,2026-06-01 22:00:00+01:00,1.1644154787063599,2026-06-02 03:00:00+01:00
LOW,2026-06-02 02:00:00+01:00,1.1631964445114136,2026-06-02 07:00:00+01:00
HIGH,2026-06-02 13:00:00+01:00,1.1659088134765625,2026-06-02 18:00:00+01:00
LOW,2026-06-02 19:00:00+01:00,1.1617100238800049,2026-06-03 00:00:00+01:00
LOW,2026-06-03 23:00:00+01:00,1.1598236560821533,2026-06-04 04:00:00+01:00
HIGH,2026-06-04 01:00:00+01:00,1.1615750789642334,2026-06-04 06:00:00+01:00
LOW,2026-06-04 08:00:00+01:00,1.1602274179458618,2026-06-04 13:00:00+01:00
LOW,2026-06-04 21:00:00+01:00,1.161170482635498,2026-06-05 02:00:00+01:00
LOW,2026-06-08 02:00:00+01:00,1.151543140411377,2026-06-08 07:00:00+01:00
HIGH,2026-06-08 06:00:00+01:00,1.154334545135498,2026-06-08 11:00:00+01:00
LOW,2026-06-08 10:00:00+01:00,1.15035080909729,2026-06-08 15:00:00+01:00
HIGH,2026-06-08 14:00:00+01:00,1.1558021306991577,2026-06-08 19:00:00+01:00
HIGH,2026-06-09 14:00:00+01:00,1.158077597618103,2026-06-09 19:00:00+01:00
LOW,2026-06-09 17:00:00+01:00,1.1532695293426514,2026-06-09 22:00:00+01:00
LOW,2026-06-10 01:00:00+01:00,1.1536686420440674,2026-06-10 06:00:00+01:00
HIGH,2026-06-10 14:00:00+01:00,1.1575413942337036,2026-06-10 19:00:00+01:00
LOW,2026-06-11 00:00:00+01:00,1.1530035734176636,2026-06-11 05:00:00+01:00
HIGH,2026-06-11 02:00:00+01:00,1.1559356451034546,2026-06-11 07:00:00+01:00
HIGH,2026-06-11 08:00:00+01:00,1.1558021306991577,2026-06-11 13:00:00+01:00
LOW,2026-06-11 18:00:00+01:00,1.1506155729293823,2026-06-11 23:00:00+01:00
LOW,2026-06-12 08:00:00+01:00,1.1560693979263306,2026-06-12 13:00:00+01:00
HIGH,2026-06-12 10:00:00+01:00,1.1592857837677002,2026-06-12 15:00:00+01:00
LOW,2026-06-12 21:00:00+01:00,1.1570056676864624,2026-06-15 03:00:00+01:00
HIGH,2026-06-15 06:00:00+01:00,1.1623852252960205,2026-06-15 11:00:00+01:00
LOW,2026-06-15 09:00:00+01:00,1.160092830657959,2026-06-15 14:00:00+01:00
HIGH,2026-06-15 14:00:00+01:00,1.1623852252960205,2026-06-15 19:00:00+01:00
LOW,2026-06-15 21:00:00+01:00,1.1587486267089844,2026-06-16 02:00:00+01:00
LOW,2026-06-16 07:00:00+01:00,1.1578094959259033,2026-06-16 12:00:00+01:00
LOW,2026-06-16 15:00:00+01:00,1.159151554107666,2026-06-16 20:00:00+01:00
HIGH,2026-06-16 17:00:00+01:00,1.16225004196167,2026-06-16 22:00:00+01:00
LOW,2026-06-17 20:00:00+01:00,1.1482374668121338,2026-06-18 01:00:00+01:00
HIGH,2026-06-18 07:00:00+01:00,1.1531364917755127,2026-06-18 12:00:00+01:00
LOW,2026-06-19 06:00:00+01:00,1.1422044038772583,2026-06-19 11:00:00+01:00
HIGH,2026-06-22 22:00:00+01:00,1.1437721252441406,2026-06-23 03:00:00+01:00
HIGH,2026-06-23 08:00:00+01:00,1.144164800643921,2026-06-23 13:00:00+01:00
HIGH,2026-06-23 22:00:00+01:00,1.1389521360397339,2026-06-24 03:00:00+01:00
HIGH,2026-06-24 17:00:00+01:00,1.1370097398757935,2026-06-24 22:00:00+01:00
LOW,2026-06-25 01:00:00+01:00,1.1352026462554932,2026-06-25 06:00:00+01:00
LOW,2026-06-25 12:00:00+01:00,1.1336582899093628,2026-06-25 17:00:00+01:00
HIGH,2026-06-25 16:00:00+01:00,1.1390818357467651,2026-06-25 21:00:00+01:00
LOW,2026-06-26 03:00:00+01:00,1.1357183456420898,2026-06-26 08:00:00+01:00
HIGH,2026-06-26 13:00:00+01:00,1.143379807472229,2026-06-26 18:00:00+01:00
LOW,2026-06-26 20:00:00+01:00,1.1384334564208984,2026-06-29 02:00:00+01:00
LOW,2026-06-29 05:00:00+01:00,1.1384334564208984,2026-06-29 10:00:00+01:00
HIGH,2026-06-29 07:00:00+01:00,1.1418131589889526,2026-06-29 12:00:00+01:00
HIGH,2026-06-29 22:00:00+01:00,1.1437721252441406,2026-06-30 03:00:00+01:00
HIGH,2026-06-30 08:00:00+01:00,1.1411616802215576,2026-06-30 13:00:00+01:00
HIGH,2026-06-30 22:00:00+01:00,1.1431183815002441,2026-07-01 03:00:00+01:00
HIGH,2026-07-01 14:00:00+01:00,1.141291856765747,2026-07-01 19:00:00+01:00
LOW,2026-07-01 22:00:00+01:00,1.1376564502716064,2026-07-02 03:00:00+01:00
HIGH,2026-07-02 13:00:00+01:00,1.147446870803833,2026-07-02 18:00:00+01:00
LOW,2026-07-03 01:00:00+01:00,1.1423349380493164,2026-07-03 06:00:00+01:00
HIGH,2026-07-03 07:00:00+01:00,1.1465259790420532,2026-07-03 12:00:00+01:00
LOW,2026-07-06 14:00:00+01:00,1.1411616802215576,2026-07-06 19:00:00+01:00
HIGH,2026-07-07 13:00:00+01:00,1.1445575952529907,2026-07-07 18:00:00+01:00
LOW,2026-07-08 02:00:00+01:00,1.1402509212493896,2026-07-08 07:00:00+01:00
HIGH,2026-07-08 08:00:00+01:00,1.143379807472229,2026-07-08 13:00:00+01:00
LOW,2026-07-08 16:00:00+01:00,1.1394712924957275,2026-07-08 21:00:00+01:00
HIGH,2026-07-09 07:00:00+01:00,1.145081877708435,2026-07-09 12:00:00+01:00
LOW,2026-07-09 11:00:00+01:00,1.1424654722213745,2026-07-09 16:00:00+01:00
HIGH,2026-07-09 15:00:00+01:00,1.144819736480713,2026-07-09 20:00:00+01:00
LOW,2026-07-09 22:00:00+01:00,1.1424654722213745,2026-07-10 03:00:00+01:00
HIGH,2026-07-10 03:00:00+01:00,1.1463946104049683,2026-07-10 08:00:00+01:00
HIGH,2026-07-10 17:00:00+01:00,1.144426703453064,2026-07-10 22:00:00+01:00
LOW,2026-07-13 02:00:00+01:00,1.1389521360397339,2026-07-13 07:00:00+01:00
HIGH,2026-07-13 09:00:00+01:00,1.1449507474899292,2026-07-13 14:00:00+01:00
HIGH,2026-07-14 13:00:00+01:00,1.1462632417678833,2026-07-14 18:00:00+01:00
LOW,2026-07-15 13:00:00+01:00,1.1410315036773682,2026-07-15 18:00:00+01:00
HIGH,2026-07-15 19:00:00+01:00,1.148369312286377,2026-07-16 00:00:00+01:00
HIGH,2026-07-16 08:00:00+01:00,1.1479737758636475,2026-07-16 13:00:00+01:00
LOW,2026-07-16 18:00:00+01:00,1.1435105800628662,2026-07-16 23:00:00+01:00
HIGH,2026-07-17 08:00:00+01:00,1.1456066370010376,2026-07-17 13:00:00+01:00
LOW,2026-07-20 00:00:00+01:00,1.1427265405654907,2026-07-20 05:00:00+01:00
HIGH,2026-07-20 08:00:00+01:00,1.145213007926941,2026-07-20 13:00:00+01:00
LOW,2026-07-20 15:00:00+01:00,1.1406410932540894,2026-07-20 20:00:00+01:00
HIGH,2026-07-20 22:00:00+01:00,1.1423349380493164,2026-07-21 03:00:00+01:00
LOW,2026-07-21 22:00:00+01:00,1.1398608684539795,2026-07-22 03:00:00+01:00
HIGH,2026-07-22 08:00:00+01:00,1.1420739889144897,2026-07-22 13:00:00+01:00
LOW,2026-07-22 11:00:00+01:00,1.140380859375,2026-07-22 16:00:00+01:00
HIGH,2026-07-22 14:00:00+01:00,1.1423349380493164,2026-07-22 19:00:00+01:00
HIGH,2026-07-23 05:00:00+01:00,1.1439030170440674,2026-07-23 10:00:00+01:00
LOW,2026-07-23 15:00:00+01:00,1.1367511749267578,2026-07-23 20:00:00+01:00
HIGH,2026-07-24 08:00:00+01:00,1.140380859375,2026-07-24 13:00:00+01:00
LOW,2026-07-24 14:00:00+01:00,1.1368803977966309,2026-07-24 19:00:00+01:00
HIGH,2026-07-27 07:00:00+01:00,1.1420739889144897,2026-07-27 12:00:00+01:00
LOW,2026-07-27 22:00:00+01:00,1.1364928483963013,2026-07-28 03:00:00+01:00
HIGH,2026-07-28 04:00:00+01:00,1.1383039951324463,2026-07-28 09:00:00+01:00
LOW,2026-07-28 11:00:00+01:00,1.1357183456420898,2026-07-28 16:00:00+01:00
HIGH,2026-07-28 17:00:00+01:00,1.1407711505889893,2026-07-28 22:00:00+01:00
LOW,2026-07-28 22:00:00+01:00,1.1383039951324463,2026-07-29 03:00:00+01:00
LOW,2026-07-29 13:00:00+01:00,1.1379153728485107,2026-07-29 18:00:00+01:00
HIGH,2026-07-29 22:00:00+01:00,1.1492931842803955,2026-07-30 03:00:00+01:00
LOW,2026-07-30 08:00:00+01:00,1.1439030170440674,2026-07-30 13:00:00+01:00
HIGH,2026-07-30 20:00:00+01:00,1.1539349555969238,2026-07-31 01:00:00+01:00
HIGH,2026-07-31 09:00:00+01:00,1.1528706550598145,2026-07-31 14:00:00+01:00
LOW,2026-07-31 14:00:00+01:00,1.1461317539215088,2026-07-31 19:00:00+01:00
HIGH,2026-08-03 01:00:00+01:00,1.1558021306991577,2026-08-03 06:00:00+01:00
LOW,2026-08-04 02:00:00+01:00,1.1506155729293823,2026-08-04 07:00:00+01:00
HIGH,2026-08-05 22:00:00+01:00,1.156336784362793,2026-08-06 03:00:00+01:00
LOW,2026-08-06 17:00:00+01:00,1.1519410610198975,2026-08-06 22:00:00+01:00
HIGH,2026-08-06 22:00:00+01:00,1.1530035734176636,2026-08-07 03:00:00+01:00
HIGH,2026-08-07 13:00:00+01:00,1.1582117080688477,2026-08-07 18:00:00+01:00
HIGH,2026-08-07 20:00:00+01:00,1.157273530960083,2026-08-10 02:00:00+01:00
LOW,2026-08-10 05:00:00+01:00,1.1551345586776733,2026-08-10 10:00:00+01:00
HIGH,2026-08-11 14:00:00+01:00,1.1551345586776733,2026-08-11 19:00:00+01:00
HIGH,2026-08-12 01:00:00+01:00,1.1548677682876587,2026-08-12 06:00:00+01:00
HIGH,2026-08-12 14:00:00+01:00,1.1564704179763794,2026-08-12 19:00:00+01:00
LOW,2026-08-13 07:00:00+01:00,1.151543140411377,2026-08-13 12:00:00+01:00
HIGH,2026-08-17 09:00:00+01:00,1.1617100238800049,2026-08-17 14:00:00+01:00
LOW,2026-08-17 19:00:00+01:00,1.1574074029922485,2026-08-18 00:00:00+01:00
LOW,2026-08-18 07:00:00+01:00,1.157139539718628,2026-08-18 12:00:00+01:00
HIGH,2026-08-18 15:00:00+01:00,1.159151554107666,2026-08-18 20:00:00+01:00
LOW,2026-08-19 02:00:00+01:00,1.1574074029922485,2026-08-19 07:00:00+01:00
