Datetime,Open,High,Low,Close,Volume,EMA_20,SMA_50,RSI_14,MACD_hist,ATR_14
2023-11-13 04:00:00+00:00,1.0689470767974854,1.0698620080947876,1.0687185525894165,1.06963312625885,0,1.0686924165712144,1.0671719193458558,54.30846216648499,-0.0001457367504795142,0.002065028463091169
2023-11-13 08:00:00+00:00,1.0695186853408813,1.0703200101852417,1.0688328742980957,1.0689470767974854,0,1.0687166699260973,1.0674025058746337,51.68099032968201,-0.00010440527732895203,0.0020728962762015207
2023-11-13 12:00:00+00:00,1.0689470767974854,1.0695186853408813,1.066894292831421,1.0691757202148438,0,1.068760389001216,1.0676510739326477,52.50569799685616,-6.066268803873629e-05,0.002186621938432966
2023-11-13 16:00:00+00:00,1.0694043636322021,1.0708931684494019,1.0688328742980957,1.0704345703125,0,1.0689198348403859,1.0679671692848205,56.870425908091434,4.818172944788559e-05,0.0021294099943978445
2023-11-13 20:00:00+00:00,1.0705492496490479,1.0710078477859497,1.0699764490127563,1.0704345703125,0,1.0690640953615396,1.068296604156494,56.870425908091434,0.000111678219157796,0.0019409571375165666
2023-11-14 00:00:00+00:00,1.0705492496490479,1.0705492496490479,1.0697474479675293,1.0699764490127563,0,1.0691509861854651,1.068554482460022,54.746930746117975,0.00011393214701244336,0.0016062940870012557
2023-11-14 04:00:00+00:00,1.0699764490127563,1.0711225271224976,1.06963312625885,1.0708931684494019,0,1.06931690830584,1.06879487991333,58.11703152949154,0.00016516171844798327,0.0016231962612697057
2023-11-14 08:00:00+00:00,1.0710078477859497,1.073306918144226,1.0698620080947876,1.0721560716629028,0,1.0695873048160365,1.0690313410758971,62.284160480333256,0.00026611893860199276,0.001787909439631871
2023-11-14 12:00:00+00:00,1.0721560716629028,1.084481120109558,1.0721560716629028,1.0840108394622803,0,1.0709609747823454,1.0694981503486634,81.19651281774327,0.001068293655736093,0.00256260803767613
2023-11-14 16:00:00+00:00,1.0841283798217773,1.0884946584701538,1.0841283798217773,1.0884946584701538,0,1.0726308494192796,1.0699937105178834,84.38572430402795,0.001795095001605477,0.0026955349104745047
2023-11-14 20:00:00+00:00,1.0884946584701538,1.0889687538146973,1.0876659154891968,1.088139295578003,0,1.0741078442915388,1.0705160546302794,83.18157388799638,0.0021236369827907116,0.0025930064065115793
2023-11-15 00:00:00+00:00,1.088139295578003,1.0886130332946777,1.0868383646011353,1.0884946584701538,0,1.0754780170704545,1.071036479473114,83.43611541016665,0.0022258516571320632,0.0025568859917776926
2023-11-15 04:00:00+00:00,1.0884946584701538,1.0887316465377808,1.0868383646011353,1.0875475406646729,0,1.0766274955079993,1.071549243927002,79.96254196642936,0.0020926560566413887,0.002626887389591762
2023-11-15 08:00:00+00:00,1.0875475406646729,1.0882576704025269,1.0847163200378418,1.08695650100708,0,1.0776112103174356,1.072032129764557,77.78622372456917,0.0018368466790943871,0.0028145568711417063
2023-11-15 12:00:00+00:00,1.08695650100708,1.0882576704025269,1.0834236145019531,1.08672034740448,0,1.0784787471828683,1.07250351190567,76.88580480488022,0.001536056765601439,0.0030781711850847516
2023-11-15 16:00:00+00:00,1.08695650100708,1.0871928930282593,1.084481120109558,1.0849517583847046,0,1.0790952244401861,1.0729032921791077,70.32069339571646,0.001121544395536057,0.003165645258767264
2023-11-15 20:00:00+00:00,1.0849517583847046,1.0856584310531616,1.0845986604690552,1.0856584310531616,0,1.07972029173666,1.0731480193138123,71.37254559893654,0.0008128916079868367,0.0030538865498134066
2023-11-16 00:00:00+00:00,1.0856584310531616,1.085894227027893,1.0833063125610352,1.0835410356521606,0,1.0800841721095649,1.0733642172813416,64.04808762171244,0.0004046914740053467,0.003091573715209961
2023-11-16 04:00:00+00:00,1.0835410356521606,1.0848339796066284,1.0835410356521606,1.084481120109558,0,1.0805029290619452,1.0735946106910705,65.72964798065794,0.00014969436537723944,0.003110255513872419
2023-11-16 08:00:00+00:00,1.084481120109558,1.0862481594085693,1.0842459201812744,1.0855406522750854,0,1.0809827122251014,1.073830065727234,67.57067567190154,1.1371004744268817e-05,0.0031960010528564453
2023-11-16 12:00:00+00:00,1.0854227542877197,1.0897995233535767,1.0842459201812744,1.088139295578003,0,1.0816642915920445,1.0741221070289613,71.60036627947987,5.162418846575874e-05,0.0034863012177603586
2023-11-16 16:00:00+00:00,1.088020920753479,1.0884946584701538,1.0849517583847046,1.085894227027893,0,1.082067142585935,1.0743323016166686,64.18037076155662,-0.00010753648445428407,0.0034933005060468402
2023-11-16 20:00:00+00:00,1.086130142211914,1.086130142211914,1.0847163200378418,1.0856584310531616,0,1.0824091700590042,1.0745539593696594,63.43680198628817,-0.0002548702548196592,0.0027139272008623394
2023-11-17 00:00:00+00:00,1.0856584310531616,1.0860122442245483,1.0851871967315674,1.0856584310531616,0,1.0827186234870192,1.074814805984497,63.43680198628817,-0.00037143882297823415,0.0024525863783700125
2023-11-17 04:00:00+00:00,1.0857763290405273,1.085894227027893,1.0838934183120728,1.0841283798217773,0,1.0828528859950914,1.0750542521476745,58.34941923955027,-0.0005594113523478429,0.00250244140625
2023-11-17 08:00:00+00:00,1.0834236145019531,1.0876659154891968,1.0828369855880737,1.08695650100708,0,1.0832437064724236,1.0753709316253661,64.0830452893808,-0.0005028812769034678,0.002720602921077183
2023-11-17 12:00:00+00:00,1.0866022109985352,1.089561939239502,1.086130142211914,1.0890873670578003,0,1.083800245575793,1.0757531499862671,67.69184873859243,-0.00033941613115225826,0.0028304968561444965
2023-11-17 16:00:00+00:00,1.0892059803009033,1.0907504558563232,1.0877841711044312,1.0903936624526978,0,1.08442819004026,1.0762071919441223,69.70164789439735,-0.00016934384295017122,0.0027894207409449984
2023-11-17 20:00:00+00:00,1.090274691581726,1.0918222665786743,1.0900371074676514,1.0917030572891235,0,1.0851210345401516,1.076664595603943,71.6081946997736,-3.46202824983528e-06,0.0025716423988342285
2023-11-20 00:00:00+00:00,1.0907504558563232,1.0927767753601074,1.0900371074676514,1.0927767753601074,0,1.0858501527134807,1.0771228909492492,73.10284349084326,0.00013606503008515864,0.0025736348969595773
2023-11-20 04:00:00+00:00,1.0927767753601074,1.0937328338623047,1.0917030572891235,1.0918222665786743,0,1.086418925462547,1.077562096118927,69.59532043085349,0.00012201237961123384,0.002642921039036342
2023-11-20 08:00:00+00:00,1.0920606851577759,1.0943313837051392,1.091941475868225,1.0925379991531372,0,1.0870016943854601,1.0780270552635194,70.72942489206189,0.00011874841659919927,0.0026372926575796945
2023-11-20 12:00:00+00:00,1.0925379991531372,1.0946906805038452,1.0922993421554565,1.0940918922424316,0,1.0876769513242193,1.0785436534881592,73.07735610935421,0.0001756364905103761,0.0027157494000026156
2023-11-20 16:00:00+00:00,1.0942115783691406,1.0954102277755737,1.0938525199890137,1.0949305295944214,0,1.0883677683023338,1.0790838694572449,74.27663356190655,0.00022119826771230863,0.00268399715423584
2023-11-20 20:00:00+00:00,1.0949305295944214,1.09505033493042,1.0940918922424316,1.0948106050491333,0,1.088981371802029,1.0795645117759705,73.77057162557782,0.0001955951814107508,0.002355771405356271
2023-11-21 00:00:00+00:00,1.0948106050491333,1.0967316627502441,1.0945708751678467,1.096611499786377,0,1.089708050657681,1.080088050365448,76.3737891986984,0.00024886589169240397,0.002257049083709717
2023-11-21 04:00:00+00:00,1.096611499786377,1.0968520641326904,1.0954102277755737,1.095650315284729,0,1.0902739806221617,1.0805740141868592,72.25210009432412,0.00017194397096178746,0.002259050096784319
2023-11-21 08:00:00+00:00,1.0957703590393066,1.096611499786377,1.0942115783691406,1.0942115783691406,0,1.0906489899313978,1.081035795211792,66.46962915688835,-1.3415968943756088e-05,0.0023715410913739887
2023-11-21 12:00:00+00:00,1.0943313837051392,1.0963709354400635,1.0934937000274658,1.0937328338623047,0,1.090942689353389,1.081494882106781,64.61646754056488,-0.00019573083361537798,0.002434142998286656
2023-11-21 16:00:00+00:00,1.0939722061157227,1.0946906805038452,1.0903936624526978,1.0918222665786743,0,1.09102645861294,1.0819478130340576,57.70249218061952,-0.00045750933211030805,0.002396149294716971
2023-11-21 20:00:00+00:00,1.0918222665786743,1.0921800136566162,1.0911074876785278,1.091941475868225,0,1.0911136031134432,1.0823504161834716,58.004432089934554,-0.000624792880074933,0.0022276299340384348
2023-11-22 00:00:00+00:00,1.0920606851577759,1.0925379991531372,1.091226577758789,1.0917030572891235,0,1.091169741606365,1.082842037677765,57.12610747785017,-0.0007454784894481404,0.0021094254084995817
2023-11-22 04:00:00+00:00,1.0917030572891235,1.091941475868225,1.0899182558059692,1.0918222665786743,0,1.0912318868418232,1.08334059715271,57.47285612684559,-0.0008061088032323064,0.002126429762159075
2023-11-22 08:00:00+00:00,1.0920606851577759,1.0922993421554565,1.0887316465377808,1.0903936624526978,0,1.0911520559476207,1.0838037538528442,52.04093520386526,-0.0009228598311530499,0.00218557459967477
2023-11-22 12:00:00+00:00,1.090274691581726,1.0920606851577759,1.0856584310531616,1.0868383646011353,0,1.0907412282003364,1.084209463596344,41.52304512162071,-0.0012022831946421194,0.002497894423348563
2023-11-22 16:00:00+00:00,1.0868383646011353,1.0890873670578003,1.0864840745925903,1.0887316465377808,0,1.0905498394705693,1.0846234202384948,47.59690110086705,-0.0012185627123340583,0.0025046212332589285
2023-11-22 20:00:00+00:00,1.0886130332946777,1.089680790901184,1.0884946584701538,1.0890873670578003,0,1.0904105563836388,1.0850604510307311,48.675555475157026,-0.0011644015928800482,0.0024185350963047574
2023-11-23 00:00:00+00:00,1.0892059803009033,1.090869426727295,1.0890873670578003,1.0907504558563232,0,1.0904429277619896,1.085510220527649,53.49519311556008,-0.0009828417660555995,0.0024345602308000836
2023-11-23 04:00:00+00:00,1.0907504558563232,1.091941475868225,1.0903936624526978,1.0917030572891235,0,1.090562940097907,1.0859721946716308,56.04151510386154,-0.000774050112369046,0.002476658139910017
2023-11-23 08:00:00+00:00,1.0915838479995728,1.0930156707763672,1.0903936624526978,1.0917030572891235,0,1.0906715226875467,1.0864295983314514,56.041515103861535,-0.0006181638618820398,0.0025096024785723004
2023-11-23 12:00:00+00:00,1.0918222665786743,1.0918222665786743,1.0890873670578003,1.091226577758789,0,1.0907243850752841,1.0868614673614503,54.316281572582696,-0.0005326083980131211,0.002601964133126395
2023-11-23 16:00:00+00:00,1.091226577758789,1.091226577758789,1.0906314849853516,1.0907504558563232,0,1.0907268680068116,1.087297534942627,52.57458510090162,-0.0004943831222020537,0.002473047801426479
2023-11-23 20:00:00+00:00,1.0906314849853516,1.0911074876785278,1.0906314849853516,1.0907504558563232,0,1.09072911446867,1.0877290296554565,52.57458510090162,-0.0004563155368033081,0.0023015311786106656
2023-11-24 00:00:00+00:00,1.090869426727295,1.091226577758789,1.0897995233535767,1.0901559591293335,0,1.0906745282458759,1.0881234574317933,50.24162766062499,-0.0004572417112826959,0.00209653377532959
2023-11-24 04:00:00+00:00,1.090274691581726,1.0914647579193115,1.0900371074676514,1.0911074876785278,0,1.090715762477557,1.0885369157791138,53.777082956462294,-0.0003828539997428488,0.0021218998091561453
2023-11-24 08:00:00+00:00,1.0911074876785278,1.0922993421554565,1.0905125141143799,1.0917030572891235,0,1.090809790554849,1.088971447944641,55.88967124928388,-0.00028700439644445874,0.002155857426779611
2023-11-24 12:00:00+00:00,1.0917030572891235,1.0946906805038452,1.0911074876785278,1.0942115783691406,0,1.0911337703466863,1.0894378161430358,63.46406176567223,-5.999325491731593e-05,0.0022672840527125765
2023-11-24 16:00:00+00:00,1.0942115783691406,1.095170259475708,1.093135118484497,1.0949305295944214,0,1.0914953664655183,1.0898933053016662,65.30299412161861,0.00012325766798870904,0.002157815865107945
2023-11-24 20:00:00+00:00,1.0949305295944214,1.095170259475708,1.0943313837051392,1.0943313837051392,0,1.091765463345482,1.0900997161865233,62.480656821919354,0.0001850754097589846,0.0017604316983904158
2023-11-27 00:00:00+00:00,1.0943313837051392,1.0952903032302856,1.0930156707763672,1.0949305295944214,0,1.0920668982263335,1.090228433609009,64.14928042232673,0.00024359095555670594,0.0017369559832981654
2023-11-27 04:00:00+00:00,1.0948106050491333,1.0961307287216187,1.0945708751678467,1.09505033493042,0,1.092351035055294,1.090366654396057,64.48936726208731,0.0002658236799447885,0.001763650349208287
2023-11-27 08:00:00+00:00,1.0949305295944214,1.0958904027938843,1.0942115783691406,1.095650315284729,0,1.0926652522200022,1.0905097675323487,66.21769757470116,0.0002941873405936952,0.0017562764031546457
2023-11-27 12:00:00+00:00,1.095650315284729,1.0957703590393066,1.0928961038589478,1.0936132669448853,0,1.0927555393366577,1.0906310820579528,56.21397536280479,0.00015594736021655865,0.0018510222434997559
2023-11-27 16:00:00+00:00,1.0936132669448853,1.0958904027938843,1.093135118484497,1.0958904027938843,0,1.0930540977611556,1.090809760093689,62.9518951080959,0.00019549593412721326,0.0018605419567653111
2023-11-27 20:00:00+00:00,1.0958904027938843,1.0961307287216187,1.09505033493042,1.0961307287216187,0,1.0933471102335806,1.0909979677200317,63.588723751251834,0.00021397570233943307,0.0017423629760742188
2023-11-28 00:00:00+00:00,1.0963709354400635,1.096611499786377,1.095650315284729,1.0957703590393066,0,1.093577895834126,1.0912143397331238,61.87129742011679,0.00017945852691689094,0.001768512385232108
2023-11-28 04:00:00+00:00,1.0958904027938843,1.0958904027938843,1.0938525199890137,1.0938525199890137,0,1.093604050515544,1.0913782215118408,53.57790310420499,1.3730262502841071e-05,0.001880075250353132
2023-11-28 08:00:00+00:00,1.0940918922424316,1.0960105657577515,1.0940918922424316,1.0952903032302856,0,1.093764646012186,1.0916132068634032,58.111132100477285,-1.143413977997671e-05,0.0019322889191763742
2023-11-28 12:00:00+00:00,1.095170259475708,1.1002310514450073,1.09505033493042,1.0984183549880981,0,1.0942078563908442,1.0918919515609742,65.91063629365753,0.0001607183717639406,0.0022003650665283203
2023-11-28 16:00:00+00:00,1.098538875579834,1.1012003421783447,1.0976948738098145,1.0993843078613281,0,1.0947008517689856,1.092168824672699,67.89838701153627,0.00030917437367102615,0.002323125089917864
2023-11-28 20:00:00+00:00,1.0993843078613281,1.1008366346359253,1.0979359149932861,1.100594401359558,0,1.095262142206183,1.09241792678833,70.23954270491959,0.00044987136687654663,0.002274377005440848
2023-11-29 00:00:00+00:00,1.1008366346359253,1.1019283533096313,1.1001100540161133,1.1001100540161133,0,1.095723848092843,1.0927022433280944,68.0987947141385,0.0004691689910330636,0.0022588883127485004
2023-11-29 04:00:00+00:00,1.0999890565872192,1.1007153987884521,1.098659634590149,1.098659634590149,0,1.0960034468068722,1.0929622673988342,62.004436166330215,0.00034864243480031416,0.002345808914729527
2023-11-29 08:00:00+00:00,1.0987803936004639,1.1001100540161133,1.0973334312438965,1.0987803936004639,0,1.0962679179300714,1.0932247066497802,62.306891433525536,0.00024626930299462583,0.002381665366036551
2023-11-29 12:00:00+00:00,1.0989010334014893,1.0995051860809326,1.0964912176132202,1.0978153944015503,0,1.096415296641641,1.0934984469413758,58.31222980134873,9.078910472204655e-05,0.0024855307170322965
2023-11-29 16:00:00+00:00,1.0976948738098145,1.0996261835098267,1.0964912176132202,1.098538875579834,0,1.0966175422548021,1.0937300944328308,60.363955009885316,1.772090129526123e-05,0.002589540822165353
2023-11-29 20:00:00+00:00,1.098538875579834,1.098659634590149,1.0969723463058472,1.0975743532180786,0,1.0967086671084474,1.0938998341560364,56.3800777832995,-0.00010762753634434448,0.0025047574724469867
2023-11-30 00:00:00+00:00,1.0975743532180786,1.098659634590149,1.0970927476882935,1.0976948738098145,0,1.0968025915561965,1.0940458583831787,56.76405622388066,-0.00018968302836309828,0.0024198719433375765
2023-11-30 04:00:00+00:00,1.0976948738098145,1.0984183549880981,1.0946906805038452,1.0954102277755737,0,1.0966699854818516,1.0941200017929078,48.11709173943712,-0.0003933616454799274,0.0026089634214128766
2023-11-30 08:00:00+00:00,1.0955302715301514,1.0961307287216187,1.091226577758789,1.0918222665786743,0,1.0962082979672634,1.094100911617279,38.26000147140957,-0.0007448720896443544,0.002890603882925851
2023-11-30 12:00:00+00:00,1.091941475868225,1.0943313837051392,1.089680790901184,1.0911074876785278,0,1.0957225065111933,1.0940866160392761,36.64926922712168,-0.0009855564046322481,0.0030772260257175992
2023-11-30 16:00:00+00:00,1.0913456678390503,1.091941475868225,1.0887316465377808,1.0893245935440063,0,1.0951131814666992,1.0940223479270934,32.92575799903071,-0.0012100783159493742,0.003152353422982352
2023-11-30 20:00:00+00:00,1.0893245935440063,1.0897995233535767,1.0882576704025269,1.0894432067871094,0,1.094573183878167,1.093929374217987,33.410472031083174,-0.001288592364339486,0.002892434597015381
2023-12-01 00:00:00+00:00,1.089561939239502,1.0915838479995728,1.089561939239502,1.0903936624526978,0,1.0941751342185984,1.0938386368751525,37.3193039510546,-0.0012154524740134276,0.0027949469430106027
2023-12-01 04:00:00+00:00,1.090274691581726,1.0914647579193115,1.0897995233535767,1.0897995233535767,0,1.0937584093743107,1.0937384152412415,35.90062532388106,-0.001146895114213539,0.00270669800894601
2023-12-01 08:00:00+00:00,1.0899182558059692,1.0906314849853516,1.0886130332946777,1.0900371074676514,0,1.0934039996689147,1.093606927394867,36.9330684585198,-0.0010291112474879924,0.00272099460874285
2023-12-01 12:00:00+00:00,1.0901559591293335,1.0903936624526978,1.0837758779525757,1.0840108394622803,0,1.0925094129825685,1.0933741378784179,25.648408138403767,-0.0012840464408811962,0.0030468532017299105
2023-12-01 16:00:00+00:00,1.0835410356521606,1.089561939239502,1.0835410356521606,1.0875475406646729,0,1.0920368537141976,1.0932408571243286,37.68260245004088,-0.001146017640716573,0.0032785875456673758
2023-12-01 20:00:00+00:00,1.0875475406646729,1.0887316465377808,1.0874292850494385,1.0884946584701538,0,1.0916995017861935,1.0931360936164856,40.46175931433108,-0.0009315714767869161,0.003156329904283796
2023-12-04 00:00:00+00:00,1.0888501405715942,1.0888501405715942,1.08695650100708,1.0883761644363403,0,1.09138299346716,1.0930671715736389,40.22008864677268,-0.000746351630255322,0.003067663737705776
2023-12-04 04:00:00+00:00,1.0882576704025269,1.0882576704025269,1.0853049755096436,1.0855406522750854,0,1.0908265800202956,1.0929391551017762,34.855138339745054,-0.0007608524667843195,0.0031665137835911344
2023-12-04 08:00:00+00:00,1.0860122442245483,1.0883761644363403,1.0860122442245483,1.0871928930282593,0,1.0904805145924827,1.092848951816559,39.88688121029867,-0.0006116421569446089,0.003257129873548235
2023-12-04 12:00:00+00:00,1.0871928930282593,1.0877841711044312,1.0808473825454712,1.081548810005188,0,1.0896298760603593,1.092643482685089,31.06099404411154,-0.000831883004832226,0.0034863523074558805
2023-12-04 16:00:00+00:00,1.0817828178405762,1.0831888914108276,1.0814317464828491,1.0831888914108276,0,1.08901644895088,1.0924993872642517,35.52549578978686,-0.0008053889054031168,0.003261566162109375
2023-12-04 20:00:00+00:00,1.0830715894699097,1.0841283798217773,1.0830715894699097,1.0840108394622803,0,1.08853972423768,1.0924428367614747,37.702901941801784,-0.000676010700644413,0.003004865986960275
2023-12-05 00:00:00+00:00,1.0840108394622803,1.0848339796066284,1.0837758779525757,1.0842459201812744,0,1.0881307905180224,1.0923531222343446,38.3442332781548,-0.0005248406881409634,0.002851171152932303
2023-12-05 04:00:00+00:00,1.0842459201812744,1.0849517583847046,1.0807305574417114,1.080964207649231,0,1.0874482588162329,1.0921906590461732,33.205122910775174,-0.0005911738858910306,0.003042553152356829
2023-12-05 08:00:00+00:00,1.0810810327529907,1.084481120109558,1.0810810327529907,1.0821340084075928,0,1.0869421397296957,1.0920183300971984,36.473547983612555,-0.00050492400273914,0.0031408582414899555
2023-12-05 12:00:00+00:00,1.0822510719299316,1.0841283798217773,1.0804970264434814,1.080964207649231,0,1.0863728128648895,1.0918035531044006,34.64774051224303,-0.0004757164410228061,0.0032812952995300293
2023-12-05 16:00:00+00:00,1.080964207649231,1.081548810005188,1.0781670808792114,1.0787487030029297,0,1.0856467071637506,1.0915444660186768,31.437950347479884,-0.0005494431351142606,0.00337867225919451
2023-12-05 20:00:00+00:00,1.0786322355270386,1.080263614654541,1.078515887260437,1.0796804428100586,0,1.0850784915110179,1.091313543319702,34.198796640388494,-0.00048172007091921987,0.003030811037336077
2023-12-06 00:00:00+00:00,1.0797970294952393,1.0801469087600708,1.079097867012024,1.0800302028656006,0,1.0845977021162163,1.0910991382598878,35.25279444824358,-0.0003649318441513727,0.002675678048815046
2023-12-06 04:00:00+00:00,1.07991361618042,1.0804970264434814,1.0781670808792114,1.0794472694396973,0,1.0841071847184527,1.0908730745315551,34.267597712006534,-0.00028220332141652964,0.002749076911381313
2023-12-06 08:00:00+00:00,1.079214334487915,1.0800302028656006,1.077818512916565,1.078399658203125,0,1.0835636107646118,1.090637948513031,32.50925968754507,-0.00025417098103893863,0.0027717947959899902
2023-12-06 12:00:00+00:00,1.078283429145813,1.0806137323379517,1.07758629322052,1.079214334487915,0,1.083149393976355,1.0904000854492188,35.28999560818666,-0.0001424645036764284,0.002768669809613909
2023-12-06 16:00:00+00:00,1.0794472694396973,1.0801469087600708,1.0770059823989868,1.0771219730377197,0,1.0825753538869611,1.0901084637641907,31.679773346249235,-0.0001693641878737543,0.002790485109601702
2023-12-06 20:00:00+00:00,1.0771219730377197,1.0773539543151855,1.0761945247650146,1.0768898725509644,0,1.082033879474009,1.0897620296478272,31.297289509214664,-0.00016262587897293655,0.0023778166089739117
2023-12-07 00:00:00+00:00,1.0770059823989868,1.077470064163208,1.0761945247650146,1.076310396194458,0,1.0814887858283375,1.0893896269798278,30.313260226318604,-0.00015695522016164788,0.002343416213989258
2023-12-07 04:00:00+00:00,1.076310396194458,1.078399658203125,1.0759629011154175,1.078399658203125,0,1.0811945831973648,1.0890709924697877,37.89501333015448,1.841937145370849e-05,0.0024419852665492465
2023-12-07 08:00:00+00:00,1.078283429145813,1.0787487030029297,1.076658010482788,1.0773539543151855,0,1.0808288090181097,1.0887194609642028,35.79582060471077,9.085949341069034e-05,0.0025157417569841656
2023-12-07 12:00:00+00:00,1.077470064163208,1.0800302028656006,1.076310396194458,1.0786322355270386,0,1.0806196115427695,1.0883910989761352,40.15964041437227,0.000243089065714745,0.00247992788042341
2023-12-07 16:00:00+00:00,1.0788650512695312,1.0818997621536255,1.0788650512695312,1.0801469087600708,0,1.0805745922301315,1.0880810308456421,44.935508992622395,0.00045188093137471866,0.0024621146065848215
2023-12-07 20:00:00+00:00,1.0801469087600708,1.0807305574417114,1.079214334487915,1.0793308019638062,0,1.080456136014291,1.0877953815460204,42.946666633715864,0.0005354048677146421,0.0023110338619777133
2023-12-08 00:00:00+00:00,1.0794472694396973,1.080263614654541,1.0787487030029297,1.0794472694396973,0,1.0803600534833773,1.0874665188789367,43.3321360186164,0.0005943292454309934,0.002177689756665911
2023-12-08 04:00:00+00:00,1.0794472694396973,1.0794472694396973,1.07758629322052,1.0781670808792114,0,1.080151198949647,1.0871072459220885,40.123218239020794,0.0005442602611575986,0.002185778958456857
2023-12-08 08:00:00+00:00,1.078399658203125,1.0794472694396973,1.07758629322052,1.0786322355270386,0,1.0800065357665416,1.0867644834518433,41.80941903891033,0.000538644294918976,0.002243774277823312
2023-12-08 12:00:00+00:00,1.0786322355270386,1.0788650512695312,1.0730764865875244,1.0771219730377197,0,1.0797318155066538,1.0864298725128174,38.06160767377186,0.0004338908313537616,0.002490818500518799
2023-12-08 16:00:00+00:00,1.0768898725509644,1.0772379636764526,1.0743446350097656,1.0761945247650146,0,1.0793949306741166,1.086047956943512,35.93150312102456,0.00030869617150633324,0.0025395069803510395
2023-12-08 20:00:00+00:00,1.0761945247650146,1.0768898725509644,1.0760787725448608,1.0764262676239014,0,1.0791122008598104,1.085608115196228,36.882038106257,0.00025052556570284105,0.002381197043827602
2023-12-11 00:00:00+00:00,1.0770059823989868,1.07758629322052,1.076658010482788,1.076774001121521,0,1.0788895151704494,1.0851559090614318,38.35982657975877,0.0002442449909294273,0.002239704132080078
2023-12-11 04:00:00+00:00,1.076774001121521,1.0773539543151855,1.0757315158843994,1.0758472681045532,0,1.0785997773546498,1.0846609663963318,35.94445474110442,0.00018892716112171122,0.0022727761949811664
2023-12-11 08:00:00+00:00,1.0757315158843994,1.0781670808792114,1.0755001306533813,1.0771219730377197,0,1.0784590340863707,1.084201204776764,41.40927577018129,0.00024583360571577787,0.0023721626826695035
2023-12-11 12:00:00+00:00,1.0771219730377197,1.0773539543151855,1.0744600296020508,1.0746910572052002,0,1.0781001791453069,1.083721833229065,35.23557576061637,0.00013305255672561682,0.0024048175130571637
2023-12-11 16:00:00+00:00,1.0746910572052002,1.0772379636764526,1.0746910572052002,1.0764262676239014,0,1.077940759000411,1.0832747507095337,41.89488469376734,0.0001853960339316496,0.0024374042238507953
2023-12-11 20:00:00+00:00,1.0765421390533447,1.0768898725509644,1.0759629011154175,1.076774001121521,0,1.0778296392024216,1.0828539228439331,43.15628852521553,0.00024952434282737553,0.0022379159927368164
2023-12-12 00:00:00+00:00,1.076774001121521,1.0772379636764526,1.0764262676239014,1.0771219730377197,0,1.077762242424831,1.0824255847930908,44.455743644408734,0.0003171239428628491,0.002062499523162842
2023-12-12 04:00:00+00:00,1.0771219730377197,1.0786322355270386,1.076774001121521,1.0780508518218994,0,1.0777897290340754,1.0820351147651672,47.88086223150962,0.00041970492779473114,0.0020869289125714984
2023-12-12 08:00:00+00:00,1.077818512916565,1.080964207649231,1.077702283859253,1.07991361618042,0,1.077992004000394,1.0816794896125794,54.00606639836831,0.0005974759055396308,0.0022117154938834055
2023-12-12 12:00:00+00:00,1.0800302028656006,1.0827198028564453,1.0770059823989868,1.0786322355270386,0,1.0780529784315032,1.0813439297676086,49.68076342234376,0.0006110417078924136,0.0024869186537606375
2023-12-12 16:00:00+00:00,1.0786322355270386,1.0800302028656006,1.078399658203125,1.0793308019638062,0,1.0781746759107702,1.0810941004753112,51.94054799284907,0.0006459386558390367,0.002470459256853376
2023-12-12 20:00:00+00:00,1.079214334487915,1.0803803205490112,1.079214334487915,1.0801469087600708,0,1.0783625076107035,1.0808748888969422,54.510741461515885,0.0006984051232059381,0.002140275069645473
2023-12-13 00:00:00+00:00,1.0801469087600708,1.080263614654541,1.0788650512695312,1.0789813995361328,0,1.0784214496988396,1.0806680250167846,50.36793583003614,0.0006310795345095437,0.002033506120954241
2023-12-13 04:00:00+00:00,1.0789813995361328,1.0797970294952393,1.078399658203125,1.0788650512695312,0,1.0784636974674768,1.0804564619064332,49.95974656314522,0.000557716567792768,0.0020753826413835797
2023-12-13 08:00:00+00:00,1.0787487030029297,1.0794472694396973,1.07758629322052,1.0787487030029297,0,1.0784908408518057,1.0802235627174377,49.52749312366403,0.00048314414856542637,0.002125450542994908
2023-12-13 12:00:00+00:00,1.0786322355270386,1.0810810327529907,1.078399658203125,1.0797970294952393,0,1.0786152397702278,1.080023512840271,53.43665562110437,0.00048494851635316576,0.0022010888372148785
2023-12-13 16:00:00+00:00,1.0797970294952393,1.0894432067871094,1.078283429145813,1.0890873670578003,0,1.079612585226187,1.0800045180320739,73.22679434380385,0.0010594103825356514,0.0028077193668910433
2023-12-13 20:00:00+00:00,1.0888501405715942,1.089680790901184,1.08695650100708,1.0886130332946777,0,1.0804697707565196,1.080096561908722,71.55462743177623,0.0013371155117029676,0.002795602594103132
2023-12-14 00:00:00+00:00,1.0886130332946777,1.0918222665786743,1.0882576704025269,1.0907504558563232,0,1.0814488836231675,1.0801606202125549,74.39235251869783,0.001577890135871626,0.0028682947158813477
2023-12-14 04:00:00+00:00,1.090869426727295,1.091226577758789,1.0884946584701538,1.0884946584701538,0,1.082119909799071,1.0801606202125549,66.81641715869657,0.0014989342668091218,0.0029972195625305176
2023-12-14 08:00:00+00:00,1.0884946584701538,1.0933741331100464,1.0883761644363403,1.0932546854019165,0,1.0831803646183897,1.0802581906318665,73.05260001172094,0.0016680336592513763,0.003296239035470145
2023-12-14 12:00:00+00:00,1.0936132669448853,1.0998680591583252,1.0913456678390503,1.0997470617294312,0,1.0847581452956319,1.0805423188209533,78.882036337568,0.0020904975196351827,0.0037722502435956684
2023-12-14 16:00:00+00:00,1.0997470617294312,1.1012003421783447,1.0982975959777832,1.0993843078613281,0,1.0861511131590316,1.0807861471176148,77.8684418762306,0.002207376005428144,0.0037465947014944895
2023-12-14 20:00:00+00:00,1.0995051860809326,1.0999890565872192,1.0991426706314087,1.0996261835098267,0,1.0874344531924405,1.0811476945877074,78.07077831934149,0.0021601475220440784,0.003398920808519636
2023-12-15 00:00:00+00:00,1.0996261835098267,1.1003520488739014,1.098056435585022,1.1002310514450073,0,1.088653176835542,1.0814885377883912,78.59773505002275,0.0020307776713647053,0.0034464257104056223
2023-12-15 04:00:00+00:00,1.1001100540161133,1.100594401359558,1.0984183549880981,1.0997470617294312,0,1.0897097373016267,1.0818032622337341,77.00324785614431,0.0017825880797553155,0.003518572875431606
2023-12-15 08:00:00+00:00,1.0998680591583252,1.1001100540161133,1.095170259475708,1.0970927476882935,0,1.0904128811479759,1.0820601987838745,68.76424695653702,0.0013303671779596234,0.0037715179579598562
2023-12-15 12:00:00+00:00,1.0970927476882935,1.0972130298614502,1.090869426727295,1.0917030572891235,0,1.0905357550661803,1.0822749757766723,55.72599093905592,0.0005963720658785296,0.004124820232391357
2023-12-15 16:00:00+00:00,1.0918222665786743,1.091941475868225,1.0893245935440063,1.0901559591293335,0,1.0904995840245757,1.0824354147911073,52.64055853629766,-3.189041854221881e-05,0.004178813525608608
2023-12-15 20:00:00+00:00,1.090274691581726,1.0911074876785278,1.089561939239502,1.0900371074676514,0,1.090455538638202,1.0826168727874756,52.40052828853156,-0.00046972714315910227,0.004097683089120048
2023-12-18 00:00:00+00:00,1.0899182558059692,1.0917030572891235,1.089680790901184,1.0914647579193115,0,1.0905516547602123,1.0828711938858033,55.05182803849828,-0.0006654918109578996,0.0034450037138802664
2023-12-18 04:00:00+00:00,1.0913456678390503,1.0932546854019165,1.091226577758789,1.0925379991531372,0,1.0907408304166815,1.0831283450126648,56.991255792892936,-0.0007203688737515736,0.0033952764102390836
2023-12-18 08:00:00+00:00,1.0921800136566162,1.0930156707763672,1.0911074876785278,1.0915838479995728,0,1.0908211178055283,1.0833594179153443,54.73029078292177,-0.0008118051482890274,0.0032769611903599332
2023-12-18 12:00:00+00:00,1.091941475868225,1.0932546854019165,1.0913456678390503,1.0917030572891235,0,1.0909051120420612,1.0836045336723328,54.97064896248129,-0.0008510131638169785,0.003218182495662144
2023-12-18 16:00:00+00:00,1.0917030572891235,1.093135118484497,1.0915838479995728,1.0920606851577759,0,1.0910151666245103,1.0838777542114257,55.73004137808533,-0.0008382752215935932,0.00297198976789202
2023-12-18 20:00:00+00:00,1.091941475868225,1.0927767753601074,1.0917030572891235,1.0926573276519775,0,1.0911715629128405,1.0841466140747071,57.0319593673015,-0.0007764823495754716,0.002439941678728376
2023-12-19 00:00:00+00:00,1.0926573276519775,1.0932546854019165,1.091941475868225,1.0928961038589478,0,1.0913358049077078,1.0844620966911316,57.56974806793472,-0.0007082505124424297,0.0023264033453805105
2023-12-19 04:00:00+00:00,1.0928961038589478,1.0943313837051392,1.0924185514450073,1.0932546854019165,0,1.0915185554309657,1.0847893929481507,58.411569959059136,-0.0006302997395303384,0.0024025780814034598
2023-12-19 08:00:00+00:00,1.093135118484497,1.09505033493042,1.093135118484497,1.0939722061157227,0,1.0917522364485615,1.085142629146576,60.11673531412081,-0.000526000394344371,0.002375406878335135
2023-12-19 12:00:00+00:00,1.0942115783691406,1.0990219116210938,1.0942115783691406,1.0989010334014893,0,1.0924330742536021,1.0855526566505431,69.39849959852123,-0.00014069921019502435,0.0025806682450430734
2023-12-19 16:00:00+00:00,1.0987803936004639,1.0989010334014893,1.0973334312438965,1.0979359149932861,0,1.0929571543240482,1.0859642958641051,66.15207736689928,2.4713195056833958e-05,0.0023397973605564664
2023-12-19 20:00:00+00:00,1.0979359149932861,1.0987803936004639,1.0975743532180786,1.0982975959777832,0,1.09346576781488,1.0863576030731201,66.77925994496867,0.0001282492932610231,0.0019728285925728934
2023-12-20 00:00:00+00:00,1.0981770753860474,1.0981770753860474,1.0970927476882935,1.0972130298614502,0,1.0938226499145534,1.0866989254951478,63.008932023412434,9.498657023863065e-05,0.001871969018663679
2023-12-20 04:00:00+00:00,1.0973334312438965,1.0973334312438965,1.0955302715301514,1.0969723463058472,0,1.0941226209994384,1.0870517563819886,62.170063491589296,3.1362803164451235e-05,0.0018903698240007674
2023-12-20 08:00:00+00:00,1.096611499786377,1.0973334312438965,1.0938525199890137,1.0940918922424316,0,1.094119694451152,1.0873446488380432,53.06471022784016,-0.0002164908841229057,0.00199455874306815
2023-12-20 12:00:00+00:00,1.0940918922424316,1.0976948738098145,1.0937328338623047,1.0973334312438965,0,1.0944257646218896,1.0877279758453369,60.139772174348856,-0.00017563869460133705,0.0021326967648097445
2023-12-20 16:00:00+00:00,1.0976948738098145,1.0978153944015503,1.0945708751678467,1.0949305295944214,0,1.0944738374764165,1.0880539417266846,53.680060054638034,-0.00031578749372539183,0.002228149345942906
2023-12-20 20:00:00+00:00,1.0946906805038452,1.09505033493042,1.0933741331100464,1.0946906805038452,0,1.0944944891933144,1.088405315876007,53.067335295252875,-0.000423276669726913,0.002211519650050572
2023-12-21 00:00:00+00:00,1.0945708751678467,1.095650315284729,1.0945708751678467,1.095170259475708,0,1.0945588482678281,1.088784830570221,54.19320740252608,-0.0004577837150733458,0.002177817480904715
2023-12-21 04:00:00+00:00,1.095170259475708,1.0958904027938843,1.0946906805038452,1.09505033493042,0,1.0946056565214084,1.0891573119163513,53.84535522615013,-0.00048195359071502987,0.002186817782265799
2023-12-21 08:00:00+00:00,1.09505033493042,1.0987803936004639,1.0938525199890137,1.0982975959777832,0,1.094957269802968,1.0895877838134767,61.12223169856829,-0.00028239291594422174,0.0024450080735342844
2023-12-21 12:00:00+00:00,1.0984183549880981,1.1003520488739014,1.0978153944015503,1.0992635488510132,0,1.0953673916170674,1.0900561094284058,62.991429736267676,-9.800769442955227e-05,0.0024895668029785156
2023-12-21 16:00:00+00:00,1.0992635488510132,1.1003520488739014,1.0981770753860474,1.1002310514450073,0,1.0958305973149665,1.0905182909965516,64.81607785258578,6.752234790703433e-05,0.0025081208774021695
2023-12-21 20:00:00+00:00,1.1001100540161133,1.1015641689300537,1.0996261835098267,1.1009578704833984,0,1.0963189090452934,1.0910436272621156,66.16564219016115,0.00019704321154852874,0.002285855157034738
2023-12-22 00:00:00+00:00,1.1009578704833984,1.1013215780258179,1.0998680591583252,1.1001100540161133,0,1.0966799704710857,1.0915173029899596,63.12402695195327,0.00019626586122886615,0.0022777063505990164
2023-12-22 04:00:00+00:00,1.1001100540161133,1.101078987121582,1.0998680591583252,1.100473165512085,0,1.097041227141657,1.091991286277771,63.88966946736336,0.0001906921287508235,0.0022780554635184152
2023-12-22 08:00:00+00:00,1.100594401359558,1.103265643119812,1.1003520488739014,1.1027790307998657,0,1.097587684632915,1.092504427433014,68.37949957139497,0.00030595168355572857,0.002400108746119908
2023-12-22 12:00:00+00:00,1.1030223369598389,1.1043622493743896,1.100594401359558,1.1014429330825806,0,1.0979548511519306,1.0929722690582275,63.45614512070683,0.00025778620911135787,0.0025404436247689383
2023-12-22 16:00:00+00:00,1.1016855239868164,1.102657437324524,1.1003520488739014,1.1018069982528687,0,1.0983217223044008,1.0934101366996765,64.21227239220298,0.00021762688284144432,0.0024564777101789203
2023-12-22 20:00:00+00:00,1.1018069982528687,1.1019283533096313,1.101078987121582,1.1014429330825806,0,1.0986189804737514,1.0938663506507873,62.81264539053257,0.0001376272804079425,0.0022341438702174594
2023-12-25 00:00:00+00:00,1.1013215780258179,1.1027790307998657,1.0998680591583252,1.1009578704833984,0,1.0988417319032415,1.0942988920211791,60.90775408696312,2.8814822411189333e-05,0.0022103190422058105
2023-12-25 04:00:00+00:00,1.101078987121582,1.1024142503738403,1.100594401359558,1.102292776107788,0,1.099170402779865,1.0947418093681336,64.13158841904936,2.372759903913023e-05,0.0022205795560564312
2023-12-25 16:00:00+00:00,1.1018069982528687,1.102292776107788,1.1015641689300537,1.1021713018417358,0,1.0994562026905195,1.0952056074142456,63.61745387831263,-9.076818343163855e-06,0.0021955200604030062
2023-12-25 20:00:00+00:00,1.1012003421783447,1.102657437324524,1.0997470617294312,1.102292776107788,0,1.0997263525397831,1.0956741619110106,63.92887577581156,-4.2009078542190516e-05,0.002317709582192557
2023-12-26 00:00:00+00:00,1.1021713018417358,1.103265643119812,1.1019283533096313,1.1031439304351807,0,1.1000518361488687,1.0961620664596559,66.11735332707602,-2.6632880608053015e-05,0.002061239310673305
2023-12-26 04:00:00+00:00,1.1030223369598389,1.1031439304351807,1.1024142503738403,1.1025358438491821,0,1.1002884083108033,1.0966168427467347,63.168684193046836,-7.484856702721573e-05,0.0019321697098868234
2023-12-26 08:00:00+00:00,1.1025358438491821,1.1029006242752075,1.1013215780258179,1.1016855239868164,0,1.1004214669466141,1.0968688058853149,59.19325185421857,-0.00017568303539707572,0.0018896034785679408
2023-12-26 12:00:00+00:00,1.1015641689300537,1.1035091876983643,1.1012003421783447,1.1029006242752075,0,1.1006575771683849,1.0971545577049255,62.79639899207508,-0.00017200132144765037,0.0019160934856959752
2023-12-26 16:00:00+00:00,1.1027790307998657,1.1047282218933105,1.1027790307998657,1.1047282218933105,0,1.1010452576183778,1.0974341130256653,67.45154709899408,-6.35237162833974e-05,0.0019514986446925572
2023-12-26 20:00:00+00:00,1.1048502922058105,1.1049723625183105,1.1042402982711792,1.1044842004776,0,1.1013727759859226,1.0977539038658142,66.25940480029132,-2.7109755712313027e-05,0.0019172940935407365
2023-12-27 00:00:00+00:00,1.1044842004776,1.1044842004776,1.1031439304351807,1.1038745641708374,0,1.101611041527343,1.0979663014411927,63.25169510679951,-6.104367103871005e-05,0.0018049137932913645
2023-12-27 04:00:00+00:00,1.1039965152740479,1.1052166223526,1.1039965152740479,1.1043622493743896,0,1.1018730613222998,1.0980586051940917,64.6346860686594,-6.712377407880549e-05,0.001631643090929304
2023-12-27 08:00:00+00:00,1.1043622493743896,1.1061947345733643,1.1042402982711792,1.1061947345733643,0,1.1022846492509726,1.0981948137283326,69.30863361637472,3.054806452098364e-05,0.0016065750803266252
2023-12-27 12:00:00+00:00,1.1060723066329956,1.1117286682128906,1.1052166223526,1.110864281654358,0,1.1031017570989141,1.0984195756912232,77.47722513101144,0.00036911452715539467,0.002011052199772426
2023-12-27 16:00:00+00:00,1.110864281654358,1.1124708652496338,1.1102476119995117,1.1104941368103027,0,1.1038057932619034,1.098624837398529,75.7560312293837,0.0005184582081154813,0.0019619294575282504
2023-12-27 20:00:00+00:00,1.1104941368103027,1.1112345457077026,1.1102476119995117,1.1111111640930176,0,1.1045015428648668,1.0988521194458007,76.68583839699878,0.0006031892206287736,0.001902435507093157
2023-12-28 00:00:00+00:00,1.1111111640930176,1.1124708652496338,1.1111111640930176,1.1120996475219727,0,1.1052251718798294,1.0991522574424744,78.13272204423957,0.0006653111978450789,0.0019475136484418596
2023-12-28 04:00:00+00:00,1.1120996475219727,1.1128422021865845,1.110864281654358,1.1119760274887085,0,1.1058681105092465,1.099557716846466,77.4850785167583,0.0006375175093684708,0.0018809097153799875
2023-12-28 08:00:00+00:00,1.1117286682128906,1.1140819787979126,1.110987663269043,1.1122233867645264,0,1.1064733749145113,1.09999906539917,77.88018002795236,0.0005770454161385906,0.0020064115524291992
2023-12-28 12:00:00+00:00,1.1122233867645264,1.1122233867645264,1.1076650619506836,1.110987663269043,0,1.1069033071387524,1.1004180765151979,71.16182262487555,0.00040329909800729,0.002279886177607945
2023-12-28 16:00:00+00:00,1.110864281654358,1.110864281654358,1.1058276891708374,1.1068068742752075,0,1.10689412305651,1.1007249188423156,54.143876883386724,-2.1203640825453486e-05,0.0025356667382376535
2023-12-28 20:00:00+00:00,1.1068068742752075,1.1072970628738403,1.1060723066329956,1.1069294214248657,0,1.106897484805877,1.1010127472877502,54.48745134661752,-0.00030594532448116694,0.0024582317897251676
2023-12-29 00:00:00+00:00,1.107051968574524,1.1086474657058716,1.1066844463348389,1.1068068742752075,0,1.1068888552315275,1.101317207813263,54.051322762088994,-0.0005031048911195999,0.0024592195238385883
2023-12-29 04:00:00+00:00,1.1068068742752075,1.1079105138778687,1.106439471244812,1.1069294214248657,0,1.106892718678512,1.1016217350959778,54.444011293435445,-0.0006182462298730774,0.0025120036942618234
2023-12-29 08:00:00+00:00,1.1068068742752075,1.108033299446106,1.1048502922058105,1.1079105138778687,0,1.1069896515546411,1.1019387316703797,57.57035020006674,-0.0006197447693487143,0.002643627779824393
2023-12-29 12:00:00+00:00,1.1079105138778687,1.1082788705825806,1.1047282218933105,1.1052166223526,0,1.1068207916306372,1.102189917564392,47.85845280313684,-0.0007830520163181528,0.002801384244646345
2023-12-29 16:00:00+00:00,1.1049723625183105,1.1069294214248657,1.1041183471679688,1.1043622493743896,0,1.1065866447490897,1.1024192404747009,45.2511758448555,-0.0009200384804877882,0.00286257266998291
2023-12-29 20:00:00+00:00,1.1042402982711792,1.1053388118743896,1.1037527322769165,1.1039965152740479,0,1.1063399657514668,1.1026340770721434,44.14254112216389,-0.0010000657856677935,0.002510717936924526
2024-01-01 16:00:00+00:00,1.1055831909179688,1.1055831909179688,1.1053388118743896,1.1053388118743896,0,1.1062446177631737,1.1028614091873168,49.07390140499926,-0.0009289151486343275,0.0024652481079101562
2024-01-01 20:00:00+00:00,1.1053388118743896,1.1053388118743896,1.1038745641708374,1.1039965152740479,0,1.1060305127642094,1.102963318824768,44.81324390292495,-0.0009359462210338106,0.0024993419647216797
2024-01-02 00:00:00+00:00,1.1039965152740479,1.1046061515808105,1.1021713018417358,1.1027790307998657,0,1.1057208478152243,1.1030601811408998,41.30992204682083,-0.0009815130647728221,0.0025761382920401438
2024-01-02 04:00:00+00:00,1.1027790307998657,1.1041183471679688,1.1019283533096313,1.1020498275756836,0,1.10537122684003,1.1031352257728577,39.32687539937495,-0.0010154466587060816,0.0025912863867623465
2024-01-02 08:00:00+00:00,1.102292776107788,1.1041183471679688,1.0969723463058472,1.0972130298614502,0,1.1045942556992128,1.1031352257728577,29.284948644370928,-0.0013001325778943108,0.002880692481994629
2024-01-02 12:00:00+00:00,1.0972130298614502,1.0974539518356323,1.0945708751678467,1.0946906805038452,0,1.1036510580615586,1.1030895924568176,25.612086972724725,-0.0015763955380862279,0.0027610319001334055
2024-01-02 16:00:00+00:00,1.0948106050491333,1.0963709354400635,1.0945708751678467,1.0949305295944214,0,1.1028205315408788,1.1031063652038575,26.555360679629715,-0.001653027013615764,0.002521038055419922
2024-01-02 20:00:00+00:00,1.0949305295944214,1.0952903032302856,1.0942115783691406,1.0944511890411377,0,1.1020234513028082,1.1030487203598023,25.849880725564816,-0.0016426456134648003,0.0025106072425842285
2024-01-03 00:00:00+00:00,1.0944511890411377,1.0964912176132202,1.0944511890411377,1.0963709354400635,0,1.1014851164587374,1.1030775284767151,33.47271764154084,-0.0014214223924953824,0.002516107899802072
2024-01-03 04:00:00+00:00,1.0963709354400635,1.096611499786377,1.0955302715301514,1.0963709354400635,0,1.1009980515998161,1.1031111335754396,33.47271764154084,-0.0011989185108643389,0.0024882640157427105
2024-01-03 08:00:00+00:00,1.0962508916854858,1.0967316627502441,1.091941475868225,1.0922993421554565,0,1.1001696030813057,1.1030537152290345,26.716865038609072,-0.0012443829507232398,0.002603062561580113
2024-01-03 12:00:00+00:00,1.0925379991531372,1.0939722061157227,1.090274691581726,1.090869426727295,0,1.0992838719999714,1.1029700970649718,24.822087856442423,-0.0012839995122041932,0.0026135529790605816
2024-01-03 16:00:00+00:00,1.0909883975982666,1.0927767753601074,1.0897995233535767,1.0920606851577759,0,1.0985959494435718,1.1028453588485718,29.319401596163303,-0.0011476702844610467,0.0026254228183201383
2024-01-03 20:00:00+00:00,1.0921800136566162,1.093135118484497,1.0918222665786743,1.0928961038589478,0,1.098053107006941,1.1027180099487304,32.37470933017177,-0.0009283013355501453,0.0026059065546308246
2024-01-04 00:00:00+00:00,1.0928961038589478,1.0933741331100464,1.091941475868225,1.0928961038589478,0,1.0975619638499894,1.1025713109970092,32.37470933017177,-0.0007195830642484262,0.0025949052401951383
2024-01-04 04:00:00+00:00,1.0928961038589478,1.0945708751678467,1.0924185514450073,1.0940918922424316,0,1.0972314808397459,1.10243399143219,36.902500562009685,-0.00045052929159232003,0.0026440535272870746
2024-01-04 08:00:00+00:00,1.0940918922424316,1.0973334312438965,1.0938525199890137,1.095170259475708,0,1.097035174043171,1.1023351955413818,40.75486178468603,-0.00016422933503375692,0.0027187722069876535
2024-01-04 12:00:00+00:00,1.09505033493042,1.0967316627502441,1.0938525199890137,1.0957703590393066,0,1.0969147154713743,1.1022411394119263,42.84609316865511,8.772426518615902e-05,0.0027679971286228727
2024-01-04 16:00:00+00:00,1.0958904027938843,1.096611499786377,1.0945708751678467,1.09505033493042,0,1.0967371554198548,1.1020865654945373,40.9771358593057,0.0002204952605218114,0.002403327396937779
2024-01-04 20:00:00+00:00,1.09505033493042,1.0954102277755737,1.0946906805038452,1.09505033493042,0,1.0965765058494326,1.101958713531494,40.9771358593057,0.0003170525363188387,0.0022487895829336984
2024-01-05 00:00:00+00:00,1.0948106050491333,1.0957703590393066,1.0942115783691406,1.0942115783691406,0,1.0963512746608335,1.1018068051338197,38.696687695280666,0.00033159995121863437,0.002231555325644357
2024-01-05 04:00:00+00:00,1.0942115783691406,1.0944511890411377,1.0926573276519775,1.0926573276519775,0,1.0959994701837996,1.1016310930252076,34.82869506857624,0.00024756562570745844,0.002282636506216867
2024-01-05 08:00:00+00:00,1.0927767753601074,1.093135118484497,1.0906314849853516,1.0917030572891235,0,1.0955902880033541,1.101445996761322,32.66951167707825,0.00014387248576583573,0.002315751143864223
2024-01-05 12:00:00+00:00,1.0918222665786743,1.0997470617294312,1.0883761644363403,1.098056435585022,0,1.0958251592016082,1.1013612699508668,53.38832905161844,0.0004993224984385387,0.003050727503640311
2024-01-05 16:00:00+00:00,1.0981770753860474,1.0981770753860474,1.0934937000274658,1.0948106050491333,0,1.0957285349966106,1.1012140560150145,45.6583362395159,0.000510184127952497,0.003043098109109061
2024-01-05 20:00:00+00:00,1.0946906805038452,1.0949305295944214,1.0939722061157227,1.0944511890411377,0,1.0956068830008512,1.1010572242736816,44.88338456991479,0.00048753646927370085,0.0028474416051592144
2024-01-08 00:00:00+00:00,1.0943313837051392,1.0955302715301514,1.0934937000274658,1.0934937000274658,0,1.0954056274795765,1.1008642196655274,42.799314044675256,0.0004057942493834628,0.002780250140598842
2024-01-08 04:00:00+00:00,1.0936132669448853,1.0955302715301514,1.0933741331100464,1.0946906805038452,0,1.0953375372914116,1.1007073163986205,46.16467828734827,0.0004278660880605496,0.002840484891619001
2024-01-08 08:00:00+00:00,1.0946906805038452,1.095170259475708,1.0927767753601074,1.0940918922424316,0,1.095218904429604,1.1005554437637328,44.746405128349735,0.0003982725662138912,0.0029091153826032367
2024-01-08 12:00:00+00:00,1.0940918922424316,1.0976948738098145,1.0940918922424316,1.0972130298614502,0,1.095408821137399,1.1004416918754578,52.873567856270185,0.0005743367741545974,0.0030127338000706266
2024-01-08 16:00:00+00:00,1.0973334312438965,1.0981770753860474,1.0952903032302856,1.0963709354400635,0,1.095500451070986,1.1002745461463928,50.70648996922217,0.0006158404464906683,0.0029702952929905485
2024-01-08 20:00:00+00:00,1.0963709354400635,1.0963709354400635,1.095170259475708,1.0952903032302856,0,1.0954804369909192,1.1000906682014466,47.988339897158845,0.0005542019415584062,0.002850404807499477
2024-01-09 00:00:00+00:00,1.0955302715301514,1.0968520641326904,1.0952903032302856,1.0964912176132202,0,1.0955767018120908,1.0999430012702942,51.12396865211156,0.0005754869455016809,0.0028162002563476562
2024-01-09 04:00:00+00:00,1.0964912176132202,1.096611499786377,1.0949305295944214,1.0958904027938843,0,1.095606578096071,1.0997735643386841,49.515622805292395,0.0005313372035551742,0.0028848733220781598
2024-01-09 08:00:00+00:00,1.0960105657577515,1.0960105657577515,1.093135118484497,1.0934937000274658,0,1.0954053516133468,1.099519543647766,43.620369786344966,0.0003326682347671486,0.0029789209365844727
2024-01-09 12:00:00+00:00,1.0934937000274658,1.0954102277755737,1.0921800136566162,1.0921800136566162,0,1.0950981765698486,1.0991458582878113,40.756093214611596,0.00011592152180088023,0.0030815175601414274
2024-01-09 16:00:00+00:00,1.0920606851577759,1.0942115783691406,1.0913456678390503,1.0927767753601074,0,1.0948770907403496,1.0987915110588073,42.599969032268895,2.086237421122393e-05,0.0031073944909232004
2024-01-09 20:00:00+00:00,1.0928961038589478,1.0936132669448853,1.0927767753601074,1.0934937000274658,0,1.0947453392438844,1.0984391617774962,44.821808625471796,1.4678762774830343e-05,0.0023549369403294156
2024-01-10 00:00:00+00:00,1.0936132669448853,1.0939722061157227,1.0930156707763672,1.0932546854019165,0,1.094603372211316,1.0980622625350953,44.20743644409428,3.485502428899061e-06,0.002088734081813267
2024-01-10 04:00:00+00:00,1.0932546854019165,1.0946906805038452,1.0926573276519775,1.093135118484497,0,1.0944635385230477,1.097685444355011,43.88338532289507,-2.6460100809108525e-06,0.0021655218941824777
2024-01-10 08:00:00+00:00,1.093135118484497,1.0957703590393066,1.0928961038589478,1.0948106050491333,0,1.0944965924779129,1.097337188720703,49.47270380332753,0.00010927865735307863,0.0022253564425877164
2024-01-10 12:00:00+00:00,1.0949305295944214,1.0972130298614502,1.0936132669448853,1.0969723463058472,0,1.0947323785567638,1.0970568823814393,55.615252289964765,0.0003201139455377474,0.002328472478049142
2024-01-10 16:00:00+00:00,1.0970927476882935,1.0973334312438965,1.0955302715301514,1.0973334312438965,0,1.0949800978603002,1.096867413520813,56.56509513199358,0.00046624887636601974,0.00228630644934518
2024-01-10 20:00:00+00:00,1.0973334312438965,1.0978153944015503,1.0964912176132202,1.0976948738098145,0,1.0952386479507301,1.096682722568512,57.544509494637325,0.0005631303895807206,0.002123534679412842
2024-01-11 00:00:00+00:00,1.0976948738098145,1.0987803936004639,1.0975743532180786,1.0984183549880981,0,1.0955414771923841,1.0965149521827697,59.51249213456179,0.0006458830962061653,0.0020034824098859516
2024-01-11 04:00:00+00:00,1.0982975959777832,1.0991426706314087,1.0978153944015503,1.0982975959777832,0,1.0958039646957556,1.0963423156738281,59.02071440953087,0.0006600925721960117,0.0020125252859933035
2024-01-11 08:00:00+00:00,1.0981770753860474,1.098538875579834,1.0961307287216187,1.0981770753860474,0,1.096029975237688,1.0961476469039917,58.50113562837152,0.0006291063257366486,0.002072981425694057
2024-01-11 12:00:00+00:00,1.0981770753860474,1.0992635488510132,1.0934937000274658,1.0948106050491333,0,1.09591384474354,1.0959395265579224,46.252663641747795,0.00036283383609631996,0.002365044185093471
2024-01-11 16:00:00+00:00,1.0949305295944214,1.098538875579834,1.0942115783691406,1.098538875579834,0,1.09616384768033,1.0958230590820313,56.992133132152645,0.0004149897472401765,0.002468747752053397
2024-01-11 20:00:00+00:00,1.098538875579834,1.098538875579834,1.0960105657577515,1.0984183549880981,0,1.0963785626620222,1.0957114958763123,56.59843007426525,0.00041742960843283957,0.00241861173084804
2024-01-12 00:00:00+00:00,1.098538875579834,1.0991426706314087,1.0975743532180786,1.098056435585022,0,1.09653836008326,1.0955658483505248,55.36163407672155,0.0003722235964173401,0.0023259265082223074
2024-01-12 04:00:00+00:00,1.098056435585022,1.098659634590149,1.0964912176132202,1.0969723463058472,0,1.0965796921044588,1.095425364971161,51.71613013732438,0.0002525882807368231,0.0024210640362330844
2024-01-12 08:00:00+00:00,1.0970927476882935,1.098538875579834,1.09505033493042,1.0954102277755737,0,1.0964683145493268,1.095277988910675,46.92150935759261,6.14911905635137e-05,0.002601921558380127
2024-01-12 12:00:00+00:00,1.0954102277755737,1.0989010334014893,1.0939722061157227,1.0969723463058472,0,1.0965163175737573,1.0951764392852783,51.73989130198598,3.486222937770268e-05,0.002808741160801479
2024-01-12 16:00:00+00:00,1.0968520641326904,1.0976948738098145,1.09505033493042,1.0958904027938843,0,1.096456706642341,1.095149986743927,48.458713077754034,-5.6102681285578936e-05,0.002792332853589739
2024-01-12 20:00:00+00:00,1.0958904027938843,1.0961307287216187,1.095170259475708,1.0955302715301514,0,1.0963684747268942,1.0951667785644532,47.38161539085511,-0.00013643134700135902,0.002603811877114432
2024-01-15 00:00:00+00:00,1.0948106050491333,1.0972130298614502,1.0944511890411377,1.0967316627502441,0,1.0964030640624514,1.0952028012275696,51.2726435993274,-0.00010591878749508074,0.0026722890990121023
2024-01-15 04:00:00+00:00,1.0967316627502441,1.0970927476882935,1.0955302715301514,1.0957703590393066,0,1.0963428064411995,1.095229184627533,48.20117990601149,-0.00014530934186687366,0.002689310482570103
2024-01-15 08:00:00+00:00,1.0960105657577515,1.0972130298614502,1.0936132669448853,1.0949305295944214,0,1.0962083038843635,1.0952003765106202,45.6294796176987,-0.00021836550256237506,0.002860290663582938
2024-01-15 12:00:00+00:00,1.0948106050491333,1.0960105657577515,1.0940918922424316,1.0952903032302856,0,1.0961208752506417,1.0951787638664245,46.93561660398058,-0.00023163932315410624,0.002902533326830183
2024-01-15 16:00:00+00:00,1.0954102277755737,1.095650315284729,1.09505033493042,1.0954102277755737,0,1.0960531945387304,1.0952409815788269,47.38931021403823,-0.00022152555129192328,0.002773378576551165
2024-01-15 20:00:00+00:00,1.0954102277755737,1.0955302715301514,1.0948106050491333,1.0948106050491333,0,1.0959348526825783,1.0953198051452637,45.303632255710504,-0.00024269799455242758,0.0024126512663705008
2024-01-16 00:00:00+00:00,1.0946906805038452,1.0949305295944214,1.0918222665786743,1.0921800136566162,0,1.09557724896582,1.0953221917152405,37.50503589112292,-0.00041142865460928126,0.0023255773953029086
2024-01-16 04:00:00+00:00,1.0921800136566162,1.0928961038589478,1.091226577758789,1.0920606851577759,0,1.0952423381269587,1.095305483341217,37.192275579910216,-0.0005026001460281477,0.002264235700879778
2024-01-16 08:00:00+00:00,1.091941475868225,1.0925379991531372,1.0877841711044312,1.0894432067871094,0,1.094690039904116,1.0952364253997802,31.071483252708887,-0.0006986602541697313,0.002491772174835205
2024-01-16 12:00:00+00:00,1.089561939239502,1.0900371074676514,1.087074637413025,1.0888501405715942,0,1.0941338590153042,1.0951315903663634,29.871920944436397,-0.0008193990780106081,0.002548490251813616
2024-01-16 16:00:00+00:00,1.087902545928955,1.089680790901184,1.0866022109985352,1.0876659154891968,0,1.0935178643937702,1.0949815034866333,27.582088389649357,-0.000922457452993673,0.002519207341330392
2024-01-16 20:00:00+00:00,1.0876659154891968,1.088139295578003,1.087311029434204,1.088139295578003,0,1.0930056197446494,1.0948288822174073,29.89546892789815,-0.0009011446181596558,0.0022263101169041227
2024-01-17 00:00:00+00:00,1.088139295578003,1.0887316465377808,1.0868383646011353,1.08695650100708,0,1.0924295131982142,1.0946670055389405,27.529126795666173,-0.0009066348792932562,0.0021726489067077637
2024-01-17 04:00:00+00:00,1.0868383646011353,1.0876659154891968,1.085894227027893,1.087311029434204,0,1.0919420385540228,1.0945122194290162,29.33465823424129,-0.0008284622266045011,0.002230593136378697
2024-01-17 08:00:00+00:00,1.0874292850494385,1.0886130332946777,1.0863661766052246,1.0882576704025269,0,1.0915911463491184,1.094393141269684,34.05874316082051,-0.0006622737478882645,0.0021938085556030273
2024-01-17 12:00:00+00:00,1.088139295578003,1.0883761644363403,1.0848339796066284,1.0853049755096436,0,1.0909924634120256,1.094246094226837,27.813083288926663,-0.000696967578502745,0.002335216317858015
2024-01-17 16:00:00+00:00,1.0853049755096436,1.088139295578003,1.0851871967315674,1.0877841711044312,0,1.0906869117636833,1.0941677165031434,38.08035533664294,-0.0005075127498090522,0.0022889545985630582
2024-01-17 20:00:00+00:00,1.0876659154891968,1.0888501405715942,1.0874292850494385,1.0888501405715942,0,1.0905119811739605,1.0939835906028748,41.90634618277151,-0.0002765294848163474,0.0022533961704799105
2024-01-18 00:00:00+00:00,1.0889687538146973,1.0903936624526978,1.0884946584701538,1.0897995233535767,0,1.0904441280482098,1.0938833689689635,45.1566270904696,-3.8435548172240964e-05,0.0023461835724966867
2024-01-18 04:00:00+00:00,1.0897995233535767,1.0909883975982666,1.0890873670578003,1.0892059803009033,0,1.090326209215133,1.0937784647941589,43.51735787817234,9.325562229326942e-05,0.0024305667196001324
2024-01-18 08:00:00+00:00,1.0889687538146973,1.0901559591293335,1.088020920753479,1.0892059803009033,0,1.090219520747111,1.0936927103996277,43.51735787817234,0.00018901811408710023,0.00236105067389352
2024-01-18 12:00:00+00:00,1.0893245935440063,1.089680790901184,1.0851871967315674,1.0854227542877197,0,1.0897626858462166,1.0935073518753051,34.310101812967176,1.5373721711842364e-05,0.002562769821711949
2024-01-18 16:00:00+00:00,1.0855406522750854,1.087311029434204,1.0853049755096436,1.0864840745925903,0,1.089450437155395,1.0933551955223084,38.25672986705759,-8.89437194691008e-06,0.0023665002414158414
2024-01-18 20:00:00+00:00,1.0864840745925903,1.088139295578003,1.0863661766052246,1.088139295578003,0,1.0893255665289767,1.0931737208366394,43.91600426255765,9.965750414572512e-05,0.0022815465927124023
2024-01-19 00:00:00+00:00,1.0882576704025269,1.0892059803009033,1.087902545928955,1.0892059803009033,0,1.0893141773643982,1.0930304217338562,47.27022628845286,0.0002479817464535049,0.002154750483376639
2024-01-19 04:00:00+00:00,1.0892059803009033,1.0892059803009033,1.087902545928955,1.0883761644363403,0,1.0892248427998212,1.0928921389579773,45.01475110140199,0.0002918636980278838,0.0021886910711015973
2024-01-19 08:00:00+00:00,1.088020920753479,1.089561939239502,1.087074637413025,1.0890873670578003,0,1.0892117498720097,1.092744061946869,47.334151648561246,0.00036566186401276344,0.002231121063232422
2024-01-19 12:00:00+00:00,1.0890873670578003,1.0892059803009033,1.087074637413025,1.0884946584701538,0,1.0891434554527855,1.0925961470603942,45.60752431166873,0.00037029632726577047,0.0022568106651306152
2024-01-19 16:00:00+00:00,1.0884946584701538,1.0899182558059692,1.0883761644363403,1.089561939239502,0,1.0891833110515203,1.092517511844635,49.20089656531913,0.00043643003784069176,0.002206470285143171
2024-01-19 20:00:00+00:00,1.089561939239502,1.0900371074676514,1.0894432067871094,1.0899182558059692,0,1.0892533057900393,1.092472276687622,50.379496902250146,0.0004912766599866514,0.0019958785602024625
2024-01-22 00:00:00+00:00,1.089561939239502,1.091226577758789,1.0894432067871094,1.0905125141143799,0,1.0893732303923573,1.0924269914627076,52.364517479962316,0.0005502387704221876,0.001912397997719901
2024-01-22 04:00:00+00:00,1.0905125141143799,1.091226577758789,1.0900371074676514,1.0901559591293335,0,1.089447775986355,1.092360236644745,51.045065618383354,0.0005467567093530982,0.0018958704812186106
2024-01-22 08:00:00+00:00,1.0901559591293335,1.0905125141143799,1.0886130332946777,1.0893245935440063,0,1.089436044325179,1.0922816348075868,48.00756525564569,0.0004727709143208848,0.001895904541015625
2024-01-22 12:00:00+00:00,1.0893245935440063,1.0901559591293335,1.0883761644363403,1.0888501405715942,0,1.0893802439676947,1.0921959352493287,46.31377900390975,0.00038017299095403445,0.0018872448376246861
2024-01-22 16:00:00+00:00,1.0888501405715942,1.090274691581726,1.0883761644363403,1.0887316465377808,0,1.0893184727838934,1.0920743560791015,45.878422144627294,0.0003026134590065363,0.0018703511783054896
2024-01-22 20:00:00+00:00,1.0888501405715942,1.0889687538146973,1.088020920753479,1.088139295578003,0,1.0892061701928561,1.0918976950645447,43.66853018102597,0.00020761533900002399,0.0016170825277056014
2024-01-23 00:00:00+00:00,1.087902545928955,1.0897995233535767,1.087902545928955,1.089561939239502,0,1.0892400529592035,1.0917422652244568,49.909085663492704,0.0002347860602483656,0.0016092913491385324
2024-01-23 04:00:00+00:00,1.0894432067871094,1.0918222665786743,1.0894432067871094,1.091226577758789,0,1.0894292457972592,1.0916128993034362,56.04511966641315,0.00035201393184275637,0.0016525728361947195
2024-01-23 08:00:00+00:00,1.091226577758789,1.091226577758789,1.0863661766052246,1.08695650100708,0,1.0891937462934325,1.091383662223816,41.87474340695495,0.0001400006268641471,0.001906641892024449
2024-01-23 12:00:00+00:00,1.0868383646011353,1.0877841711044312,1.0824854373931885,1.0834236145019531,0,1.0886442099323392,1.0910861825942992,34.17565775625222,-0.0002205339117677935,0.0021920204162597656
2024-01-23 16:00:00+00:00,1.0836584568023682,1.0850694179534912,1.0828369855880737,1.0848339796066284,0,1.0882813308537,1.090819320678711,38.99758416789254,-0.0003392894552547418,0.0021738154547555105
2024-01-23 20:00:00+00:00,1.0848339796066284,1.0862481594085693,1.0847163200378418,1.0860122442245483,0,1.0880652273652094,1.0906433534622193,42.76946384627382,-0.00031431604833418326,0.002130993774959019
2024-01-24 00:00:00+00:00,1.0860122442245483,1.0863661766052246,1.0854227542877197,1.086130142211914,0,1.087880933541086,1.090395178794861,43.1482576042726,-0.00026751899834660873,0.002088231699807303
2024-01-24 04:00:00+00:00,1.0862481594085693,1.088139295578003,1.086130142211914,1.0876659154891968,0,1.0878604556313822,1.0901801300048828,47.978442428130556,-0.00011840127186945096,0.0021893211773463656
2024-01-24 08:00:00+00:00,1.088020920753479,1.0909883975982666,1.08672034740448,1.089561939239502,0,1.0880225016892984,1.0900102400779723,53.25833949900417,0.00011029227874931064,0.0023667982646397184
2024-01-24 12:00:00+00:00,1.089680790901184,1.0933741331100464,1.0890873670578003,1.0903936624526978,0,1.0882483265239078,1.0898786664009095,55.396925096149204,0.0003087013681872787,0.002588033676147461
2024-01-24 16:00:00+00:00,1.0903936624526978,1.0911074876785278,1.0884946584701538,1.0890873670578003,0,1.0883282351461834,1.089752209186554,51.417836947418145,0.0003405808661113935,0.0026389871324811664
2024-01-24 20:00:00+00:00,1.0890873670578003,1.0893245935440063,1.088139295578003,1.0884946584701538,0,1.0883440849865615,1.08958265542984,49.674365897909574,0.00031117485661319086,0.0025965230805533273
2024-01-25 00:00:00+00:00,1.0883761644363403,1.0884946584701538,1.087311029434204,1.088139295578003,0,1.0883245812333655,1.0894276332855224,48.61011715768063,0.0002593354073307157,0.0025454589298793246
2024-01-25 04:00:00+00:00,1.088139295578003,1.0893245935440063,1.0877841711044312,1.0890873670578003,0,1.0883972275023592,1.0892987751960754,51.590002557160915,0.00027874368089701333,0.002587786742619106
2024-01-25 08:00:00+00:00,1.0892059803009033,1.0901559591293335,1.0886130332946777,1.0897995233535767,0,1.0885307794881895,1.0891601324081421,53.75904308489385,0.0003261003639401263,0.002562497343335833
2024-01-25 12:00:00+00:00,1.0897995233535767,1.0900371074676514,1.0833063125610352,1.0834236145019531,0,1.0880443828228337,1.0889131975173951,37.541222717558924,-6.459495437291876e-05,0.002873335565839495
2024-01-25 16:00:00+00:00,1.0833063125610352,1.0854227542877197,1.0827198028564453,1.0838934183120728,0,1.0876490528694278,1.088692455291748,39.00144713432567,-0.00027234727227225817,0.002719232014247349
2024-01-25 20:00:00+00:00,1.0838934183120728,1.0851871967315674,1.0836584568023682,1.0849517583847046,0,1.0873921676804066,1.0884856843948365,42.27545726273179,-0.0003163639980394196,0.0024499467441013883
2024-01-26 00:00:00+00:00,1.0848339796066284,1.0851871967315674,1.0840108394622803,1.0848339796066284,0,1.0871485307209992,1.0882741594314576,42.005253999828035,-0.00032978309712326315,0.0023745128086635043
2024-01-26 04:00:00+00:00,1.0848339796066284,1.0848339796066284,1.081548810005188,1.08236825466156,0,1.086693266334386,1.088025312423706,36.71466405713942,-0.0004724095419894453,0.002499750682285854
2024-01-26 08:00:00+00:00,1.0822510719299316,1.087902545928955,1.0821340084075928,1.0876659154891968,0,1.086785899587225,1.0879350304603577,50.995678842830024,-0.0001920260738763937,0.0028444017682756695
2024-01-26 12:00:00+00:00,1.0877841711044312,1.0884946584701538,1.085894227027893,1.08672034740448,0,1.0867796565222017,1.0878282237052916,48.87564955916516,-5.91969696822662e-05,0.0028866359165736605
2024-01-26 16:00:00+00:00,1.08672034740448,1.087311029434204,1.0857763290405273,1.086130142211914,0,1.08671779801646,1.0877619624137878,47.54695220508339,-3.0018518677927576e-06,0.002691396645137242
2024-01-26 20:00:00+00:00,1.0860122442245483,1.0864840745925903,1.0855406522750854,1.0857763290405273,0,1.0866281343044664,1.0877004861831665,46.72687281312577,1.7307555361296707e-05,0.0024525863783700125
2024-01-29 00:00:00+00:00,1.0845986604690552,1.0851871967315674,1.0842459201812744,1.0848339796066284,0,1.0864572624284818,1.0876438474655152,44.52419028900822,-2.3538615034931652e-05,0.0023752706391470773
2024-01-29 04:00:00+00:00,1.0848339796066284,1.0853049755096436,1.0838934183120728,1.0840108394622803,0,1.0862242697650342,1.0875612783432007,42.63365725356833,-9.29133853290649e-05,0.0023914320128304617
2024-01-29 08:00:00+00:00,1.0841283798217773,1.084481120109558,1.0817828178405762,1.0824854373931885,0,1.085868190491525,1.0874718570709228,39.30314683727588,-0.00022113753627900714,0.002499622958047049
2024-01-29 12:00:00+00:00,1.082602620124817,1.0840108394622803,1.0800302028656006,1.080263614654541,0,1.0853344213641931,1.0873309087753296,35.01277882014949,-0.00042346554003756267,0.002673923969268799
2024-01-29 16:00:00+00:00,1.080263614654541,1.0822510719299316,1.0800302028656006,1.0821340084075928,0,1.0850296201302312,1.087208435535431,40.86499278682833,-0.00039951317485769754,0.002722348485674177
2024-01-29 20:00:00+00:00,1.0824854373931885,1.0842459201812744,1.0824854373931885,1.0836584568023682,0,1.084899033146625,1.0871755051612855,45.19673893993889,-0.00025615513400362925,0.0023924282618931363
2024-01-30 00:00:00+00:00,1.0837758779525757,1.084481120109558,1.0833063125610352,1.0833063125610352,0,1.0847473454718068,1.0870859479904176,44.38787541914464,-0.000164646922907569,0.0022832751274108887
2024-01-30 04:00:00+00:00,1.0833063125610352,1.0836584568023682,1.081548810005188,1.082602620124817,0,1.0845430859149507,1.086960997581482,42.7417335646048,-0.00013249391311646722,0.002324768475123814
2024-01-30 08:00:00+00:00,1.0830715894699097,1.0850694179534912,1.0818997621536255,1.084481120109558,0,1.0845371844096754,1.0868546295166015,48.25815922948852,2.5862360756580185e-05,0.0024671469415937152
2024-01-30 12:00:00+00:00,1.084481120109558,1.085894227027893,1.0831888914108276,1.0840108394622803,0,1.0844870563194473,1.086750726699829,47.036403793494,0.000105066459737958,0.0024257302284240723
2024-01-30 16:00:00+00:00,1.0840108394622803,1.0849517583847046,1.0835410356521606,1.0848339796066284,0,1.0845200966325121,1.0866632866859436,49.44878790836057,0.00021281112472255719,0.002114457743508475
2024-01-30 20:00:00+00:00,1.0849517583847046,1.0851871967315674,1.0841283798217773,1.0845986604690552,0,1.0845275789026592,1.0866468048095703,48.76496280422536,0.0002647628719582339,0.002004342419760568
2024-01-31 00:00:00+00:00,1.0845986604690552,1.0850694179534912,1.0818997621536255,1.0821340084075928,0,1.084299619807891,1.0865598034858703,42.18490749617534,0.00013614703558560226,0.0021211249487740652
2024-01-31 04:00:00+00:00,1.0821340084075928,1.0824854373931885,1.080964207649231,1.0820168256759644,0,1.0840822108429455,1.0864373540878296,41.89545239075635,5.059689253242468e-05,0.0021623969078063965
2024-01-31 08:00:00+00:00,1.0818997621536255,1.0843634605407715,1.0813149213790894,1.0842459201812744,0,1.0840978022085006,1.086338152885437,49.05629584784704,0.00014614278297211546,0.0022708347865513395
2024-01-31 12:00:00+00:00,1.0843634605407715,1.0888501405715942,1.0836584568023682,1.0864840745925903,0,1.0843250662450805,1.086300311088562,55.046770081340945,0.0003504325784044772,0.002540843827383859
2024-01-31 16:00:00+00:00,1.0863661766052246,1.087074637413025,1.0822510719299316,1.0842459201812744,0,1.084317528524718,1.0862034821510316,48.8594328185375,0.0003257054597991324,0.002692648342677525
2024-01-31 20:00:00+00:00,1.0843634605407715,1.0843634605407715,1.0797970294952393,1.0807305574417114,0,1.0839759122310983,1.0860482001304625,41.054072199501256,7.648041234327766e-05,0.002734490803309849
2024-02-01 00:00:00+00:00,1.0807305574417114,1.0824854373931885,1.0804970264434814,1.0814317464828491,0,1.0837336107312652,1.0858855962753295,43.00973896736559,-3.147462917561805e-05,0.002717886652265276
2024-02-01 04:00:00+00:00,1.081548810005188,1.081548810005188,1.0787487030029297,1.079563856124878,0,1.0833364912449426,1.0856785082817078,39.27187392587767,-0.0002091060945309198,0.0027670434543064664
2024-02-01 08:00:00+00:00,1.079563856124878,1.081548810005188,1.078283429145813,1.08119797706604,0,1.0831328232279043,1.0854922175407409,43.86793047024752,-0.00019713088269337044,0.002916370119367327
2024-02-01 12:00:00+00:00,1.0813149213790894,1.0834236145019531,1.0810810327529907,1.0829542875289917,0,1.0831158198280078,1.0853481841087342,48.388984181064295,-5.869448829491121e-05,0.0029330083302089144
2024-02-01 16:00:00+00:00,1.0833063125610352,1.0877841711044312,1.0833063125610352,1.0875475406646729,0,1.0835378884791187,1.0853126430511475,57.9319750783335,0.0003329290911925284,0.0030515960284641813
2024-02-01 20:00:00+00:00,1.0874292850494385,1.087902545928955,1.087074637413025,1.0876659154891968,0,1.0839310339086499,1.0852889585494996,58.14675559535323,0.0005763808456491882,0.002917494092668806
2024-02-02 00:00:00+00:00,1.0876659154891968,1.0882576704025269,1.087311029434204,1.088020920753479,0,1.0843205469414907,1.0852747440338135,58.82569215673745,0.0007279867408046625,0.002884345395224435
2024-02-02 04:00:00+00:00,1.088020920753479,1.0889687538146973,1.0875475406646729,1.0884946584701538,0,1.084718081372792,1.0852818512916564,59.763698918182364,0.0008199959978511266,0.0029102308409554617
2024-02-02 08:00:00+00:00,1.0884946584701538,1.0900371074676514,1.0877841711044312,1.0886130332946777,0,1.0850890291748763,1.08526287317276,60.008858870093036,0.000845280593085397,0.0028447508811950684
2024-02-02 12:00:00+00:00,1.0886130332946777,1.0888501405715942,1.0786322355270386,1.0804970264434814,0,1.08465169558141,1.0850482821464538,41.388770323678465,0.00029999243572279,0.003465941974094936
2024-02-02 16:00:00+00:00,1.0806137323379517,1.0806137323379517,1.078399658203125,1.0794472694396973,0,1.084156035948866,1.0848980975151061,39.67400960215119,-0.00012406694911104582,0.0034063373293195453
2024-02-02 20:00:00+00:00,1.079563856124878,1.0800302028656006,1.0789813995361328,1.0794472694396973,0,1.083707581995612,1.084818570613861,39.674009602151195,-0.00038263678100678436,0.003110417297908238
2024-02-05 00:00:00+00:00,1.07758629322052,1.078515887260437,1.0771219730377197,1.0781670808792114,0,1.0831799152226214,1.0846852326393128,37.47791543550145,-0.0006047528458849528,0.0029319695063999723
2024-02-05 04:00:00+00:00,1.0781670808792114,1.0787487030029297,1.07758629322052,1.078283429145813,0,1.0827135832153063,1.084530656337738,37.81481654622633,-0.0007018746328682325,0.0026888251304626465
2024-02-05 08:00:00+00:00,1.078283429145813,1.0788650512695312,1.0750375986099243,1.0757315158843994,0,1.0820486244218865,1.0843226838111877,33.545189702497865,-0.0008842436463581605,0.002820185252598354
2024-02-05 12:00:00+00:00,1.0758472681045532,1.0759629011154175,1.0726161003112793,1.0728462934494019,0,1.0811722119483167,1.0840262913703917,29.490906190162676,-0.0011297395275246807,0.0028592348098754883
2024-02-05 16:00:00+00:00,1.072961449623108,1.0749220848083496,1.0728462934494019,1.0745755434036255,0,1.0805439578012033,1.0837265634536744,34.59324857769698,-0.0011048730540893941,0.002774264131273542
2024-02-05 20:00:00+00:00,1.0745755434036255,1.0746910572052002,1.0739984512329102,1.0744600296020508,0,1.0799645360679506,1.0834078907966613,34.41409659221996,-0.0010270625202138633,0.0026564087186540875
2024-02-06 00:00:00+00:00,1.0744600296020508,1.0751532316207886,1.0744600296020508,1.074806571006775,0,1.0794733013002196,1.0831222748756408,35.49339222634099,-0.0008883184646550214,0.002360931464603969
2024-02-06 04:00:00+00:00,1.0746910572052002,1.0765421390533447,1.0746910572052002,1.0756157636642456,0,1.0791059167634602,1.0828646969795228,38.05672824986106,-0.0006871056712577477,0.0024340152740478516
2024-02-06 08:00:00+00:00,1.0758472681045532,1.0761945247650146,1.0727311372756958,1.0742292404174805,0,1.0786414713971764,1.0825864958763123,35.45680325212824,-0.0005958459969258008,0.0026137828826904297
2024-02-06 12:00:00+00:00,1.0742292404174805,1.0750375986099243,1.0726161003112793,1.0745755434036255,0,1.0782542401596953,1.0822962594032288,36.62142686829838,-0.00046634381486563084,0.0026852318218776156
2024-02-06 16:00:00+00:00,1.0745755434036255,1.0758472681045532,1.0743446350097656,1.0752688646316528,0,1.077969918680834,1.0820056462287904,38.99479420843927,-0.0002964519028328975,0.002631638731275286
2024-02-06 20:00:00+00:00,1.0752688646316528,1.0759629011154175,1.0752688646316528,1.0759629011154175,0,1.0777787741507943,1.0818564319610595,41.361990178262076,-0.00010942918549128496,0.0019513624055044992
2024-02-07 00:00:00+00:00,1.0758472681045532,1.0770059823989868,1.0758472681045532,1.0761945247650146,0,1.0776278932569103,1.0817024540901183,42.168513544980755,4.9266053308370805e-05,0.0018759795597621373
2024-02-07 04:00:00+00:00,1.0761945247650146,1.07758629322052,1.0759629011154175,1.077470064163208,0,1.077612861914653,1.0815528202056885,46.530084022879926,0.00024839508770010954,0.0019170216151646205
2024-02-07 08:00:00+00:00,1.07758629322052,1.077702283859253,1.0761945247650146,1.077470064163208,0,1.077599262128801,1.08140554189682,46.530084022879926,0.0003804604816582957,0.001858626093183245
2024-02-07 12:00:00+00:00,1.0773539543151855,1.0786322355270386,1.0759629011154175,1.0759629011154175,0,1.0774434182227646,1.081277434825897,42.17161012721105,0.0003665178277530326,0.001966263566698347
2024-02-07 16:00:00+00:00,1.0759629011154175,1.077818512916565,1.0759629011154175,1.077470064163208,0,1.0774459559313783,1.0810735177993775,47.47054066605321,0.00045332293618599844,0.0018254177910940988
2024-02-07 20:00:00+00:00,1.07758629322052,1.0780508518218994,1.0772379636764526,1.077818512916565,0,1.0774814375490152,1.0808954811096192,48.64224099566288,0.0005237446690489667,0.0016444240297589982
2024-02-08 00:00:00+00:00,1.077818512916565,1.0787487030029297,1.077818512916565,1.078515887260437,0,1.0775799565691506,1.0807431960105895,50.99804296541354,0.0006012798918897764,0.0015625953674316406
2024-02-08 04:00:00+00:00,1.078515887260437,1.079097867012024,1.077934741973877,1.078399658203125,0,1.077658023391434,1.0805956625938415,50.58159697462237,0.0006259164810977626,0.0015962038721357072
2024-02-08 08:00:00+00:00,1.078399658203125,1.0788650512695312,1.0764262676239014,1.0765421390533447,0,1.0775517486925683,1.0804298257827758,44.348707700527974,0.0005035540848446259,0.001720888274056571
2024-02-08 12:00:00+00:00,1.0764262676239014,1.0770059823989868,1.0744600296020508,1.0765421390533447,0,1.0774555953935947,1.0802804517745972,44.348707700527974,0.0004128648423716451,0.001770521913255964
2024-02-08 16:00:00+00:00,1.0765421390533447,1.078399658203125,1.0764262676239014,1.077818512916565,0,1.077490158967211,1.0801871132850647,49.32498663972201,0.00042729599464325215,0.0016640935625348771
2024-02-08 20:00:00+00:00,1.077934741973877,1.078283429145813,1.077702283859253,1.0780508518218994,0,1.0775435582867052,1.0801428580284118,50.19796854225377,0.0004392563030107611,0.00153263977595738
2024-02-09 00:00:00+00:00,1.0781670808792114,1.0781670808792114,1.0773539543151855,1.077470064163208,0,1.0775365588463721,1.080049579143524,47.97317382698218,0.00039614796348804153,0.0014833893094744002
2024-02-09 04:00:00+00:00,1.0773539543151855,1.078515887260437,1.0772379636764526,1.078283429145813,0,1.0776076893510806,1.079942078590393,51.23291680179006,0.00040885213594729305,0.0015250955309186662
2024-02-09 08:00:00+00:00,1.078515887260437,1.0787487030029297,1.0765421390533447,1.077470064163208,0,1.077594582190331,1.0798253536224365,47.994503941121025,0.00035112657317364093,0.0015999419348580496
2024-02-09 12:00:00+00:00,1.07758629322052,1.0796804428100586,1.076774001121521,1.0788650512695312,0,1.0777155792454929,1.0797506022453307,53.431340485601304,0.00039241466891079015,0.0016915883336748397
2024-02-09 16:00:00+00:00,1.0787487030029297,1.0793308019638062,1.078283429145813,1.078515887260437,0,1.0777917990564398,1.0796312975883484,51.966912862293526,0.00038139617544660906,0.0016587035996573313
2024-02-09 20:00:00+00:00,1.078515887260437,1.079214334487915,1.078283429145813,1.0787487030029297,0,1.0778829327656294,1.0795260548591614,52.89398967782198,0.00037444184195576486,0.0015345300946916854
2024-02-12 00:00:00+00:00,1.0800302028656006,1.080263614654541,1.0794472694396973,1.0794472694396973,0,1.0780319172107786,1.0794183206558228,55.65938359072859,0.00039926909538399704,0.0015101943697248185
2024-02-12 04:00:00+00:00,1.0794472694396973,1.0807305574417114,1.0793308019638062,1.0807305574417114,0,1.0782889305661054,1.0793409585952758,60.273248123044226,0.0004791204953768478,0.0015521134649004256
2024-02-12 08:00:00+00:00,1.0803803205490112,1.0803803205490112,1.076658010482788,1.0773539543151855,0,1.078199885208875,1.0792453575134278,46.548378256760046,0.0002907986441129643,0.0017765675272260392
2024-02-12 12:00:00+00:00,1.0772379636764526,1.07758629322052,1.0759629011154175,1.0770059823989868,0,1.078086180179362,1.0791451406478882,45.40102241273163,0.0001368805164467786,0.0018094437462942941
2024-02-12 16:00:00+00:00,1.0771219730377197,1.0788650512695312,1.0768898725509644,1.0772379636764526,0,1.0780053976552753,1.0790049815177918,46.3504311791783,4.929389836885059e-05,0.0017763291086469377
2024-02-12 20:00:00+00:00,1.0772379636764526,1.077818512916565,1.0772379636764526,1.077470064163208,0,1.0779544135131736,1.078824701309204,47.337122061606046,7.769277588315533e-06,0.0016359431403023855
2024-02-13 00:00:00+00:00,1.077470064163208,1.077702283859253,1.0764262676239014,1.0765421390533447,0,1.077819911183666,1.0786706256866454,43.863817518181,-7.675561771757419e-05,0.0015861306871686662
2024-02-13 04:00:00+00:00,1.0764262676239014,1.0780508518218994,1.0764262676239014,1.077470064163208,0,1.077786592419813,1.0786054158210754,47.97474586744063,-6.519035036260223e-05,0.0016606620379856654
2024-02-13 08:00:00+00:00,1.07758629322052,1.078515887260437,1.0761945247650146,1.0781670808792114,0,1.077822829415946,1.0785401225090028,50.88433717984852,-8.591353309691277e-06,0.0017683931759425572
2024-02-13 12:00:00+00:00,1.0781670808792114,1.0796804428100586,1.0705492496490479,1.071926236152649,0,1.0772612491051556,1.078387370109558,33.057543817280916,-0.00036947162760479096,0.002329341002873012
2024-02-13 16:00:00+00:00,1.0720411539077759,1.0723860263824463,1.0703200101852417,1.0703200101852417,0,1.0766001787318304,1.0781698107719422,30.131641339375207,-0.0006764892384877375,0.0023193018777029856
2024-02-13 20:00:00+00:00,1.0704345703125,1.0715816020965576,1.0703200101852417,1.0711225271224976,0,1.0760784976261797,1.0779331755638122,33.30776067771113,-0.0007783902042247926,0.002201812607901437
2024-02-14 00:00:00+00:00,1.0711225271224976,1.0716965198516846,1.0706638097763062,1.0715816020965576,0,1.0756502218614539,1.07761385679245,35.124575150079906,-0.0007665297685675689,0.0022007652691432406
2024-02-14 04:00:00+00:00,1.0715816020965576,1.0721560716629028,1.0708931684494019,1.0711225271224976,0,1.075219012838696,1.0772829890251159,34.123484653532984,-0.0007408347424043696,0.0022244794028145926
2024-02-14 08:00:00+00:00,1.0710078477859497,1.0711225271224976,1.0698620080947876,1.0711225271224976,0,1.0748288713419152,1.0769450211524962,34.123484653532984,-0.0006768298340678377,0.002206308501107352
2024-02-14 12:00:00+00:00,1.0711225271224976,1.0727311372756958,1.0704345703125,1.0725010633468628,0,1.0746071753423865,1.0766251492500305,40.071842848097546,-0.0005026506834014107,0.00227036646434239
2024-02-14 16:00:00+00:00,1.0723860263824463,1.0736525058746338,1.0723860263824463,1.0731916427612305,0,1.0744723627156096,1.0763167214393616,42.85553248993049,-0.00031130536480612346,0.002069933073861258
2024-02-14 20:00:00+00:00,1.0730764865875244,1.0735372304916382,1.0728462934494019,1.0734220743179321,0,1.0743723352491643,1.0761752223968506,43.79371595227626,-0.00014788729589079947,0.0020033291407993863
2024-02-15 00:00:00+00:00,1.0735372304916382,1.073767900466919,1.0728462934494019,1.0728462934494019,0,1.0742269979349013,1.0760432028770446,41.94082233787154,-6.165365969945831e-05,0.0019280740192958287
2024-02-15 04:00:00+00:00,1.0728462934494019,1.0742292404174805,1.0727311372756958,1.0735372304916382,0,1.0741613057974475,1.0759250020980835,44.95074977008548,5.266125861096279e-05,0.0019936135837009977
2024-02-15 08:00:00+00:00,1.0735372304916382,1.0742292404174805,1.0731916427612305,1.0738831758499146,0,1.074134817231016,1.0758393239974975,46.44773227793727,0.00015644781464686612,0.001976583685193743
2024-02-15 12:00:00+00:00,1.0738831758499146,1.0786322355270386,1.0738831758499146,1.0765421390533447,0,1.0743640859759995,1.0758044981956483,56.28704910824876,0.0003954495534414723,0.002199760505131313
2024-02-15 16:00:00+00:00,1.0765421390533447,1.077470064163208,1.0758472681045532,1.0772379636764526,0,1.0746377886141378,1.0758346271514894,58.43906058774246,0.0005804884556864288,0.002149862902505057
2024-02-15 20:00:00+00:00,1.0772379636764526,1.077934741973877,1.0771219730377197,1.07758629322052,0,1.0749185985766503,1.0759294271469115,59.51359149806188,0.0006985050776542813,0.001555689743586949
2024-02-16 00:00:00+00:00,1.07758629322052,1.077702283859253,1.076310396194458,1.076310396194458,0,1.0750511507307272,1.0759641242027282,54.005725571487886,0.0006630804268637329,0.001507537705557687
2024-02-16 04:00:00+00:00,1.076310396194458,1.0770059823989868,1.0759629011154175,1.0764262676239014,0,1.075182114244363,1.0760034489631654,54.41830078606987,0.0006206468946759672,0.0014919298035757883
2024-02-16 08:00:00+00:00,1.0764262676239014,1.078283429145813,1.076310396194458,1.0781670808792114,0,1.0754663967810152,1.076070659160614,60.19520605353446,0.0006783301786376479,0.0015590957232883998
2024-02-16 12:00:00+00:00,1.077934741973877,1.0780508518218994,1.0736525058746338,1.0773539543151855,0,1.075646164165222,1.0761054229736329,56.5876191277472,0.0006312083658243624,0.0017913579940795898
2024-02-16 16:00:00+00:00,1.077470064163208,1.0789813995361328,1.076658010482788,1.0780508518218994,0,1.0758751820372865,1.0761818552017213,58.86314327199914,0.0006157945090144314,0.0018672772816249303
2024-02-16 20:00:00+00:00,1.077934741973877,1.0780508518218994,1.07758629322052,1.077934741973877,0,1.0760713306026761,1.0762490391731263,58.314701244640574,0.0005677748542920808,0.001736419541495187
2024-02-19 00:00:00+00:00,1.0787487030029297,1.079214334487915,1.077818512916565,1.077818512916565,0,1.0762377289182845,1.0763000321388245,57.73479835406855,0.0005005341053664396,0.0017456582614353725
2024-02-19 04:00:00+00:00,1.077818512916565,1.079214334487915,1.077818512916565,1.078515887260437,0,1.076454696379442,1.076351091861725,60.28661826981181,0.00047555226800133745,0.0017960071563720703
2024-02-19 08:00:00+00:00,1.078515887260437,1.0789813995361328,1.07758629322052,1.0780508518218994,0,1.0766067111834854,1.0763882184028626,57.78132074447842,0.00040310093038105376,0.0018298285348074777
2024-02-19 12:00:00+00:00,1.077934741973877,1.0781670808792114,1.0765421390533447,1.0770059823989868,0,1.0766447370135332,1.0763789367675782,52.50203491336813,0.0002667722496319083,0.0018388884408133371
2024-02-19 16:00:00+00:00,1.0770059823989868,1.0786322355270386,1.0765421390533447,1.0781670808792114,0,1.0767897221435978,1.0763928771018982,57.18358556854943,0.0002377247525522909,0.001914066927773612
2024-02-19 20:00:00+00:00,1.0780508518218994,1.078515887260437,1.077702283859253,1.077818512916565,0,1.0768877022172136,1.0764299893379212,55.41768519267589,0.0001805565324847863,0.001632962908063616
2024-02-20 00:00:00+00:00,1.077934741973877,1.077934741973877,1.0765421390533447,1.0771219730377197,0,1.0769100137239285,1.0764230275154114,51.96431434637165,8.614136097296536e-05,0.001616520541054862
2024-02-20 04:00:00+00:00,1.0771219730377197,1.077702283859253,1.0768898725509644,1.0773539543151855,0,1.0769522937802387,1.0764137363433839,53.014462727876385,3.238963860817173e-05,0.001616494996207101
2024-02-20 08:00:00+00:00,1.07758629322052,1.08119797706604,1.0772379636764526,1.0801469087600708,0,1.077256542825937,1.0764463567733764,63.39132929997427,0.00017030423460003647,0.0017999325479779924
2024-02-20 12:00:00+00:00,1.0801469087600708,1.0841283798217773,1.07991361618042,1.082602620124817,0,1.077765693044878,1.0765304160118103,69.72293618632781,0.00039921163141644583,0.0020264812878199984
2024-02-20 16:00:00+00:00,1.082602620124817,1.0828369855880737,1.080964207649231,1.080964207649231,0,1.0780703134833878,1.076618857383728,62.01627494583181,0.0004109645460433373,0.002019320215497698
2024-02-20 20:00:00+00:00,1.080964207649231,1.081548810005188,1.0808473825454712,1.0814317464828491,0,1.078390449959527,1.0767166495323182,63.2641186473743,0.0004194533523465897,0.0017469525337219238
2024-02-21 00:00:00+00:00,1.0810810327529907,1.0821340084075928,1.0808473825454712,1.0821340084075928,0,1.0787469793355333,1.0768029594421387,65.11779003447882,0.00043947474181862956,0.0016728980200631277
2024-02-21 04:00:00+00:00,1.0820168256759644,1.0821340084075928,1.080964207649231,1.0814317464828491,0,1.0790026714448016,1.0768705773353577,61.76160761712829,0.0003750398939939225,0.0017232724598475865
2024-02-21 08:00:00+00:00,1.0813149213790894,1.0816657543182373,1.0794472694396973,1.0801469087600708,0,1.0791116464272081,1.076924114227295,56.06791341024116,0.0002230138758088705,0.001782034124646868
2024-02-21 12:00:00+00:00,1.080263614654541,1.0822510719299316,1.0800302028656006,1.0808473825454712,0,1.0792769546289476,1.0769753932952881,58.3236752792489,0.00015024651271749426,0.001840966088431222
2024-02-21 16:00:00+00:00,1.0808473825454712,1.0822510719299316,1.0803803205490112,1.0820168256759644,0,1.0795378947286633,1.0770663285255433,61.84595551294545,0.00016055761037069927,0.0018749407359531947
2024-02-21 20:00:00+00:00,1.0818997621536255,1.082602620124817,1.081548810005188,1.08236825466156,0,1.0798074528175108,1.077136392593384,62.86173459044547,0.00016983045797562438,0.0018341456140790666
2024-02-22 00:00:00+00:00,1.08236825466156,1.0834236145019531,1.0822510719299316,1.0828369855880737,0,1.0800959797480405,1.0772228145599365,64.22962980306656,0.00018506531043417282,0.0017686060496738978
2024-02-22 04:00:00+00:00,1.0828369855880737,1.0856584310531616,1.0828369855880737,1.0856584310531616,0,1.0806257370151948,1.0773610091209411,71.1240817942699,0.0003529613400958002,0.0019120233399527414
2024-02-22 08:00:00+00:00,1.0857763290405273,1.0888501405715942,1.0848339796066284,1.0860122442245483,0,1.0811387377018,1.0774923086166381,71.85663530637211,0.0004494580523439558,0.0020994203431265695
2024-02-22 12:00:00+00:00,1.086130142211914,1.086130142211914,1.0807305574417114,1.0813149213790894,0,1.081155517099637,1.0775039958953858,52.73052214956946,0.0001727684325253001,0.0024270755904061453
2024-02-22 16:00:00+00:00,1.0813149213790894,1.0828369855880737,1.0813149213790894,1.082602620124817,0,1.0812933364353683,1.0776089692115784,56.17431560401184,5.82336983088762e-05,0.002252936363220215
2024-02-22 20:00:00+00:00,1.082602620124817,1.0829542875289917,1.0822510719299316,1.0828369855880737,0,1.0814403506403878,1.07772558927536,56.79132428049123,-1.601539073319111e-05,0.0020021115030561176
2024-02-23 00:00:00+00:00,1.0828369855880737,1.0834236145019531,1.0820168256759644,1.0828369855880737,0,1.0815733634925484,1.0778375697135925,56.79132428049123,-7.604211193385033e-05,0.0019688265664236887
2024-02-23 04:00:00+00:00,1.0828369855880737,1.0834236145019531,1.0824854373931885,1.0831888914108276,0,1.0817272232942892,1.077951946258545,57.8253149475877,-0.00010137670574290663,0.001985737255641392
2024-02-23 08:00:00+00:00,1.0833063125610352,1.0835410356521606,1.0816657543182373,1.0829542875289917,0,1.081844086554737,1.0780801892280578,56.84861983952769,-0.0001408374860646694,0.0020277840750558035
2024-02-23 12:00:00+00:00,1.0829542875289917,1.0841283798217773,1.081548810005188,1.08236825466156,0,1.0818940073268153,1.078178153038025,54.377837972223425,-0.0002091900668520529,0.0021284818649291992
2024-02-23 16:00:00+00:00,1.08236825466156,1.0831888914108276,1.0818997621536255,1.082602620124817,0,1.0819614942599582,1.078266863822937,55.21612448077003,-0.00023923562187038458,0.0020620993205479215
2024-02-23 20:00:00+00:00,1.082602620124817,1.0827198028564453,1.0821340084075928,1.0822510719299316,0,1.08198907308567,1.0784733605384826,53.62444589239061,-0.0002805424121117663,0.00194530827658517
2024-02-26 00:00:00+00:00,1.0822510719299316,1.0822510719299316,1.0816657543182373,1.0821340084075928,0,1.0820028764496628,1.0787096405029297,53.07578090825363,-0.00031113847931599475,0.0018534915787833078
2024-02-26 04:00:00+00:00,1.0821340084075928,1.0838934183120728,1.0821340084075928,1.0834236145019531,0,1.082138184835595,1.0789556622505188,58.15511707268682,-0.00024293786018889877,0.0019038915634155273
2024-02-26 08:00:00+00:00,1.0834236145019531,1.0856584310531616,1.0830715894699097,1.0854227542877197,0,1.0824510009738926,1.079232485294342,64.55954022703122,-7.055409411991847e-05,0.002004912921360561
2024-02-26 12:00:00+00:00,1.0855406522750854,1.0862481594085693,1.0842459201812744,1.0854227542877197,0,1.082734025099019,1.0795184898376464,64.55954022703122,3.067338450063635e-05,0.0019463981900896346
2024-02-26 16:00:00+00:00,1.0853049755096436,1.085894227027893,1.0842459201812744,1.0849517583847046,0,1.0829452377928939,1.0797950744628906,61.96805429367653,5.186719992935772e-05,0.0017772657530648367
2024-02-26 20:00:00+00:00,1.0849517583847046,1.0855406522750854,1.0849517583847046,1.0853049755096436,0,1.0831699747182986,1.0800511527061463,63.16229081196902,7.426758504493701e-05,0.0014336449759347098
2024-02-27 00:00:00+00:00,1.0854227542877197,1.0856584310531616,1.0848339796066284,1.0856584310531616,0,1.083406970559714,1.080300488471985,64.3680460865267,9.609590393024189e-05,0.0013838154929024832
2024-02-27 04:00:00+00:00,1.0856584310531616,1.0864840745925903,1.0850694179534912,1.085894227027893,0,1.083643852128112,1.0805499315261842,65.18669572470392,0.00010869360543052189,0.0014346327100481307
2024-02-27 08:00:00+00:00,1.085894227027893,1.0868383646011353,1.0845986604690552,1.0860122442245483,0,1.0838694132801536,1.080813250541687,65.61254127059132,0.0001070812412737349,0.001494126660483224
2024-02-27 12:00:00+00:00,1.0860122442245483,1.0866022109985352,1.0836584568023682,1.0851871967315674,0,1.0839949164660025,1.0810462498664857,60.0796446407587,3.6218560920666656e-05,0.0016373821667262486
2024-02-27 16:00:00+00:00,1.0849517583847046,1.0860122442245483,1.0843634605407715,1.0847163200378418,0,1.0840636215680826,1.0812629127502442,57.119175378942174,-5.18143336490323e-05,0.0016212037631443568
2024-02-27 20:00:00+00:00,1.0847163200378418,1.0851871967315674,1.084481120109558,1.084481120109558,0,1.0841033833339373,1.0814216923713684,55.644256224595246,-0.00013083592011277866,0.0014873828206743514
2024-02-28 00:00:00+00:00,1.084481120109558,1.0848339796066284,1.0835410356521606,1.0837758779525757,0,1.084072192345236,1.0815524506568908,51.3616238463342,-0.0002297657464979939,0.0014876552990504674
2024-02-28 04:00:00+00:00,1.0837758779525757,1.0838934183120728,1.0820168256759644,1.082602620124817,0,1.0839322330861485,1.0816527771949769,45.13763087218195,-0.0003653315911326994,0.001579855169568743
2024-02-28 08:00:00+00:00,1.082602620124817,1.082602620124817,1.0801469087600708,1.0820168256759644,0,1.0837498133327976,1.0817669057846069,42.376470663027966,-0.00047843039164534957,0.0017134547233581543
2024-02-28 12:00:00+00:00,1.0820168256759644,1.0840108394622803,1.080964207649231,1.0836584568023682,0,1.083741112710852,1.0819115495681764,51.35676034991548,-0.0004282789219716529,0.001805399145398821
2024-02-28 16:00:00+00:00,1.0837758779525757,1.0848339796066284,1.0835410356521606,1.0836584568023682,0,1.083733240719568,1.0820213770866394,51.35676034991548,-0.0003822232975826932,0.0017129778861999512
2024-02-28 20:00:00+00:00,1.0836584568023682,1.0843634605407715,1.0836584568023682,1.0841283798217773,0,1.0837708730150164,1.0821568655967713,53.7496675638497,-0.0003102886281183252,0.0016203182084219797
2024-02-29 00:00:00+00:00,1.0841283798217773,1.0842459201812744,1.0831888914108276,1.0840108394622803,0,1.083793726962375,1.0822760653495789,53.0467456358859,-0.0002626877386724388,0.0015780840601239885
2024-02-29 04:00:00+00:00,1.0838934183120728,1.0841283798217773,1.0829542875289917,1.0830715894699097,0,1.0837249519630927,1.0823788022994996,47.68071733924428,-0.00028467497901409793,0.0016198839460100447
2024-02-29 08:00:00+00:00,1.0835410356521606,1.0856584310531616,1.0833063125610352,1.0837758779525757,0,1.0837298020573292,1.0824979496002198,51.631733492923345,-0.00024359048575696738,0.0017457689557756697
2024-02-29 12:00:00+00:00,1.0836584568023682,1.0857763290405273,1.0822510719299316,1.0824854373931885,0,1.0836112911369347,1.0825773406028747,44.93579365656477,-0.00029187132423126567,0.0018965261323111398
2024-02-29 16:00:00+00:00,1.08236825466156,1.0824854373931885,1.07991361618042,1.0804970264434814,0,1.083314694499463,1.0826262640953064,36.97802404423068,-0.0004375112659438794,0.0019202487809317453
2024-02-29 20:00:00+00:00,1.0807305574417114,1.08119797706604,1.0804970264434814,1.0808473825454712,0,1.0830797124086067,1.0827030920982361,39.026944631804646,-0.0004862874948763805,0.0017600485256740025
2024-03-01 00:00:00+00:00,1.080964207649231,1.0824854373931885,1.0808473825454712,1.0820168256759644,0,1.082978485100736,1.082780086994171,45.406996421419116,-0.0004184139264918584,0.001759282180241176
2024-03-01 04:00:00+00:00,1.0820168256759644,1.0820168256759644,1.08119797706604,1.0816657543182373,0,1.0828534631214506,1.0828570318222046,43.921193016437066,-0.0003770666021053443,0.0017673373222351074
2024-03-01 08:00:00+00:00,1.0814317464828491,1.0822510719299316,1.080263614654541,1.0821340084075928,0,1.0827849436248926,1.082957272529602,46.4386438758119,-0.00030136606162764815,0.0018169454165867396
2024-03-01 12:00:00+00:00,1.0820168256759644,1.084481120109558,1.080263614654541,1.0838934183120728,0,1.0828905126427193,1.0830880618095398,54.6723534423375,-0.0001250165162972632,0.0019841534750802176
2024-03-01 16:00:00+00:00,1.0837758779525757,1.0845986604690552,1.082602620124817,1.084481120109558,0,1.0830419990681326,1.0831747460365295,57.04758645933443,3.0682604673779664e-05,0.001951319830758231
2024-03-01 20:00:00+00:00,1.0843634605407715,1.0843634605407715,1.0836584568023682,1.0838934183120728,0,1.0831230866151744,1.0832005620002747,54.000229430872594,9.019499118345038e-05,0.0017924649374825613
2024-03-04 00:00:00+00:00,1.084481120109558,1.0850694179534912,1.0841283798217773,1.0847163200378418,0,1.083274823131619,1.083275604248047,57.42927128315936,0.00017611550713647124,0.0017841117722647531
2024-03-04 04:00:00+00:00,1.0847163200378418,1.0856584310531616,1.0845986604690552,1.0856584310531616,0,1.0835018334098612,1.083360137939453,61.01255115546517,0.00028129028709020394,0.0018094522612435477
2024-03-04 08:00:00+00:00,1.0857763290405273,1.0860122442245483,1.0841283798217773,1.0860122442245483,0,1.083740920154117,1.0834377026557922,62.29610033879372,0.00035483491945196416,0.0018685119492667063
2024-03-04 12:00:00+00:00,1.0860122442245483,1.0866022109985352,1.0843634605407715,1.0866022109985352,0,1.0840134240440615,1.083541111946106,64.40069038964108,0.00041896108758868167,0.001944558961050851
2024-03-04 16:00:00+00:00,1.0866022109985352,1.08695650100708,1.085894227027893,1.085894227027893,0,1.08419254813776,1.0836560583114625,60.06755972103672,0.000390035263779631,0.0018356612750462123
2024-03-04 20:00:00+00:00,1.0860122442245483,1.0862481594085693,1.0856584310531616,1.0857763290405273,0,1.0843433844142139,1.0837546372413636,59.351400018560916,0.00034107153325942704,0.0016259806496756418
2024-03-05 00:00:00+00:00,1.0856584310531616,1.085894227027893,1.0850694179534912,1.0857763290405273,0,1.0844798553310055,1.0838298273086548,59.35140001856092,0.0002888617937804197,0.0015011940683637346
2024-03-05 04:00:00+00:00,1.0856584310531616,1.0856584310531616,1.084481120109558,1.0848339796066284,0,1.0845135814524935,1.0838791418075562,53.44464404026173,0.00017655752575774944,0.0015436410903930664
2024-03-05 08:00:00+00:00,1.0851871967315674,1.085894227027893,1.0847163200378418,1.0851871967315674,0,1.084577735288596,1.083926146030426,55.24267292669137,0.00011475196756213129,0.0015107733862740652
2024-03-05 12:00:00+00:00,1.0851871967315674,1.087902545928955,1.0845986604690552,1.0874292850494385,0,1.0848493114562952,1.0839615631103516,64.59104128130434,0.00020811977569256714,0.0016882760184151785
2024-03-05 16:00:00+00:00,1.0874292850494385,1.0874292850494385,1.0854227542877197,1.0855406522750854,0,1.084915153439037,1.0839521312713623,54.302157757156294,0.00012976543178799392,0.001689638410295759
2024-03-05 20:00:00+00:00,1.0856584310531616,1.086130142211914,1.0851871967315674,1.085894227027893,0,1.0850083985427377,1.0840437173843385,55.7240994107829,9.06831184908052e-05,0.0014557412692478725
2024-03-06 00:00:00+00:00,1.085894227027893,1.085894227027893,1.0845986604690552,1.0854227542877197,0,1.0850478609946408,1.0841001200675964,53.34065802659391,2.540522388514159e-05,0.0014057074274335588
2024-03-06 04:00:00+00:00,1.0853049755096436,1.0868383646011353,1.0853049755096436,1.0864840745925903,0,1.0851846432420647,1.0841730618476868,57.72422425030723,4.4891789115977234e-05,0.0014564735548836844
2024-03-06 08:00:00+00:00,1.0863661766052246,1.0882576704025269,1.0862481594085693,1.087902545928955,0,1.0854434911170066,1.0842743730545044,62.75990834878808,0.00013917578465475876,0.001516010080065046
2024-03-06 12:00:00+00:00,1.088020920753479,1.0911074876785278,1.087074637413025,1.0911074876785278,0,1.085982919360961,1.0844327449798583,71.12802379568853,0.0003890899960849424,0.0017283729144505092
2024-03-06 16:00:00+00:00,1.0907504558563232,1.0918222665786743,1.089680790901184,1.0900371074676514,0,1.086369032513979,1.0845744013786316,65.80930714246855,0.00044972142146088847,0.0017467737197875977
2024-03-06 20:00:00+00:00,1.0899182558059692,1.0905125141143799,1.089561939239502,1.090274691581726,0,1.0867410000442406,1.084732530117035,66.40971152838577,0.0004709818855342339,0.0016547611781529018
2024-03-07 00:00:00+00:00,1.090274691581726,1.0909883975982666,1.089680790901184,1.0903936624526978,0,1.0870888726545698,1.0848883509635925,66.72482302928753,0.0004578078020881244,0.0016722849437168666
2024-03-07 04:00:00+00:00,1.0903936624526978,1.090869426727295,1.0894432067871094,1.089680790901184,0,1.0873357220113902,1.0850369453430175,62.91619717175406,0.0003696117419345736,0.001732034342629569
2024-03-07 08:00:00+00:00,1.089680790901184,1.0905125141143799,1.0890873670578003,1.089680790901184,0,1.0875590619056563,1.0851878809928894,62.91619717175406,0.00028366812050345394,0.0017749156270708358
2024-03-07 12:00:00+00:00,1.0897995233535767,1.0932546854019165,1.087074637413025,1.0932546854019165,0,1.0881015022386336,1.0853845024108886,72.15679257252924,0.0004310726514177509,0.0021238327026367188
2024-03-07 16:00:00+00:00,1.0932546854019165,1.095170259475708,1.0927767753601074,1.0949305295944214,0,1.0887518857963276,1.0855746579170227,75.26877995330595,0.0005948964561832417,0.0022106596401759555
2024-03-07 20:00:00+00:00,1.09505033493042,1.0952903032302856,1.0945708751678467,1.0952903032302856,0,1.0893745922186093,1.085772008895874,75.8917464552967,0.0006750791914496678,0.002026055540357317
2024-03-08 00:00:00+00:00,1.0954102277755737,1.0958904027938843,1.0948106050491333,1.09505033493042,0,1.0899151391435438,1.0859739804267883,74.54298497219176,0.0006588212420089866,0.001959860324859619
2024-03-08 04:00:00+00:00,1.095170259475708,1.0954102277755737,1.0936132669448853,1.0937328338623047,0,1.090278729116759,1.0861425375938416,67.4547969063111,0.0005127011975024302,0.0020208614213126047
2024-03-08 08:00:00+00:00,1.0936132669448853,1.0942115783691406,1.0930156707763672,1.0936132669448853,0,1.0905963041480091,1.086301634311676,66.83368677766771,0.0003681267710070116,0.0020137429237365723
2024-03-08 12:00:00+00:00,1.0938525199890137,1.0979359149932861,1.0928961038589478,1.0964912176132202,0,1.0911577244780293,1.0865135741233827,73.22443148681792,0.0004225554724718141,0.0022642016410827637
2024-03-08 16:00:00+00:00,1.0963709354400635,1.0963709354400635,1.0936132669448853,1.0944511890411377,0,1.091471387769754,1.0866823530197143,63.834784667021935,0.00028404520151771107,0.002326233046395438
2024-03-08 20:00:00+00:00,1.0945708751678467,1.0945708751678467,1.0937328338623047,1.0942115783691406,0,1.091732358303029,1.0868628406524659,62.81591754791921,0.00014611652558960825,0.002098032406398228
2024-03-11 00:00:00+00:00,1.0945708751678467,1.0949305295944214,1.0940918922424316,1.0944511890411377,0,1.0919912945638013,1.0870575380325318,63.44426570344618,4.603258877207677e-05,0.0020049725260053363
2024-03-11 04:00:00+00:00,1.0944511890411377,1.09505033493042,1.0939722061157227,1.0946906805038452,0,1.0922483789390436,1.0872617292404174,64.09730436778193,-2.519695863621805e-05,0.002014083521706717
2024-03-11 08:00:00+00:00,1.0945708751678467,1.09505033493042,1.0936132669448853,1.0945708751678467,0,1.0924695690560724,1.0874776291847228,63.48631408265204,-9.7479216533703e-05,0.0020233307565961567
2024-03-11 12:00:00+00:00,1.0945708751678467,1.0945708751678467,1.0918222665786743,1.093135118484497,0,1.0925329547159224,1.0876882791519165,56.531658393390906,-0.00025039090340498284,0.0021177870886666434
2024-03-11 16:00:00+00:00,1.0930156707763672,1.0932546854019165,1.0921800136566162,1.0928961038589478,0,1.0925675403485915,1.0879058647155762,55.4428059360296,-0.00036887969716634973,0.0020927531378609793
2024-03-11 20:00:00+00:00,1.0928961038589478,1.0933741331100464,1.0926573276519775,1.0933741331100464,0,1.0926443587068253,1.0881001782417297,57.21763596259795,-0.00041298069353688663,0.0017025215285164969
2024-03-12 00:00:00+00:00,1.0933741331100464,1.0940918922424316,1.0930156707763672,1.0939722061157227,0,1.0927708203648154,1.088306453227997,59.39676992546711,-0.0003995428340200272,0.001608431339263916
2024-03-12 04:00:00+00:00,1.0938525199890137,1.0942115783691406,1.0934937000274658,1.0934937000274658,0,1.0928396660469726,1.0884937596321107,56.899609812508,-0.00041853929289852715,0.001608320644923619
2024-03-12 08:00:00+00:00,1.0934937000274658,1.0938525199890137,1.0925379991531372,1.0937328338623047,0,1.0929247296484328,1.088688199520111,57.85325290271728,-0.0004101170893608451,0.001625086580004011
2024-03-12 12:00:00+00:00,1.0937328338623047,1.0944511890411377,1.0906314849853516,1.0920606851577759,0,1.0928424396969416,1.0888679814338684,49.590549937352634,-0.0005059897519879496,0.0017695682389395578
2024-03-12 16:00:00+00:00,1.0921800136566162,1.0928961038589478,1.0915838479995728,1.0928961038589478,0,1.0928475505695137,1.0890503859519958,53.18777508024041,-0.0005010262661100777,0.0017778788294110978
2024-03-12 20:00:00+00:00,1.0928961038589478,1.0932546854019165,1.0927767753601074,1.0930156707763672,0,1.0928635620177853,1.0892609906196595,53.69705412467635,-0.0004776628782725428,0.001452028751373291
2024-03-13 00:00:00+00:00,1.0930156707763672,1.0933741331100464,1.0926573276519775,1.093135118484497,0,1.0928894245384244,1.0895137524604797,54.23273111556266,-0.0004429104530860328,0.001297661236354283
2024-03-13 04:00:00+00:00,1.093135118484497,1.0934937000274658,1.0924185514450073,1.0930156707763672,0,1.092901447989657,1.0897571182250976,53.56536656393,-0.00041707764433396386,0.0013145974704197475
2024-03-13 08:00:00+00:00,1.0930156707763672,1.0946906805038452,1.0922993421554565,1.0945708751678467,0,1.0930604410542466,1.0900081992149353,60.398335348184766,-0.00029036668786055564,0.0014255046844482422
2024-03-13 12:00:00+00:00,1.0944511890411377,1.09505033493042,1.0934937000274658,1.0945708751678467,0,1.0932042919222085,1.0902663016319274,60.398335348184766,-0.00020565736705464204,0.001459683690752302
2024-03-13 16:00:00+00:00,1.0946906805038452,1.096611499786377,1.0943313837051392,1.09505033493042,0,1.0933801055420382,1.090524628162384,62.377790954788566,-0.00012064772366878244,0.0015199014118739537
2024-03-13 20:00:00+00:00,1.09505033493042,1.095650315284729,1.0949305295944214,1.095650315284729,0,1.093596315993723,1.0907597661018371,64.75208910344253,-3.19398667124964e-05,0.0013749854905264719
2024-03-14 00:00:00+00:00,1.095650315284729,1.0957703590393066,1.0944511890411377,1.0945708751678467,0,1.0936891311531634,1.090961561203003,57.697175168129675,-5.266814720326744e-05,0.0013924496514456613
2024-03-14 04:00:00+00:00,1.0945708751678467,1.0945708751678467,1.0936132669448853,1.0938525199890137,0,1.093704691994673,1.0911607432365418,53.51824463520676,-0.00011773862925322661,0.0014096498489379883
2024-03-14 08:00:00+00:00,1.0939722061157227,1.0948106050491333,1.0938525199890137,1.0943313837051392,0,1.0937643769194791,1.0913530445098878,55.81564410855214,-0.00013051877888957798,0.0014012115342276438
2024-03-14 12:00:00+00:00,1.0944511890411377,1.0946906805038452,1.0886130332946777,1.0890873670578003,0,1.0933189474088432,1.0914216232299805,35.26173333378618,-0.00047477778104489164,0.0017840521676199777
2024-03-14 16:00:00+00:00,1.0890873670578003,1.089561939239502,1.0883761644363403,1.0893245935440063,0,1.0929385327550492,1.0914878702163697,36.40266914761106,-0.0006578724341923641,0.0017748560224260604
2024-03-14 20:00:00+00:00,1.0893245935440063,1.0894432067871094,1.0884946584701538,1.0886130332946777,0,1.09252658042549,1.0915280866622925,34.44192576582704,-0.0007894041999581085,0.0015697734696524484
2024-03-15 00:00:00+00:00,1.0887316465377808,1.0887316465377808,1.0875475406646729,1.088020920753479,0,1.0920974699805366,1.091570620536804,32.856011744432664,-0.0008723001488116185,0.001560619899204799
2024-03-15 04:00:00+00:00,1.088020920753479,1.0887316465377808,1.0876659154891968,1.0882576704025269,0,1.091731774782631,1.0916202473640442,34.161408448064066,-0.0008654823701436303,0.001602607113974435
2024-03-15 08:00:00+00:00,1.0883761644363403,1.090274691581726,1.088139295578003,1.089680790901184,0,1.091536442984398,1.0916983366012574,41.52128021846355,-0.0007251071388982998,0.001703935010092599
2024-03-15 12:00:00+00:00,1.089680790901184,1.0897995233535767,1.0884946584701538,1.0890873670578003,0,1.0913031976580554,1.0917834043502808,39.53657173705851,-0.0006354178684462875,0.0017203433173043387
2024-03-15 16:00:00+00:00,1.0889687538146973,1.0894432067871094,1.0887316465377808,1.0892059803009033,0,1.09110346267166,1.0918637800216675,40.152352258981956,-0.0005353104467657586,0.0016003591673714773
2024-03-15 20:00:00+00:00,1.0892059803009033,1.089561939239502,1.0889687538146973,1.089561939239502,0,1.0909566509162165,1.0919064331054686,42.05942554297467,-0.00041755399759836175,0.0015315413475036621
2024-03-18 00:00:00+00:00,1.0886130332946777,1.0894432067871094,1.0883761644363403,1.0888501405715942,0,1.0907560308833952,1.0919726228713988,39.35856882120779,-0.0003620985735171521,0.001453374113355364
2024-03-18 04:00:00+00:00,1.0888501405715942,1.0899182558059692,1.0888501405715942,1.0894432067871094,0,1.0906310000170822,1.0920436024665832,42.66233216887963,-0.0002645005656030069,0.0014782547950744629
2024-03-18 08:00:00+00:00,1.0894432067871094,1.090869426727295,1.0894432067871094,1.0906314849853516,0,1.0906310462045363,1.092147777080536,48.693625400633145,-0.0001070167629217499,0.0014859012195042201
2024-03-18 12:00:00+00:00,1.0905125141143799,1.0907504558563232,1.0883761644363403,1.0888501405715942,0,1.0904614361442562,1.0921950984001159,41.624942268031425,-0.00010952373009530251,0.0015870928764343262
2024-03-18 16:00:00+00:00,1.0887316465377808,1.0887316465377808,1.08695650100708,1.0871928930282593,0,1.0901501463236851,1.092180905342102,36.339625491563766,-0.00020400919382293926,0.0016539181981767928
2024-03-18 20:00:00+00:00,1.0871928930282593,1.0876659154891968,1.0871928930282593,1.0876659154891968,0,1.0899135529108768,1.0921120738983154,38.73094508232478,-0.00021477807993959606,0.0012535878590175084
2024-03-19 00:00:00+00:00,1.0876659154891968,1.087902545928955,1.08695650100708,1.0877841711044312,0,1.0897107546435962,1.092067015171051,39.344373956178515,-0.0001946613828679338,0.001236464296068464
2024-03-19 04:00:00+00:00,1.0876659154891968,1.088020920753479,1.0855406522750854,1.0856584310531616,0,1.0893248190635547,1.0919746899604796,32.95673600276912,-0.0002990036394943465,0.0013458728790283203
2024-03-19 08:00:00+00:00,1.085894227027893,1.085894227027893,1.0837758779525757,1.0853049755096436,0,1.088941976820325,1.0918729162216188,32.02570180236003,-0.0003621000169369568,0.0014126045363289969
2024-03-19 12:00:00+00:00,1.0854227542877197,1.0868383646011353,1.0848339796066284,1.0862481594085693,0,1.08868542278111,1.0918042635917664,37.12972963178496,-0.0003124628607906973,0.0014796512467520578
2024-03-19 16:00:00+00:00,1.086130142211914,1.0868383646011353,1.0857763290405273,1.0868383646011353,0,1.0885095124782553,1.0917474150657653,40.15780809873848,-0.00021658268190185193,0.0014029826436723983
2024-03-19 20:00:00+00:00,1.08672034740448,1.087074637413025,1.0864840745925903,1.0866022109985352,0,1.088327864718282,1.0916143655776978,39.34132534454196,-0.00014898712168653146,0.0013519610677446639
2024-03-20 00:00:00+00:00,1.0864840745925903,1.087311029434204,1.086130142211914,1.087311029434204,0,1.0882310232626555,1.0914619755744934,43.082014732078186,-4.201780381184964e-05,0.0013854844229561941
2024-03-20 04:00:00+00:00,1.087311029434204,1.0875475406646729,1.0868383646011353,1.08695650100708,0,1.088109640190696,1.0912952995300294,41.69696947366062,1.6258168628984588e-05,0.0013937694685799734
2024-03-20 08:00:00+00:00,1.0868383646011353,1.0868383646011353,1.0840108394622803,1.0845986604690552,0,1.0877752611695874,1.091086266040802,33.89284722843327,-8.692458174351333e-05,0.0015194756644112723
2024-03-20 12:00:00+00:00,1.0847163200378418,1.085894227027893,1.0841283798217773,1.0856584310531616,0,1.0875736583013564,1.0909247779846192,39.38429487296364,-6.75954449678468e-05,0.0015693136623927525
2024-03-20 16:00:00+00:00,1.0856584310531616,1.0925379991531372,1.0856584310531616,1.0924185514450073,0,1.0880350766959899,1.0909008836746217,61.407113760464036,0.0003914455752988856,0.001958838530949184
2024-03-20 20:00:00+00:00,1.0921800136566162,1.0939722061157227,1.0921800136566162,1.0939722061157227,0,1.0886005175931073,1.0908505034446716,64.59119246964445,0.0007688691339744285,0.001917260033743722
2024-03-21 00:00:00+00:00,1.0937328338623047,1.0942115783691406,1.0933741331100464,1.0937328338623047,0,1.089089309618745,1.090836136341095,63.71892639464818,0.0009591720845662466,0.0018418175833565848
2024-03-21 04:00:00+00:00,1.0938525199890137,1.0945708751678467,1.0928961038589478,1.093135118484497,0,1.0894746247488167,1.0908146071434022,61.48608524790216,0.0009971606997637625,0.001927656786782401
2024-03-21 08:00:00+00:00,1.0928961038589478,1.093135118484497,1.0892059803009033,1.091226577758789,0,1.0896414774164331,1.0907501149177552,54.873874484387244,0.0008517636720578963,0.0021407348769051687
2024-03-21 12:00:00+00:00,1.0911074876785278,1.091941475868225,1.085894227027893,1.0863661766052246,0,1.089329544005842,1.0905836248397827,42.375799690037,0.000408723850475686,0.0023955191884722027
2024-03-21 16:00:00+00:00,1.0864840745925903,1.08695650100708,1.085894227027893,1.085894227027893,0,1.089002370960323,1.0904100918769837,41.39001682189755,8.148133456730978e-05,0.002320085253034319
2024-03-21 20:00:00+00:00,1.0860122442245483,1.0866022109985352,1.085894227027893,1.0864840745925903,0,1.0887625332110151,1.0902770709991456,43.16941983445218,-8.845137947553159e-05,0.002227485179901123
2024-03-22 00:00:00+00:00,1.0866022109985352,1.087074637413025,1.0840108394622803,1.0841283798217773,0,1.088321185269183,1.0901017165184022,38.18352966816306,-0.00033865323557822973,0.0023704682077680317
2024-03-22 04:00:00+00:00,1.0841283798217773,1.084481120109558,1.0824854373931885,1.0827198028564453,0,1.0877877202774937,1.0898886299133301,35.54030605129823,-0.0005648355351844587,0.0024708339146205355
2024-03-22 08:00:00+00:00,1.0830715894699097,1.0830715894699097,1.08119797706604,1.0817828178405762,0,1.0872158248073112,1.089644842147827,33.861130748863786,-0.0007327227212917617,0.0025203142847333637
2024-03-22 12:00:00+00:00,1.0820168256759644,1.0833063125610352,1.0814317464828491,1.0818997621536255,0,1.0867095331260077,1.0894129633903504,34.278493349897616,-0.0007863414050089676,0.0026035564286368234
2024-03-22 16:00:00+00:00,1.0818997621536255,1.0818997621536255,1.0804970264434814,1.0808473825454712,0,1.0861512330707186,1.0891552543640137,32.302991210652834,-0.0008383593149501995,0.002493347440447126
2024-03-22 20:00:00+00:00,1.0808473825454712,1.0814317464828491,1.0808473825454712,1.0814317464828491,0,1.085701758157588,1.0889426755905152,34.55830002639726,-0.0007802830863005465,0.0024089557783944266
2024-03-25 00:00:00+00:00,1.0810810327529907,1.0824854373931885,1.0804970264434814,1.0816657543182373,0,1.0853173768395545,1.0887180685997009,35.485188847333845,-0.0006768269212766216,0.002059587410518101
2024-03-25 04:00:00+00:00,1.0816657543182373,1.082602620124817,1.0814317464828491,1.0818997621536255,0,1.0849918897266089,1.0884957504272461,36.454454597190555,-0.0005488082089511281,0.002015207495008196
2024-03-25 08:00:00+00:00,1.081548810005188,1.0833063125610352,1.080964207649231,1.0830715894699097,0,1.0848090039878757,1.0882944798469543,41.21714157136491,-0.00035100482699930956,0.002122683184487479
2024-03-25 12:00:00+00:00,1.0831888914108276,1.084481120109558,1.0831888914108276,1.0840108394622803,0,1.0847329883187713,1.0881143832206726,44.7890043967576,-0.00013387347668315916,0.0021037374223981586
2024-03-25 16:00:00+00:00,1.0840108394622803,1.0842459201812744,1.0836584568023682,1.0842459201812744,0,1.084686600877105,1.087907884120941,45.678686445457465,3.935657235664054e-05,0.0018650463649204799
2024-03-25 20:00:00+00:00,1.0842459201812744,1.0843634605407715,1.0838934183120728,1.0840108394622803,0,1.0846222426471217,1.0876966834068298,44.89951049625143,0.0001458948246671715,0.0014666744640895299
2024-03-26 00:00:00+00:00,1.0840108394622803,1.0847163200378418,1.0838934183120728,1.0840108394622803,0,1.0845640137723749,1.087475893497467,44.89951049625143,0.00021971681806831319,0.0014495764459882463
2024-03-26 04:00:00+00:00,1.0840108394622803,1.0855406522750854,1.0840108394622803,1.0843634605407715,0,1.0845449134646032,1.0872501564025878,46.48746509724477,0.0002911656976947595,0.0015082785061427525
2024-03-26 08:00:00+00:00,1.084481120109558,1.08672034740448,1.0842459201812744,1.0860122442245483,0,1.0846846592512647,1.087078983783722,53.26899718070608,0.00043943613112368317,0.0014661805970328195
2024-03-26 12:00:00+00:00,1.0860122442245483,1.086130142211914,1.0828369855880737,1.0828369855880737,0,1.0845086903309606,1.086858673095703,42.18229038798245,0.00031922357020213224,0.0015588573047092982
2024-03-26 16:00:00+00:00,1.0830715894699097,1.0838934183120728,1.0827198028564453,1.0831888914108276,0,1.0843829951957098,1.086635823249817,43.58369867570074,0.0002614006314866661,0.0015088575226919992
2024-03-26 20:00:00+00:00,1.0831888914108276,1.0836584568023682,1.0831888914108276,1.0835410356521606,0,1.0843028085725146,1.086524896621704,45.01981241276697,0.0002451329036792704,0.0014085003307887486
2024-03-27 00:00:00+00:00,1.0835410356521606,1.0835410356521606,1.08236825466156,1.0829542875289917,0,1.084174377996941,1.0863974905014038,43.05325764387057,0.00019528733343200785,0.0013920749936785018
2024-03-27 04:00:00+00:00,1.0829542875289917,1.0835410356521606,1.082602620124817,1.0827198028564453,0,1.0840358470311795,1.0862796258926393,42.25880680247841,0.0001490443403443409,0.0014173643929617746
2024-03-27 08:00:00+00:00,1.0830715894699097,1.0841283798217773,1.0822510719299316,1.0822510719299316,0,1.0838658684501083,1.0861642289161682,40.644247750570635,9.219475605090383e-05,0.001409428460257394
2024-03-27 12:00:00+00:00,1.08236825466156,1.0824854373931885,1.0814317464828491,1.08236825466156,0,1.0837232385654847,1.0860464406013488,41.2485854995878,6.885882538500794e-05,0.0014010582651410783
2024-03-27 16:00:00+00:00,1.08236825466156,1.0830715894699097,1.0820168256759644,1.0830715894699097,0,1.0836611767468585,1.0859142565727233,44.876341898148134,0.00010500182457794907,0.001309105328151158
2024-03-27 20:00:00+00:00,1.0829542875289917,1.0833063125610352,1.0813149213790894,1.081548810005188,0,1.0834599989619376,1.0857634854316711,39.22851654697381,3.422565627077636e-05,0.0013506667954581125
2024-03-28 00:00:00+00:00,1.0816657543182373,1.0828369855880737,1.0810810327529907,1.0824854373931885,0,1.0833671835744376,1.0856290745735169,43.904831882241645,5.702042136192264e-05,0.0014341303280421666
2024-03-28 04:00:00+00:00,1.0824854373931885,1.0829542875289917,1.0803803205490112,1.0804970264434814,0,1.0830938352762514,1.0854477763175965,37.33641713144759,-4.9530378879747124e-05,0.0015844106674194336
2024-03-28 08:00:00+00:00,1.0804970264434814,1.0804970264434814,1.077818512916565,1.0786322355270386,0,1.0826689210144216,1.0852434182167052,32.43549833874832,-0.00022356487314040925,0.0017169543675013951
2024-03-28 12:00:00+00:00,1.0787487030029297,1.0821340084075928,1.0787487030029297,1.0803803205490112,0,1.0824509590653348,1.0850621604919433,40.34113648946164,-0.000199698812046783,0.0018578086580548967
2024-03-28 16:00:00+00:00,1.080263614654541,1.0808473825454712,1.0787487030029297,1.079097867012024,0,1.0821316169650195,1.0848314881324768,36.92739379594779,-0.0002459903521419844,0.0018309695380074637
2024-03-28 20:00:00+00:00,1.079097867012024,1.0797970294952393,1.0788650512695312,1.0794472694396973,0,1.0818759648197507,1.084643430709839,38.45545648395482,-0.00022912674133575045,0.0016623139381408691
2024-03-29 00:00:00+00:00,1.0794472694396973,1.0794472694396973,1.077702283859253,1.077702283859253,0,1.0814784713949415,1.0844536185264588,34.02228545483413,-0.00030669944742230766,0.0017031260899135045
2024-03-29 04:00:00+00:00,1.077818512916565,1.078399658203125,1.0771219730377197,1.0771219730377197,0,1.0810635667894917,1.0842427396774292,32.6733126509922,-0.00036437066566531967,0.0017608489309038436
2024-03-29 08:00:00+00:00,1.0771219730377197,1.0794472694396973,1.0771219730377197,1.079097867012024,0,1.0808763572868756,1.084069013595581,41.2192977488448,-0.00024258330356464932,0.0018431714602879115
2024-03-29 12:00:00+00:00,1.079097867012024,1.0804970264434814,1.0787487030029297,1.0793308019638062,0,1.0807291615418213,1.083942461013794,42.15152650126922,-0.0001253777512893455,0.0019010220255170549
2024-03-29 16:00:00+00:00,1.079563856124878,1.079563856124878,1.0789813995361328,1.0793308019638062,0,1.0805959844391533,1.0838229775428772,42.15152650126922,-3.176770055923696e-05,0.001808532646724156
2024-03-29 20:00:00+00:00,1.0793308019638062,1.0800302028656006,1.079097867012024,1.0796804428100586,0,1.080508789998287,1.083691623210907,43.70573314526675,6.453162037907195e-05,0.0017998644283839635
2024-03-31 21:00:00+01:00,1.0789813995361328,1.0796804428100586,1.0788650512695312,1.079563856124878,0,1.0804187962960576,1.0835461330413818,43.28809819198128,0.00012756772177407853,0.0017827664102826799
2024-04-01 01:00:00+01:00,1.0796804428100586,1.080263614654541,1.0787487030029297,1.0793308019638062,0,1.080315177788224,1.0834007048606873,42.415576183102736,0.0001587271901128495,0.0017487321581159318
2024-04-01 05:00:00+01:00,1.0793308019638062,1.0794472694396973,1.0786322355270386,1.0788650512695312,0,1.0801770705007294,1.0832317852973938,40.65208986577776,0.00015306165108533703,0.0016815236636570521
2024-04-01 09:00:00+01:00,1.0788650512695312,1.0794472694396973,1.078283429145813,1.0786322355270386,0,1.080029943360378,1.083065299987793,39.762151129775546,0.00013912841375731885,0.0015808003289358957
2024-04-01 13:00:00+01:00,1.0787487030029297,1.0788650512695312,1.0734220743179321,1.0735372304916382,0,1.0794115897538314,1.0828440713882446,26.22947291827475,-0.00018986711687956335,0.0017782620021275111
2024-04-01 17:00:00+01:00,1.0735372304916382,1.0746910572052002,1.0734220743179321,1.0744600296020508,0,1.078940012596519,1.0826201033592224,30.821775819614018,-0.00031461615237246424,0.001618777002607073
2024-04-01 21:00:00+01:00,1.0744600296020508,1.074806571006775,1.0738831758499146,1.0739984512329102,0,1.0784693877047467,1.0822517013549804,29.821766674165445,-0.00039243855377797286,0.0015348281179155623
2024-04-02 01:00:00+01:00,1.0739984512329102,1.0741138458251953,1.073306918144226,1.073306918144226,0,1.077977723937078,1.0818383955955506,28.33831780724242,-0.00045054939731952967,0.0015258959361485072
2024-04-02 05:00:00+01:00,1.073306918144226,1.0744600296020508,1.0728462934494019,1.0744600296020508,0,1.0776427054289803,1.0814529395103454,34.21471297314861,-0.00037451135308050614,0.0015165209770202637
2024-04-02 09:00:00+01:00,1.0742292404174805,1.0756157636642456,1.0730764865875244,1.0756157636642456,0,1.0774496633561483,1.0811025524139404,39.563944714976365,-0.00021735646918912476,0.0016066346849714006
2024-04-02 13:00:00+01:00,1.0755001306533813,1.0781670808792114,1.0749220848083496,1.0771219730377197,0,1.0774184547543932,1.080820460319519,45.754613427647556,5.264474554119358e-06,0.0016723275184631348
2024-04-02 17:00:00+01:00,1.0772379636764526,1.0773539543151855,1.076310396194458,1.0771219730377197,0,1.0773902184004243,1.080635576248169,45.754613427647556,0.00016111335635149156,0.0016219871384756906
2024-04-02 21:00:00+01:00,1.0771219730377197,1.0780508518218994,1.0768898725509644,1.0771219730377197,0,1.0773646712230238,1.0804601311683655,45.754613427647556,0.00026657373747020837,0.0016633101872035436
2024-04-03 01:00:00+01:00,1.0771219730377197,1.0781670808792114,1.0768898725509644,1.0780508518218994,0,1.07743002175625,1.0802914667129517,49.721514660588625,0.0003935944736139503,0.0016879439353942871
2024-04-03 05:00:00+01:00,1.077934741973877,1.0780508518218994,1.076658010482788,1.0773539543151855,0,1.0774227772380534,1.0801559782028198,46.9475793173597,0.0004228198595169761,0.0017291903495788574
2024-04-03 09:00:00+01:00,1.0773539543151855,1.0787487030029297,1.076774001121521,1.0787487030029297,0,1.0775490558823273,1.0800765562057495,52.64208805621373,0.000521737253154253,0.0017620325088500977
2024-04-03 13:00:00+01:00,1.0787487030029297,1.0833063125610352,1.07758629322052,1.0829542875289917,0,1.0780638398486764,1.080099985599518,64.88236841761002,0.0008373426656930504,0.0021123886108398438
2024-04-03 17:00:00+01:00,1.0829542875289917,1.0840108394622803,1.0824854373931885,1.0837758779525757,0,1.0786078434776192,1.080137507915497,66.69346637736317,0.0010543523019911375,0.0021382144519260953
2024-04-03 21:00:00+01:00,1.0836584568023682,1.0843634605407715,1.0835410356521606,1.0841283798217773,0,1.0791336088437296,1.080203127861023,67.46865864639834,0.001165848794298887,0.0018081750188555037
2024-04-04 01:00:00+01:00,1.0841283798217773,1.0847163200378418,1.0837758779525757,1.084481120109558,0,1.0796428956309514,1.080264115333557,68.26463795463232,0.0012027248718042944,0.001784707818712507
2024-04-04 05:00:00+01:00,1.0845986604690552,1.086130142211914,1.0842459201812744,1.0860122442245483,0,1.080249500258913,1.0803510451316833,71.52188744463577,0.0012633576636956164,0.0018533383096967424
2024-04-04 09:00:00+01:00,1.085894227027893,1.0868383646011353,1.0854227542877197,1.0855406522750854,0,1.0807534194985484,1.0804238629341125,69.16712048879168,0.001205014124588153,0.001896815640585763
2024-04-04 13:00:00+01:00,1.0856584310531616,1.087902545928955,1.0854227542877197,1.08672034740448,0,1.0813216983467324,1.080496838092804,71.67903630396329,0.0011777918036190355,0.001958676746913365
2024-04-04 17:00:00+01:00,1.0868383646011353,1.08695650100708,1.0836584568023682,1.0836584568023682,0,1.0815442467710787,1.0804897904396058,58.38400299827776,0.0008981301802785268,0.0020128743989127023
2024-04-04 21:00:00+01:00,1.0835410356521606,1.0843634605407715,1.0835410356521606,1.0838934183120728,0,1.0817679773940305,1.0804827404022217,59.012268042536846,0.0006832551965625501,0.0018398336001804896
2024-04-05 01:00:00+01:00,1.0838934183120728,1.0845986604690552,1.0827198028564453,1.0829542875289917,0,1.0818809593116459,1.080461609363556,55.41148917754358,0.0004437662211147597,0.0018994978496006557
2024-04-05 05:00:00+01:00,1.0829542875289917,1.0843634605407715,1.082602620124817,1.0843634605407715,0,1.082117388000134,1.0804686617851258,59.41333569462776,0.00035025590947093915,0.001942345074244908
2024-04-05 09:00:00+01:00,1.0841283798217773,1.0848339796066284,1.0834236145019531,1.0838934183120728,0,1.082286533744128,1.0804592609405517,57.55767757879517,0.00023241873075268327,0.0019518562725612096
2024-04-05 13:00:00+01:00,1.0838934183120728,1.0849517583847046,1.079563856124878,1.0843634605407715,0,1.0824843362961893,1.0804262852668762,58.93879438313092,0.00016497542722836806,0.002237217766898019
2024-04-05 17:00:00+01:00,1.0843634605407715,1.0847163200378418,1.0834236145019531,1.0838934183120728,0,1.0826185345834163,1.0804474139213562,56.943264153620014,7.22835115675776e-05,0.0021885037422180176
2024-04-05 21:00:00+01:00,1.0837758779525757,1.0841283798217773,1.0836584568023682,1.0841283798217773,0,1.0827623293680222,1.0804662036895751,57.71398717404974,1.3452261174821956e-05,0.0018134968621390207
2024-04-07 21:00:00+01:00,1.0830715894699097,1.0835410356521606,1.0830715894699097,1.0833063125610352,0,1.0828141372911662,1.0804615092277527,54.06738878478793,-8.855951600064693e-05,0.001780024596623012
2024-04-08 01:00:00+01:00,1.0831888914108276,1.0845986604690552,1.082602620124817,1.0836584568023682,0,1.0828945486731854,1.0804755926132201,55.36830160135739,-0.00013715110495067235,0.001863854272024972
2024-04-08 05:00:00+01:00,1.0836584568023682,1.0840108394622803,1.0831888914108276,1.0835410356521606,0,1.0829561188616592,1.0804920172691346,54.81085400286782,-0.00017936667464232077,0.0018553904124668666
2024-04-08 09:00:00+01:00,1.0835410356521606,1.0837758779525757,1.08236825466156,1.0827198028564453,0,1.0829336125754485,1.0805013918876647,50.94745156395831,-0.00025987967111597505,0.001821347645350865
2024-04-08 13:00:00+01:00,1.082602620124817,1.086130142211914,1.0824854373931885,1.0855406522750854,0,1.083181902070652,1.0805648398399352,61.09214582071273,-0.00012715463174492068,0.0019805686814444406
2024-04-08 17:00:00+01:00,1.0855406522750854,1.0864840745925903,1.0849517583847046,1.0860122442245483,0,1.0834514584662611,1.0806236529350282,62.4888639405209,-1.7368100757738985e-05,0.0019128918647766113
2024-04-08 21:00:00+01:00,1.085894227027893,1.0866022109985352,1.0857763290405273,1.0864840745925903,0,1.083740279049721,1.0807223582267762,63.885729236955875,7.234062693092249e-05,0.0017363088471548898
2024-04-09 01:00:00+01:00,1.0864840745925903,1.0866022109985352,1.0856584310531616,1.085894227027893,0,1.083945416952404,1.0807905340194701,60.83578424887206,7.684361242554349e-05,0.0017449770654950822
2024-04-09 05:00:00+01:00,1.085894227027893,1.0866022109985352,1.0854227542877197,1.0855406522750854,0,1.0840973441259927,1.0808914065361024,59.01695842384805,4.2608472223989264e-05,0.0016950198582240514
2024-04-09 09:00:00+01:00,1.0856584310531616,1.0875475406646729,1.0853049755096436,1.0864840745925903,0,1.0843246517894782,1.0810484433174132,62.259250289036125,6.85618976170204e-05,0.001729428768157959
2024-04-09 13:00:00+01:00,1.0863661766052246,1.0887316465377808,1.0855406522750854,1.085894227027893,0,1.0844741351455178,1.0811587214469909,59.11055051820816,3.2873860116180856e-05,0.0018566165651593889
2024-04-09 17:00:00+01:00,1.085894227027893,1.0862481594085693,1.0850694179534912,1.085894227027893,0,1.0846093819914584,1.0812946486473083,59.11055051820816,-2.01125882500321e-06,0.001555962221963065
2024-04-09 21:00:00+01:00,1.085894227027893,1.0864840745925903,1.0854227542877197,1.086130142211914,0,1.0847542162981685,1.0814283061027528,60.04779647003101,-1.950424841933615e-05,0.0015394347054617746
2024-04-10 01:00:00+01:00,1.086130142211914,1.086130142211914,1.0854227542877197,1.0856584310531616,0,1.0848403319891202,1.081587429046631,57.223429452784714,-7.029378278433011e-05,0.001556396484375
2024-04-10 05:00:00+01:00,1.0855406522750854,1.0860122442245483,1.0851871967315674,1.0857763290405273,0,1.0849294745654448,1.081760516166687,57.75821692231829,-0.00010150278301263634,0.0015398434230259486
2024-04-10 09:00:00+01:00,1.0857763290405273,1.0868383646011353,1.0855406522750854,1.085894227027893,0,1.0850213557523447,1.0818964433670044,58.319386406205936,-0.0001185717110450174,0.0014899628502982004
2024-04-10 13:00:00+01:00,1.085894227027893,1.0866022109985352,1.073767900466919,1.0738831758499146,0,1.0839605767140181,1.0817874908447265,23.731102051306863,-0.0008996540857328523,0.0023479887417384555
2024-04-10 17:00:00+01:00,1.0739984512329102,1.0756157636642456,1.0731916427612305,1.074806571006775,0,1.0830887666466618,1.081697006225586,27.30084305350755,-0.001291163017118325,0.002420595714024135
2024-04-10 21:00:00+01:00,1.0746910572052002,1.0750375986099243,1.0742292404174805,1.0744600296020508,0,1.0822669821662227,1.0815925979614258,26.793993685048406,-0.0014960728792784035,0.0022179995264325824
2024-04-11 01:00:00+01:00,1.0743446350097656,1.0751532316207886,1.0741138458251953,1.074806571006775,0,1.081556466817704,1.0814974522590637,28.228944022945626,-0.0015256435678531097,0.0021827902112688336
2024-04-11 05:00:00+01:00,1.074806571006775,1.0749220848083496,1.0730764865875244,1.0746910572052002,0,1.0809026182831798,1.0814046573638916,28.031700374581717,-0.0014697749484741712,0.002255627087184361
2024-04-11 09:00:00+01:00,1.0745755434036255,1.0752688646316528,1.0728462934494019,1.0731916427612305,0,1.0801682396620418,1.0812911891937256,25.537353860108155,-0.0014482507429915555,0.002361255032675607
2024-04-11 13:00:00+01:00,1.0731916427612305,1.0757315158843994,1.0703200101852417,1.0722709894180298,0,1.0794161205911834,1.0811639642715454,24.118255918736466,-0.0014091452474419008,0.0026635442461286274
2024-04-11 17:00:00+01:00,1.0722709894180298,1.0736525058746338,1.0716965198516846,1.0731916427612305,0,1.078823313178807,1.0811570525169372,28.402917121278108,-0.0012403504964222823,0.0026430743081229074
2024-04-11 21:00:00+01:00,1.0731916427612305,1.0734220743179321,1.0727311372756958,1.072961449623108,0,1.0782650404592165,1.0811270809173583,27.97754433910538,-0.0010697348565134844,0.002464498792375837
2024-04-12 01:00:00+01:00,1.0728462934494019,1.0730764865875244,1.071926236152649,1.0720411539077759,0,1.0776722893590793,1.0810879349708558,26.28282236372833,-0.0009485244646472348,0.0024624637195042203
2024-04-12 05:00:00+01:00,1.0720411539077759,1.0720411539077759,1.0679197311401367,1.0686043500900269,0,1.07680867609536,1.0809938836097717,21.134241296828392,-0.0010230701631004074,0.0026810424668448313
2024-04-12 09:00:00+01:00,1.0687185525894165,1.0687185525894165,1.064736008644104,1.065303087234497,0,1.0757129057276587,1.0808107447624207,17.57320379243467,-0.0012054224864383777,0.002914982182638986
2024-04-12 13:00:00+01:00,1.0655300617218018,1.065757155418396,1.062699317932129,1.0650761127471924,0,1.0746998778247572,1.0805999517440796,17.3566639764383,-0.0012468454003400167,0.003074467182159424
2024-04-12 17:00:00+01:00,1.0649627447128296,1.065303087234497,1.064056158065796,1.0641694068908691,0,1.0736969758310535,1.0803409004211426,16.48289929974473,-0.0012383020881845245,0.0030708398137773785
2024-04-12 21:00:00+01:00,1.064056158065796,1.064736008644104,1.064056158065796,1.0646226406097412,0,1.0728327534290236,1.080090913772583,18.68649237295918,-0.0011092782605194407,0.0022026641028267996
2024-04-14 21:00:00+01:00,1.065303087234497,1.065303087234497,1.0646226406097412,1.0649627447128296,0,1.072083228789386,1.0798477292060853,20.384072530899758,-0.0009161946203248917,0.002078115940093994
2024-04-15 01:00:00+01:00,1.0650761127471924,1.065757155418396,1.0642826557159424,1.0655300617218018,0,1.0714591176400923,1.0795973134040833,23.26197983518918,-0.0006764929044464968,0.0021256974765232633
2024-04-15 05:00:00+01:00,1.0655300617218018,1.0666667222976685,1.0649627447128296,1.0660980939865112,0,1.070948543958799,1.0793721961975098,26.140792277370295,-0.0004185499317866763,0.0021731683186122347
2024-04-15 09:00:00+01:00,1.0660980939865112,1.0667804479599,1.0655300617218018,1.065757155418396,0,1.0704541260025702,1.079112365245819,25.52191595612794,-0.00021974992469598557,0.0021306531769888742
2024-04-15 13:00:00+01:00,1.065757155418396,1.0663254261016846,1.0625863075256348,1.0646226406097412,0,1.0698987464413485,1.078745732307434,23.52595898073355,-0.00011858433471099734,0.002224692276545933
2024-04-15 17:00:00+01:00,1.064736008644104,1.0649627447128296,1.0623606443405151,1.062925100326538,0,1.0692345896685094,1.0783287167549134,20.893058063428242,-0.00011957806603949198,0.0020240204674857004
2024-04-15 21:00:00+01:00,1.062925100326538,1.063151240348816,1.0623606443405151,1.0628122091293335,0,1.068622934379064,1.0779023933410645,20.72692854595634,-8.315004253421111e-05,0.0019407783235822404
2024-04-16 01:00:00+01:00,1.062699317932129,1.0628122091293335,1.060895323753357,1.0614584684371948,0,1.0679406042893622,1.0774419403076172,18.79678965255178,-0.00010417500541509261,0.002028346061706543
2024-04-16 05:00:00+01:00,1.0614584684371948,1.0624734163284302,1.0605578422546387,1.0622477531433105,0,1.0673984279897382,1.0769666504859925,23.2824972141825,-2.3107913488958597e-05,0.0020830120359148297
2024-04-16 09:00:00+01:00,1.062134861946106,1.0649627447128296,1.0615711212158203,1.0646226406097412,0,1.0671340672868812,1.0765482902526855,34.929994830526525,0.00021894096113787148,0.002030883516584124
2024-04-16 13:00:00+01:00,1.0645092725753784,1.0656436681747437,1.0624734163284302,1.0630381107330322,0,1.0667439761865147,1.0760746455192567,31.494316895523042,0.0002960217207953978,0.001972862652369908
2024-04-16 17:00:00+01:00,1.062925100326538,1.0637166500091553,1.0604453086853027,1.0623606443405151,0,1.0663265160107052,1.0756486892700194,30.129790193470114,0.0003228749402772249,0.0019881129264831543
2024-04-16 21:00:00+01:00,1.0624734163284302,1.0628122091293335,1.0615711212158203,1.0623606443405151,0,1.0659488139468776,1.0752180337905883,30.129790193470114,0.000359337245693642,0.0019876956939697266
2024-04-17 01:00:00+01:00,1.0624734163284302,1.063829779624939,1.062022089958191,1.0630381107330322,0,1.0656716041169876,1.0748197102546693,33.472659332432414,0.0004423262459300097,0.0020682556288582937
2024-04-17 05:00:00+01:00,1.0630381107330322,1.0639430284500122,1.0610079765319824,1.0630381107330322,0,1.0654207952232775,1.0743932032585144,33.472659332432414,0.0005058843831089602,0.0022292988640921457
2024-04-17 09:00:00+01:00,1.0628122091293335,1.065303087234497,1.062699317932129,1.063829779624939,0,1.0652692699281976,1.0739919304847718,37.523710670563254,0.0006033012555459413,0.0023099609783717562
2024-04-17 13:00:00+01:00,1.0639430284500122,1.0654165744781494,1.06326425075531,1.0646226406097412,0,1.0652076861835829,1.073597114086151,41.374021899107355,0.0007155344048500566,0.0023419857025146484
2024-04-17 17:00:00+01:00,1.064736008644104,1.0681477785110474,1.0639430284500122,1.0673497915267944,0,1.0654116962162696,1.0732662415504455,52.27005369483637,0.0009529816792881872,0.002553011689867292
2024-04-17 21:00:00+01:00,1.067463755607605,1.0678056478500366,1.067121982574463,1.067121982574463,0,1.0655745806313357,1.0729261136054993,51.41049343028683,0.0010657126895159746,0.0023347650255475727
2024-04-18 01:00:00+01:00,1.0672358274459839,1.068376064300537,1.0667804479599,1.068376064300537,0,1.065841388599831,1.0726275086402892,55.72672529717062,0.001186506241995238,0.0022628733089991976
2024-04-18 05:00:00+01:00,1.068261981010437,1.069290041923523,1.0678056478500366,1.068376064300537,0,1.0660827862856126,1.0723218607902527,55.72672529717062,0.0012232841884119812,0.002312430313655308
2024-04-18 09:00:00+01:00,1.068261981010437,1.0686043500900269,1.0673497915267944,1.0680338144302368,0,1.0662685984898626,1.0720117163658143,54.202775627888805,0.0011808451206026438,0.0022651212556021555
2024-04-18 13:00:00+01:00,1.0680338144302368,1.068261981010437,1.0650761127471924,1.0663254261016846,0,1.0662740106433695,1.0716838288307189,47.255877645261485,0.0010011039392795837,0.002355856554848807
2024-04-18 17:00:00+01:00,1.0663254261016846,1.066439151763916,1.0646226406097412,1.0646226406097412,0,1.0661167373068334,1.0712654685974121,41.54102968497048,0.0007428026244862573,0.0022433485303606305
2024-04-18 21:00:00+01:00,1.0646226406097412,1.065303087234497,1.0642826557159424,1.0645092725753784,0,1.0659636454276473,1.0708354091644288,41.18392794069552,0.0005485418332798161,0.002089789935520717
2024-04-19 01:00:00+01:00,1.0645092725753784,1.064736008644104,1.0614584684371948,1.0639430284500122,0,1.0657712057154916,1.0703845882415772,39.36376959454803,0.00037445214133866294,0.002090232712881906
2024-04-19 05:00:00+01:00,1.064056158065796,1.0662117004394531,1.0630381107330322,1.065870761871338,0,1.0657806872541435,1.069984118938446,47.81893814396371,0.0003804377414286873,0.0022282685552324566
2024-04-19 09:00:00+01:00,1.065757155418396,1.066439151763916,1.0646226406097412,1.0654165744781494,0,1.065746009846906,1.0695816373825073,46.18489754971788,0.0003461015545299711,0.002228898661477225
2024-04-19 13:00:00+01:00,1.0654165744781494,1.0680338144302368,1.0654165744781494,1.065757155418396,0,1.065747071329905,1.0691670989990234,47.63005439480511,0.00033822383522866197,0.002206197806767055
2024-04-19 17:00:00+01:00,1.065870761871338,1.0662117004394531,1.0643960237503052,1.065757155418396,0,1.0657480317192851,1.0687643575668335,47.63005439480511,0.0003248367734115516,0.0021499054772513254
2024-04-19 21:00:00+01:00,1.065757155418396,1.0660980939865112,1.0656436681747437,1.0660980939865112,0,1.0657813709828303,1.0683684349060059,49.21343320141572,0.000329715868548863,0.0020286270550319125
2024-04-21 21:00:00+01:00,1.0662117004394531,1.066439151763916,1.0660980939865112,1.0660980939865112,0,1.065811535078419,1.0679677939414978,49.21343320141571,0.00032327867467976993,0.0017526490347726004
2024-04-22 01:00:00+01:00,1.0660980939865112,1.0673497915267944,1.0655300617218018,1.066439151763916,0,1.0658713080960853,1.067583408355713,50.9345091828883,0.00033111479152279346,0.001833796501159668
2024-04-22 05:00:00+01:00,1.066439151763916,1.0672358274459839,1.0656436681747437,1.0660980939865112,0,1.0658929067523164,1.0671898436546325,49.1410945955835,0.00030320066205751894,0.0018335495676313127
2024-04-22 09:00:00+01:00,1.0660980939865112,1.0665528774261475,1.0637166500091553,1.0637166500091553,0,1.0656856442053486,1.0667462921142579,38.85383762537304,0.00012343853938960516,0.0019301090921674455
2024-04-22 13:00:00+01:00,1.0636035203933716,1.0650761127471924,1.062699317932129,1.0649627447128296,0,1.0656167966346326,1.0665678834915162,45.30579435109921,8.914416651076783e-05,0.002010268824441092
2024-04-22 17:00:00+01:00,1.0650761127471924,1.0663254261016846,1.0649627447128296,1.0654165744781494,0,1.0655977278578248,1.0663800835609436,47.47938930745304,9.706025363825216e-05,0.0018800411905561174
2024-04-22 21:00:00+01:00,1.0654165744781494,1.065870761871338,1.065303087234497,1.0656436681747437,0,1.0656021031261027,1.0662037563323974,48.58057683882916,0.00011632707881683018,0.0017908385821751186
2024-04-23 01:00:00+01:00,1.065757155418396,1.0663254261016846,1.0656436681747437,1.0659844875335693,0,1.0656385206887187,1.0660273146629333,50.2659242122646,0.00014869090102937127,0.0017666476113455637
2024-04-23 05:00:00+01:00,1.0659844875335693,1.0695186853408813,1.0641694068908691,1.068376064300537,0,1.0658992391279394,1.06590101480484,60.13904921952305,0.0003181027524162623,0.0019146289144243514
2024-04-23 09:00:00+01:00,1.0679197311401367,1.0686043500900269,1.0656436681747437,1.0676915645599365,0,1.0660699367881294,1.0657910132408142,56.671377334994496,0.00036749976728305857,0.001899421215057373
2024-04-23 13:00:00+01:00,1.0676915645599365,1.0711225271224976,1.0663254261016846,1.0695186853408813,0,1.0663983890312487,1.0657359671592712,62.8320568910776,0.0004985324823230512,0.002112320491245815
2024-04-23 17:00:00+01:00,1.0697474479675293,1.0710078477859497,1.06963312625885,1.0705492496490479,0,1.0667937090900868,1.0656831192970275,65.7869266793223,0.0006218932916802411,0.0020317435264587402
2024-04-23 21:00:00+01:00,1.0704345703125,1.0710078477859497,1.0703200101852417,1.0705492496490479,0,1.0671513796195116,1.0656348752975464,65.7869266793223,0.0006667930945454872,0.001951183591570173
2024-04-24 01:00:00+01:00,1.0705492496490479,1.0715816020965576,1.0703200101852417,1.0708931684494019,0,1.0675077404604534,1.065611915588379,66.80822013285953,0.0006805896747647246,0.002008838312966483
2024-04-24 05:00:00+01:00,1.0708931684494019,1.071237325668335,1.0688328742980957,1.0690613985061646,0,1.0676557078933784,1.0656210565567017,57.04149329695339,0.0005337695437179982,0.002156223569597517
2024-04-24 09:00:00+01:00,1.0691757202148438,1.0695186853408813,1.0684902667999268,1.0691757202148438,0,1.0678004709716131,1.0656985092163085,57.45948183868034,0.0004169529776307528,0.002099701336451939
2024-04-24 13:00:00+01:00,1.069290041923523,1.0704345703125,1.0681477785110474,1.0689470767974854,0,1.067909671526458,1.0657759284973145,56.28001939187631,0.00030222822892722633,0.002149317945752825
2024-04-24 17:00:00+01:00,1.0689470767974854,1.0708931684494019,1.0686043500900269,1.0703200101852417,0,1.0681392275891992,1.065898940563202,61.4032988634824,0.00029634870259380745,0.0021102172987801687
2024-04-24 21:00:00+01:00,1.0703200101852417,1.0704345703125,1.0695186853408813,1.0702054500579834,0,1.0683360106814643,1.0660105967521667,60.76344735854277,0.000263395667735047,0.002005866595676967
2024-04-25 01:00:00+01:00,1.0703200101852417,1.071237325668335,1.0700910091400146,1.0708931684494019,0,1.068579549516506,1.0661292052268982,63.239878541896665,0.000265800143560135,0.0019904119627816336
2024-04-25 05:00:00+01:00,1.0708931684494019,1.0730764865875244,1.070778489112854,1.0723860263824463,0,1.0689420711227862,1.0662663245201112,67.96632470353211,0.000341016287797737,0.002114006451198033
2024-04-25 09:00:00+01:00,1.0723860263824463,1.0731916427612305,1.0720411539077759,1.0721560716629028,0,1.069248166412321,1.066387484073639,66.5469583111585,0.00034720329684623827,0.0021474872316632953
2024-04-25 13:00:00+01:00,1.0721560716629028,1.0741138458251953,1.068261981010437,1.0723860263824463,0,1.0695470102189997,1.06652006149292,67.28276214535515,0.00033835884746152194,0.0021833862577165875
2024-04-25 17:00:00+01:00,1.0723860263824463,1.0741138458251953,1.071811318397522,1.0731916427612305,0,1.0698941180801644,1.0666914415359496,69.78974556111442,0.0003565228057761552,0.0021363752228873117
2024-04-25 21:00:00+01:00,1.0731916427612305,1.0734220743179321,1.0726161003112793,1.072961449623108,0,1.0701862448937782,1.066892168521881,68.18208673839831,0.0003237473949668471,0.0018512947218758719
2024-04-26 01:00:00+01:00,1.072961449623108,1.0731916427612305,1.0721560716629028,1.0726161003112793,0,1.0704176596954451,1.06708824634552,65.73554056437877,0.000252675431862823,0.0018188953399658203
2024-04-26 05:00:00+01:00,1.0726161003112793,1.0739984512329102,1.0723860263824463,1.073306918144226,0,1.0706928271667575,1.0673252153396606,68.19409860035961,0.0002268755095389866,0.0018849372863769531
2024-04-26 09:00:00+01:00,1.073306918144226,1.075384497642517,1.071926236152649,1.071926236152649,0,1.0708102946892235,1.0675187849998473,59.071303185694866,9.808832529328111e-05,0.002041842256273542
2024-04-26 13:00:00+01:00,1.071926236152649,1.073306918144226,1.0678056478500366,1.0690613985061646,0,1.07064373314798,1.067607560157776,45.47683042655229,-0.00018343695229386435,0.0022630436079842703
2024-04-26 17:00:00+01:00,1.0688328742980957,1.0708931684494019,1.0688328742980957,1.0703200101852417,0,1.0706129023896238,1.06775319814682,50.830571941084585,-0.00028237049476189714,0.0023367490087236676
2024-04-26 21:00:00+01:00,1.0703200101852417,1.0704345703125,1.0694043636322021,1.0698620080947876,0,1.0705413886472583,1.0679032254219054,48.947081198832095,-0.00037057951624410346,0.0022469929286411832
2024-04-28 21:00:00+01:00,1.0704345703125,1.0708931684494019,1.0703200101852417,1.0708931684494019,0,1.0705748914855577,1.0680738759040833,53.155691877102676,-0.00035156305910907597,0.0021571602140154156
2024-04-29 01:00:00+01:00,1.0710078477859497,1.0722709894180298,1.0708931684494019,1.071926236152649,0,1.0707035909776617,1.0682516384124756,56.981803498091004,-0.000265413617526254,0.002190155642373221
2024-04-29 05:00:00+01:00,1.071811318397522,1.0736525058746338,1.0713521242141724,1.071926236152649,0,1.0708200333752795,1.068429400920868,56.981803498091004,-0.00020702565402133883,0.0022725888660975863
2024-04-29 09:00:00+01:00,1.0720411539077759,1.072961449623108,1.0700910091400146,1.071811318397522,0,1.070914441472636,1.0685890316963196,56.38763123599202,-0.0001759607699957106,0.0023134776524135043
2024-04-29 13:00:00+01:00,1.071811318397522,1.0726161003112793,1.069290041923523,1.0720411539077759,0,1.0710217474188397,1.0687374019622802,57.34560722885556,-0.00014124753722653122,0.0024688754762922016
2024-04-29 17:00:00+01:00,1.071926236152649,1.073306918144226,1.071811318397522,1.0723860263824463,0,1.071151678748707,1.0688381266593934,58.80773950058541,-9.840399313734715e-05,0.0021577136857169016
2024-04-29 21:00:00+01:00,1.0723860263824463,1.0730764865875244,1.0716965198516846,1.0716965198516846,0,1.071203568377562,1.0689296174049376,54.76573880491168,-0.00011849782582287207,0.0020918164934430805
2024-04-30 01:00:00+01:00,1.0716965198516846,1.0720411539077759,1.0705492496490479,1.070778489112854,0,1.071163084638066,1.068977665901184,49.85265972955216,-0.00019130003562858996,0.0021408115114484516
2024-04-30 05:00:00+01:00,1.0708931684494019,1.071237325668335,1.0694043636322021,1.0708931684494019,0,1.0711373783343836,1.0690280079841614,50.45065174024148,-0.0002269812670554715,0.002197768007005964
2024-04-30 09:00:00+01:00,1.070778489112854,1.073767900466919,1.0697474479675293,1.0722709894180298,0,1.071245341294731,1.0691127514839172,57.07377023764041,-0.00015639723502387153,0.002369769981929234
2024-04-30 13:00:00+01:00,1.0722709894180298,1.0726161003112793,1.0687185525894165,1.0687185525894165,0,1.0710046947513676,1.0691606140136718,41.62491779744232,-0.00033718939985499287,0.0024011475699288504
2024-04-30 17:00:00+01:00,1.0687185525894165,1.0688328742980957,1.067463755607605,1.067463755607605,0,1.0706674624519616,1.069217436313629,37.739095511516666,-0.0005186633407220546,0.0021059938839503695
2024-04-30 21:00:00+01:00,1.067463755607605,1.0676915645599365,1.0667804479599,1.066894292831421,0,1.070308112964291,1.06926513671875,36.09236894132872,-0.0006461328751426943,0.002023909773145403
2024-05-01 01:00:00+01:00,1.066894292831421,1.067008137702942,1.065870761871338,1.0659844875335693,0,1.0698963391137462,1.0693059659004212,33.57194113414174,-0.000753318527323093,0.002031564712524414
2024-05-01 05:00:00+01:00,1.0659844875335693,1.066439151763916,1.065303087234497,1.066439151763916,0,1.0695670831756672,1.0693173336982726,35.978047379247144,-0.0007533775631318868,0.002039057867867606
2024-05-01 09:00:00+01:00,1.0665528774261475,1.0675777196884155,1.0665528774261475,1.067463755607605,0,1.069366766264423,1.0693582773208619,41.15115000951813,-0.0006481993019321055,0.002021968364715576
2024-05-01 13:00:00+01:00,1.067463755607605,1.0690613985061646,1.067463755607605,1.068261981010437,0,1.0692615486211863,1.0694083738327027,44.88733070483091,-0.0004955435259113454,0.0019717727388654438
2024-05-01 17:00:00+01:00,1.0681477785110474,1.0734220743179321,1.0673497915267944,1.069290041923523,0,1.0692642622690278,1.069479031562805,49.347664422779694,-0.00030533522216348466,0.0022004757608686176
2024-05-01 21:00:00+01:00,1.0691757202148438,1.0726161003112793,1.0690613985061646,1.0720411539077759,0,1.0695287281393848,1.0695978927612304,58.92719763582635,9.09625959860758e-06,0.0022168074335370746
2024-05-02 01:00:00+01:00,1.0720411539077759,1.0725010633468628,1.0711225271224976,1.071811318397522,0,1.069746117687779,1.0697121572494508,57.94131154942055,0.00019464756761133987,0.0022084457533700125
2024-05-02 05:00:00+01:00,1.071811318397522,1.0730764865875244,1.0715816020965576,1.071811318397522,0,1.0699428034696592,1.0698196005821228,57.94131154942055,0.00030391629751385166,0.0022166541644505094
2024-05-02 09:00:00+01:00,1.071926236152649,1.0722709894180298,1.0698620080947876,1.0705492496490479,0,1.0700005602486486,1.0699086236953734,52.362211144714806,0.00027840957209374355,0.0022821596690586637
2024-05-02 13:00:00+01:00,1.0705492496490479,1.0714668035507202,1.0678056478500366,1.0708931684494019,0,1.0700855705534822,1.0700521540641785,53.67134230690101,0.0002716211287612258,0.0024127449308122906
2024-05-02 17:00:00+01:00,1.0710078477859497,1.073306918144226,1.0706638097763062,1.0730764865875244,0,1.0703704196995814,1.0702144289016724,60.998828473053074,0.0003936878924934124,0.0023143632071358816
2024-05-02 21:00:00+01:00,1.0730764865875244,1.0739984512329102,1.0726161003112793,1.073306918144226,0,1.070650086218119,1.0703722357749939,61.68756740385174,0.0004645937085436117,0.002134706292833601
2024-05-03 01:00:00+01:00,1.0731916427612305,1.0742292404174805,1.0727311372756958,1.0738831758499146,0,1.0709579995163852,1.0705370259284974,63.42695961252692,0.0005207267475714314,0.0021439194679260254
2024-05-03 05:00:00+01:00,1.0738831758499146,1.0741138458251953,1.0728462934494019,1.0736525058746338,0,1.0712146191695517,1.0706903862953185,62.20944790422997,0.0005119748284376422,0.0021693791661943707
2024-05-03 09:00:00+01:00,1.0736525058746338,1.0752688646316528,1.0736525058746338,1.0749220848083496,0,1.0715677111351516,1.0708213067054748,66.06989637810278,0.0005575885509425829,0.002203592232295445
2024-05-03 13:00:00+01:00,1.0749220848083496,1.0813149213790894,1.0746910572052002,1.0773539543151855,0,1.0721187819142024,1.0710145545005798,71.97542525750494,0.0007077902696401976,0.0025955779211861746
2024-05-03 17:00:00+01:00,1.0771219730377197,1.077470064163208,1.0761945247650146,1.076774001121521,0,1.072562136124423,1.0711596608161926,68.89576031340158,0.0007218512100797369,0.002605361597878592
2024-05-03 21:00:00+01:00,1.076774001121521,1.0770059823989868,1.0764262676239014,1.076658010482788,0,1.0729522193966483,1.0712818360328675,68.2666274708414,0.0006778084118909868,0.0025326524462018695
2024-05-05 21:00:00+01:00,1.0765421390533447,1.076774001121521,1.0760787725448608,1.0760787725448608,0,1.0732499863631448,1.0713924264907837,65.07100044037819,0.0005685478893633507,0.0021485771451677594
2024-05-06 01:00:00+01:00,1.0759629011154175,1.077470064163208,1.0758472681045532,1.076774001121521,0,1.0735856068163234,1.0715100431442262,67.06385542714766,0.0005041754177622102,0.0020105838775634766
2024-05-06 05:00:00+01:00,1.076774001121521,1.0772379636764526,1.076310396194458,1.0764262676239014,0,1.0738561459408547,1.0716573405265808,65.06428899898296,0.0004036038973952668,0.0019783718245370047
2024-05-06 09:00:00+01:00,1.0764262676239014,1.077818512916565,1.0760787725448608,1.077470064163208,0,1.0742003286286979,1.0718232274055481,68.13549213204323,0.00037349994100417,0.001995861530303955
2024-05-06 13:00:00+01:00,1.07758629322052,1.0793308019638062,1.07758629322052,1.0780508518218994,0,1.0745670451232885,1.0720053029060364,69.7300380879931,0.00035874236066360554,0.0019567012786865234
2024-05-06 17:00:00+01:00,1.0781670808792114,1.0781670808792114,1.0770059823989868,1.0770059823989868,0,1.0747993248638312,1.0721390223503113,63.56705157574931,0.00024981392474707773,0.0017781257629394531
2024-05-06 21:00:00+01:00,1.0770059823989868,1.07758629322052,1.0768898725509644,1.0770059823989868,0,1.0750094827243222,1.0722750329971313,63.56705157574931,0.00015368297865288468,0.0016390766416277205
2024-05-07 01:00:00+01:00,1.0770059823989868,1.077934741973877,1.0764262676239014,1.0771219730377197,0,1.075210672277979,1.0723996090888976,63.97695544393189,7.7664571287407e-05,0.001648085457938058
2024-05-07 05:00:00+01:00,1.0771219730377197,1.0772379636764526,1.0758472681045532,1.076658010482788,0,1.0753485140117705,1.0724850487709046,61.019611668735195,-1.895094713033987e-05,0.0016404134886605398
2024-05-07 09:00:00+01:00,1.076774001121521,1.0773539543151855,1.0758472681045532,1.0770059823989868,0,1.0755063681438863,1.0725820469856262,62.422590216568715,-7.155263643570417e-05,0.0016574944768633162
2024-05-07 13:00:00+01:00,1.0770059823989868,1.0789813995361328,1.076774001121521,1.0771219730377197,0,1.0756602352766322,1.0726767659187317,62.901904000605285,-0.00010845126311473299,0.0016997115952628
2024-05-07 17:00:00+01:00,1.0770059823989868,1.077702283859253,1.0750375986099243,1.0760787725448608,0,1.0757000959688445,1.0727345085144042,55.98524751193616,-0.000207302914945972,0.0014169131006513322
2024-05-07 21:00:00+01:00,1.0759629011154175,1.076310396194458,1.0750375986099243,1.0752688646316528,0,1.0756590263176835,1.0727806568145752,51.27155302906471,-0.00032444288308406343,0.0014167172568184988
2024-05-08 01:00:00+01:00,1.075384497642517,1.0757315158843994,1.0741138458251953,1.0744600296020508,0,1.0755448361542899,1.0728175354003906,47.01432398423022,-0.00044609700300124867,0.0014908569199698313
2024-05-08 05:00:00+01:00,1.0743446350097656,1.0751532316207886,1.0741138458251953,1.0742292404174805,0,1.0754195413222127,1.0728359818458557,45.84461176290583,-0.0005262969150947182,0.001515439578465053
2024-05-08 09:00:00+01:00,1.0739984512329102,1.0756157636642456,1.0738831758499146,1.0749220848083496,0,1.0753721645113687,1.0728958988189696,49.87638547733792,-0.0005161662467732977,0.0015232818467276438
2024-05-08 13:00:00+01:00,1.0749220848083496,1.0759629011154175,1.0743446350097656,1.0757315158843994,0,1.0754063884516574,1.0730293011665344,54.169187718234284,-0.0004413324498487106,0.00157261746270316
2024-05-08 17:00:00+01:00,1.0757315158843994,1.0757315158843994,1.0744600296020508,1.074806571006775,0,1.0753492629807162,1.0731190323829651,49.00438104556045,-0.00043954483233491024,0.0015391707420349121
2024-05-08 21:00:00+01:00,1.074806571006775,1.0759629011154175,1.0746910572052002,1.0750375986099243,0,1.0753195806596885,1.073222544193268,50.27955506884159,-0.0004088615800560421,0.0014971068927219936
2024-05-09 01:00:00+01:00,1.0750375986099243,1.0755001306533813,1.0744600296020508,1.0750375986099243,0,1.0752927252263775,1.0733054327964782,50.27955506884159,-0.00037548733415908656,0.001488464219229562
2024-05-09 05:00:00+01:00,1.0750375986099243,1.0752688646316528,1.0731916427612305,1.073767900466919,0,1.0751475038207148,1.0733422660827636,43.36750321157037,-0.00042234931636628,0.0015870928764343262
2024-05-09 09:00:00+01:00,1.0738831758499146,1.0741138458251953,1.0728462934494019,1.0730764865875244,0,1.0749502640842203,1.0733652710914612,40.132090847565586,-0.0004791778591212581,0.0015698841639927455
2024-05-09 13:00:00+01:00,1.073306918144226,1.078399658203125,1.0731916427612305,1.0773539543151855,0,1.07517918696336,1.0734761238098145,60.009365786258385,-0.0002210796436098566,0.0018507753099714006
2024-05-09 17:00:00+01:00,1.0773539543151855,1.0787487030029297,1.0773539543151855,1.078515887260437,0,1.075496967944034,1.0736056184768676,63.54968964532957,2.255636176514878e-05,0.0018427797726222447
2024-05-09 21:00:00+01:00,1.078515887260437,1.0788650512695312,1.0781670808792114,1.078399658203125,0,1.0757734146353761,1.0737258911132812,62.94935375323408,0.00016273520851963462,0.0017349634851728166
2024-05-10 01:00:00+01:00,1.078515887260437,1.078515887260437,1.077702283859253,1.077934741973877,0,1.075979255334281,1.073850655555725,60.48788705739903,0.0002080973985933252,0.001602743353162493
2024-05-10 05:00:00+01:00,1.077934741973877,1.0786322355270386,1.07758629322052,1.078399658203125,0,1.0762097698932185,1.0740030789375306,62.084515922782565,0.0002505178233799776,0.0015865394047328404
2024-05-10 09:00:00+01:00,1.078515887260437,1.0788650512695312,1.077818512916565,1.078283429145813,0,1.0764072612506084,1.0741508841514587,61.416352900384744,0.0002512123425917307,0.0015457442828587123
2024-05-10 13:00:00+01:00,1.078283429145813,1.079214334487915,1.0764262676239014,1.077470064163208,0,1.076508480575618,1.0742548656463624,56.80880135156894,0.00018065531485013994,0.00167065007346017
2024-05-10 17:00:00+01:00,1.077470064163208,1.0781670808792114,1.0773539543151855,1.07758629322052,0,1.076611129398942,1.0744322204589845,57.30175954129819,0.0001280506837552035,0.0016049742698669434
2024-05-10 21:00:00+01:00,1.077470064163208,1.07758629322052,1.0771219730377197,1.0772379636764526,0,1.076670827901562,1.0746277046203614,55.265969879542574,5.951699071297717e-05,0.0015225495610918318
2024-05-12 21:00:00+01:00,1.07758629322052,1.077818512916565,1.0773539543151855,1.0773539543151855,0,1.0767358875600024,1.0748368978500367,55.828728504233155,1.4088097744067497e-05,0.0014731969152178084
2024-05-13 01:00:00+01:00,1.0773539543151855,1.07758629322052,1.0768898725509644,1.077470064163208,0,1.07680580914126,1.0750666093826293,56.41975184527471,-1.4502198482350568e-05,0.0014320952551705496
2024-05-13 05:00:00+01:00,1.077470064163208,1.078283429145813,1.0771219730377197,1.077818512916565,0,1.0769022571198605,1.0752941966056824,58.226191048960835,-1.6179258320677412e-05,0.0014407634735107422
2024-05-13 09:00:00+01:00,1.077702283859253,1.0796804428100586,1.077702283859253,1.079214334487915,0,1.0771224549644371,1.0755292081832886,64.56294627859086,6.59780534538729e-05,0.001433687550680978
2024-05-13 13:00:00+01:00,1.079214334487915,1.080964207649231,1.079214334487915,1.0797970294952393,0,1.077377176348323,1.0757599091529846,66.82532646225151,0.00014433208813793147,0.0014681390353611537
2024-05-13 17:00:00+01:00,1.07991361618042,1.0801469087600708,1.0789813995361328,1.079097867012024,0,1.077541051649628,1.0759560656547547,61.73266822301533,0.00013406074203363145,0.0011711631502423967
2024-05-13 21:00:00+01:00,1.079214334487915,1.079563856124878,1.0789813995361328,1.0794472694396973,0,1.0777225962010633,1.076104187965393,63.24034203185501,0.00013539057657089063,0.0011131422860281809
2024-05-14 01:00:00+01:00,1.0794472694396973,1.0794472694396973,1.0787487030029297,1.0789813995361328,0,1.0778424822329746,1.0762475895881654,59.85425838195418,9.158473619257622e-05,0.001113184860774449
2024-05-14 05:00:00+01:00,1.079097867012024,1.079214334487915,1.0786322355270386,1.0789813995361328,0,1.077950950547561,1.0763909912109375,59.85425838195418,5.130709248794417e-05,0.0010966488293239049
2024-05-14 09:00:00+01:00,1.0789813995361328,1.0801469087600708,1.077934741973877,1.079563856124878,0,1.0781045606025437,1.0765712833404542,62.74652630878691,5.240635427131374e-05,0.00117995057787214
2024-05-14 13:00:00+01:00,1.079563856124878,1.0828369855880737,1.0772379636764526,1.0820168256759644,0,1.0784771572762029,1.0767937564849854,71.92120368284293,0.00019863455640652008,0.0015051279749189103
2024-05-14 17:00:00+01:00,1.0820168256759644,1.082602620124817,1.0816657543182373,1.0824854373931885,0,1.0788588982397254,1.0769819355010986,73.27527916211159,0.0003010714332840271,0.0013728993279593332
2024-05-14 21:00:00+01:00,1.08236825466156,1.0828369855880737,1.0816657543182373,1.0817828178405762,0,1.0791373667731397,1.0771514534950257,67.9817139459254,0.00029525939938587786,0.0013984782355172293
2024-05-15 01:00:00+01:00,1.0816657543182373,1.0830715894699097,1.0816657543182373,1.0829542875289917,0,1.0795008830356017,1.0773328757286071,71.65805613137033,0.0003408307630166753,0.0014657293047223771
2024-05-15 05:00:00+01:00,1.0828369855880737,1.0835410356521606,1.08236825466156,1.0828369855880737,0,1.079818607088218,1.077516565322876,70.7816660496162,0.000333196101741482,0.0015080315726143973
2024-05-15 09:00:00+01:00,1.0829542875289917,1.0837758779525757,1.0824854373931885,1.0830715894699097,0,1.0801284149340935,1.0776795554161072,71.53157838794036,0.0003143115425646031,0.0015504615647452219
2024-05-15 13:00:00+01:00,1.0831888914108276,1.0877841711044312,1.0831888914108276,1.086130142211914,0,1.0807000080081717,1.0778550791740418,79.07267153099858,0.0004688671645393669,0.0018041133880615234
2024-05-15 17:00:00+01:00,1.086130142211914,1.0886130332946777,1.085894227027893,1.0886130332946777,0,1.0814536294640293,1.0780918598175049,83.00771164151209,0.0006862236455178476,0.0018570167677743094
2024-05-15 21:00:00+01:00,1.0884946584701538,1.0893245935440063,1.0882576704025269,1.0892059803009033,0,1.0821919485913507,1.078342819213867,83.7915383637171,0.0008093724441600616,0.0018082346235002791
2024-05-16 01:00:00+01:00,1.0890873670578003,1.089680790901184,1.0884946584701538,1.0890873670578003,0,1.082848655111965,1.078602991104126,82.9670663597017,0.0008197631928045369,0.0018097077097211564
2024-05-16 05:00:00+01:00,1.0890873670578003,1.0890873670578003,1.0876659154891968,1.0877841711044312,0,1.0833187042541046,1.0788231945037843,74.3151139304145,0.0006814689726774787,0.001869635922568185
2024-05-16 09:00:00+01:00,1.0877841711044312,1.088020920753479,1.0866022109985352,1.08695650100708,0,1.0836651610877213,1.0790337991714478,69.36749092286222,0.0004860252497506049,0.001921074731009347
2024-05-16 13:00:00+01:00,1.087074637413025,1.087902545928955,1.085894227027893,1.087902545928955,0,1.0840687215487912,1.0792424488067627,71.68773288472102,0.0003770934074982923,0.0020229475838797434
2024-05-16 17:00:00+01:00,1.0877841711044312,1.087902545928955,1.0868383646011353,1.087074637413025,0,1.084354999250147,1.0794229245185851,66.91128184819408,0.00021402688693544607,0.001940948622567313
2024-05-16 21:00:00+01:00,1.087074637413025,1.087311029434204,1.08672034740448,1.087074637413025,0,1.0846140124085162,1.079624297618866,66.91128184819408,7.792539200592724e-05,0.001583210059574672
2024-05-17 01:00:00+01:00,1.087074637413025,1.087074637413025,1.0857763290405273,1.086130142211914,0,1.0847584057231254,1.0798067808151246,61.49057626707614,-9.45933669476433e-05,0.00160902738571167
2024-05-17 05:00:00+01:00,1.0862481594085693,1.087074637413025,1.085894227027893,1.086130142211914,0,1.0848890472934862,1.0799869441986083,61.49057626707614,-0.00022040296841441308,0.0016096830368041992
2024-05-17 09:00:00+01:00,1.0862481594085693,1.0862481594085693,1.0838934183120728,1.0847163200378418,0,1.084872597078663,1.0801481103897095,53.90865353236362,-0.00040006551293041495,0.001677462032863072
2024-05-17 13:00:00+01:00,1.0845986604690552,1.088020920753479,1.0842459201812744,1.087074637413025,0,1.0850823152057452,1.0803494834899903,62.26643127694998,-0.00036242286752660464,0.0018633348601205008
2024-05-17 17:00:00+01:00,1.0871928930282593,1.088020920753479,1.08695650100708,1.0875475406646729,0,1.0853170985827858,1.0805579948425292,63.688341701953014,-0.0003100475183230181,0.0018471905163356236
2024-05-17 21:00:00+01:00,1.0874292850494385,1.0875475406646729,1.0871928930282593,1.0871928930282593,0,1.085495745672831,1.0807802772521973,61.80732035090417,-0.0003032893015049061,0.0015359095164707728
2024-05-19 21:00:00+01:00,1.087311029434204,1.0877841711044312,1.087311029434204,1.0875475406646729,0,1.085691154719673,1.0810258507728576,62.984655902606335,-0.00027952047147223073,0.0013839432171412877
2024-05-20 01:00:00+01:00,1.0875475406646729,1.088139295578003,1.0871928930282593,1.088139295578003,0,1.0859243109918948,1.0812994360923767,64.92740838622295,-0.00023056700379089608,0.0013753346034458705
2024-05-20 05:00:00+01:00,1.088139295578003,1.0887316465377808,1.087311029434204,1.0876659154891968,0,1.086090178086876,1.081568169593811,62.11867409350953,-0.00023584343345277358,0.0013920835086277553
2024-05-20 09:00:00+01:00,1.0876659154891968,1.087902545928955,1.0862481594085693,1.0862481594085693,0,1.0861052239270372,1.0817946910858154,54.512674563906785,-0.00033456384767228736,0.001408721719469343
2024-05-20 13:00:00+01:00,1.0863661766052246,1.0871928930282593,1.0857763290405273,1.0862481594085693,0,1.0861188368300403,1.0820050239562988,54.512674563906785,-0.0003954376342474846,0.0014085684503827775
2024-05-20 17:00:00+01:00,1.0863661766052246,1.087311029434204,1.0862481594085693,1.0862481594085693,0,1.0861311532660907,1.0822338557243347,54.512674563906785,-0.0004284975009876111,0.00134103638785226
2024-05-20 21:00:00+01:00,1.0862481594085693,1.0866022109985352,1.085894227027893,1.0863661766052246,0,1.0861535364412462,1.0824604272842406,55.08445412243248,-0.0004338828745151337,0.0013155937194824219
2024-05-21 01:00:00+01:00,1.0863661766052246,1.0864840745925903,1.0854227542877197,1.085894227027893,0,1.0861288403066411,1.0826775598526002,52.25562780722612,-0.00045830149607116455,0.0013492107391357422
2024-05-21 05:00:00+01:00,1.085894227027893,1.08695650100708,1.085894227027893,1.08672034740448,0,1.0861851743159592,1.0829366087913512,56.46969414727997,-0.0004094853705189361,0.0013323511396135604
2024-05-21 09:00:00+01:00,1.0868383646011353,1.0876659154891968,1.0862481594085693,1.0871928930282593,0,1.0862811475266545,1.083218936920166,58.71441685046366,-0.0003389571609577315,0.001349304403577532
2024-05-21 13:00:00+01:00,1.0871928930282593,1.087311029434204,1.0848339796066284,1.0856584310531616,0,1.0862218411958455,1.0833850264549256,49.74406774282751,-0.00038582742735112437,0.0013580407415117537
2024-05-21 17:00:00+01:00,1.0856584310531616,1.085894227027893,1.0849517583847046,1.085894227027893,0,1.0861906398465166,1.0835325932502746,50.98335814764134,-0.00038997066180798635,0.001155717032296317
2024-05-21 21:00:00+01:00,1.0857763290405273,1.0862481594085693,1.0855406522750854,1.0857763290405273,0,1.0861511816745177,1.0836801266670226,50.31526015966879,-0.00038879932555653226,0.001130223274230957
2024-05-22 01:00:00+01:00,1.0857763290405273,1.0866022109985352,1.0856584310531616,1.085894227027893,0,1.0861267098034106,1.083839316368103,51.00666656475663,-0.0003684242221738108,0.0011723041534423828
2024-05-22 05:00:00+01:00,1.085894227027893,1.0866022109985352,1.0854227542877197,1.0860122442245483,0,1.0861158083197096,1.0839915680885315,51.73077612359545,-0.00033623334519430155,0.0012143169130597795
2024-05-22 09:00:00+01:00,1.086130142211914,1.086130142211914,1.0824854373931885,1.0830715894699097,0,1.0858258827149667,1.0840873312950134,37.040558095877174,-0.0004927550237073305,0.001407052789415632
2024-05-22 13:00:00+01:00,1.0830715894699097,1.084481120109558,1.0829542875289917,1.0838934183120728,0,1.0856418384861197,1.0842157983779908,41.9978591435999,-0.000518116949332685,0.0014146396092006139
2024-05-22 17:00:00+01:00,1.0838934183120728,1.0849517583847046,1.0821340084075928,1.08236825466156,0,1.0853300685980665,1.0843114376068115,36.287524991806485,-0.0006085396533332988,0.001497736998966762
2024-05-22 21:00:00+01:00,1.08236825466156,1.0829542875289917,1.08236825466156,1.0828369855880737,0,1.0850926321209242,1.084423418045044,39.031207230492065,-0.0006063684064532309,0.001438413347516741
2024-05-23 01:00:00+01:00,1.0828369855880737,1.0834236145019531,1.082602620124817,1.0834236145019531,0,1.0849336780619745,1.0845448112487792,42.375767518124945,-0.0005373688749765314,0.0014211365154811314
2024-05-23 05:00:00+01:00,1.0833063125610352,1.0835410356521606,1.081548810005188,1.0833063125610352,0,1.0847786908714088,1.0846615362167358,41.88102959730007,-0.0004737981891281268,0.0015128680637904576
2024-05-23 09:00:00+01:00,1.0834236145019531,1.0855406522750854,1.0831888914108276,1.0855406522750854,0,1.08485125862414,1.0848159790039062,53.11055505816087,-0.0002658065204740097,0.0016050423894609725
2024-05-23 13:00:00+01:00,1.0853049755096436,1.0863661766052246,1.0824854373931885,1.0829542875289917,0,1.0846705947103163,1.084890778064728,42.8013302637157,-0.00028523811443175584,0.001806361334664481
2024-05-23 17:00:00+01:00,1.0829542875289917,1.0833063125610352,1.0807305574417114,1.0813149213790894,0,1.084351006774009,1.0849211359024047,37.793667417586235,-0.0003851102138015815,0.001889075551714216
2024-05-23 21:00:00+01:00,1.0813149213790894,1.0822510719299316,1.08119797706604,1.081548810005188,0,1.084084130891264,1.084970154762268,38.89214867225384,-0.0004097409154754982,0.0017873644828796387
2024-05-24 01:00:00+01:00,1.0814317464828491,1.0816657543182373,1.080964207649231,1.080964207649231,0,1.0837869953444037,1.0850004935264588,37.12737724016101,-0.00043722088456179967,0.001770155770438058
2024-05-24 05:00:00+01:00,1.080964207649231,1.0829542875289917,1.0808473825454712,1.0828369855880737,0,1.083696518224753,1.0850776052474975,45.63750898441261,-0.0003072253895126877,0.001870112759726388
2024-05-24 09:00:00+01:00,1.0827198028564453,1.0847163200378418,1.08236825466156,1.0845986604690552,0,1.0837824365337343,1.085189950466156,52.192802632683794,-9.173201179548144e-05,0.001970418861934117
2024-05-24 13:00:00+01:00,1.084481120109558,1.085894227027893,1.0843634605407715,1.0854227542877197,0,1.0839386572722092,1.085307128429413,54.930652625536815,0.00010642810623656446,0.0019955124173845562
2024-05-24 17:00:00+01:00,1.0854227542877197,1.086130142211914,1.0849517583847046,1.0851871967315674,0,1.084057565792148,1.085370535850525,53.97906929888855,0.00021546914568317617,0.0018193466322762625
2024-05-24 21:00:00+01:00,1.0853049755096436,1.0853049755096436,1.0849517583847046,1.0849517583847046,0,1.0841427269914392,1.0854198622703553,52.99097405097724,0.00026245247161693034,0.0017355169568743025
2024-05-26 21:00:00+01:00,1.0853049755096436,1.0853049755096436,1.0849517583847046,1.0849517583847046,0,1.0842197776003217,1.0854832410812378,52.990974050977236,0.0002825032243950206,0.001559478896004813
2024-05-27 01:00:00+01:00,1.0849517583847046,1.0854227542877197,1.0849517583847046,1.0851871967315674,0,1.0843119127556784,1.0855278992652893,53.96821267420647,0.00029900331177390503,0.0015512619699750627
2024-05-27 05:00:00+01:00,1.0851871967315674,1.0855406522750854,1.0847163200378418,1.0854227542877197,0,1.0844177071873013,1.0855796146392822,54.976679044285085,0.00031173906765174006,0.0015515003885541642
2024-05-27 09:00:00+01:00,1.0854227542877197,1.08695650100708,1.0848339796066284,1.0860122442245483,0,1.0845695678575153,1.085638427734375,57.48678235895543,0.00034332440539465426,0.001560807228088379
2024-05-27 13:00:00+01:00,1.086130142211914,1.0862481594085693,1.084481120109558,1.0862481594085693,0,1.0847294337195206,1.085640788078308,58.484322504474186,0.0003617217197999455,0.0015190414019993373
2024-05-27 17:00:00+01:00,1.0862481594085693,1.0866022109985352,1.0860122442245483,1.0862481594085693,0,1.0848740742613348,1.085593490600586,58.48432250447418,0.0003550086261792717,0.0012839862278529576
2024-05-27 21:00:00+01:00,1.0862481594085693,1.0864840745925903,1.085894227027893,1.0864840745925903,0,1.0850274076262163,1.0855390524864197,59.584157192945064,0.0003471551461711683,0.0011421356882367814
2024-05-28 01:00:00+01:00,1.0864840745925903,1.088139295578003,1.0864840745925903,1.088139295578003,0,1.0853237779073388,1.0855200910568237,66.32491543951689,0.0004287841301551196,0.0011851446969168527
2024-05-28 05:00:00+01:00,1.088139295578003,1.0882576704025269,1.0875475406646729,1.088020920753479,0,1.0855806486545903,1.0855248260498047,65.48375519993132,0.00044805583586597544,0.0011857577732631139
2024-05-28 09:00:00+01:00,1.087902545928955,1.0892059803009033,1.08695650100708,1.0887316465377808,0,1.0858807436910847,1.0855603289604188,68.09967566935117,0.0004791230070010469,0.001195941652570452
2024-05-28 13:00:00+01:00,1.0886130332946777,1.0886130332946777,1.086130142211914,1.088139295578003,0,1.086095843870791,1.0855650639533996,63.76230337099069,0.0004317034230688936,0.0012140444346836635
2024-05-28 17:00:00+01:00,1.088139295578003,1.088139295578003,1.0857763290405273,1.0863661766052246,0,1.086121589845499,1.0855508947372436,52.9008535314195,0.0002612378790226153,0.0012734872954232352
2024-05-28 21:00:00+01:00,1.0863661766052246,1.0863661766052246,1.0854227542877197,1.0854227542877197,0,1.0860550340780915,1.0855178570747375,48.196575935761295,7.49394847206924e-05,0.001256704330444336
2024-05-29 01:00:00+01:00,1.0854227542877197,1.0860122442245483,1.0849517583847046,1.0850694179534912,0,1.0859611658757486,1.0854966425895691,46.52775701333699,-7.402945705560038e-05,0.0013072235243661062
2024-05-29 05:00:00+01:00,1.0849517583847046,1.086130142211914,1.0847163200378418,1.0855406522750854,0,1.0859211169613998,1.0854848527908325,49.06099941336921,-0.0001390009220786656,0.0013829810278756277
2024-05-29 09:00:00+01:00,1.0849517583847046,1.085894227027893,1.0833063125610352,1.0853049755096436,0,1.0858624368231373,1.0854966259002685,47.84030536229544,-0.0001927150873006116,0.0015341894967215402
2024-05-29 13:00:00+01:00,1.0856584310531616,1.086130142211914,1.08119797706604,1.0814317464828491,0,1.0854404663145383,1.0853837680816651,33.21404502108378,-0.0004682584604660013,0.001827606133052281
2024-05-29 17:00:00+01:00,1.0813149213790894,1.0820168256759644,1.080263614654541,1.0803803205490112,0,1.0849585476702024,1.0852404236793518,30.4890054992767,-0.000687247507792635,0.0018012268202645437
2024-05-29 21:00:00+01:00,1.0804970264434814,1.0808473825454712,1.080263614654541,1.0803803205490112,0,1.0845225260396127,1.0851041722297667,30.4890054992767,-0.0007906437087392626,0.0017167074339730398
2024-05-30 01:00:00+01:00,1.0803803205490112,1.0807305574417114,1.0796804428100586,1.0801469087600708,0,1.0841058005844182,1.0849561595916748,29.858295784639054,-0.00082926211140712,0.001749575138092041
2024-05-30 05:00:00+01:00,1.0801469087600708,1.0813149213790894,1.079097867012024,1.0810810327529907,0,1.0838177274576155,1.0848149943351746,35.59997252220606,-0.0007488551424704639,0.0018658041954040527
2024-05-30 09:00:00+01:00,1.08119797706604,1.0824854373931885,1.0806137323379517,1.0821340084075928,0,1.0836573732623753,1.0847043561935426,41.42103919358988,-0.0005887688149576783,0.0018812673432486398
2024-05-30 13:00:00+01:00,1.0821340084075928,1.0848339796066284,1.0816657543182373,1.0840108394622803,0,1.0836910367099852,1.0846596097946166,50.0819856956345,-0.00033321454877142443,0.002056845596858433
2024-05-30 17:00:00+01:00,1.0841283798217773,1.0845986604690552,1.0830715894699097,1.0834236145019531,0,1.0836655679282678,1.0846031188964844,47.70539079647895,-0.0001877102400979451,0.0020052450043814523
2024-05-30 21:00:00+01:00,1.0833063125610352,1.0837758779525757,1.0829542875289917,1.0834236145019531,0,1.0836425247448094,1.084546627998352,47.705390796478945,-8.090753435605286e-05,0.0018781082970755441
2024-05-31 01:00:00+01:00,1.0834236145019531,1.0836584568023682,1.0814317464828491,1.0822510719299316,0,1.0835100054291067,1.084464325904846,42.98200155879469,-7.860554091159333e-05,0.0018683757100786483
2024-05-31 05:00:00+01:00,1.0822510719299316,1.0828369855880737,1.0817828178405762,1.082602620124817,0,1.0834235877810792,1.0843984937667848,44.74833457560131,-4.448017360209424e-05,0.0018762860979352678
2024-05-31 09:00:00+01:00,1.082602620124817,1.0857763290405273,1.082602620124817,1.0855406522750854,0,1.0836252129709845,1.0843748998641969,56.79465588052436,0.00017296730262832106,0.002027230603354318
2024-05-31 13:00:00+01:00,1.0855406522750854,1.0884946584701538,1.084481120109558,1.0850694179534912,0,1.0837627563026517,1.0843324303627013,54.73342450544588,0.0002759529201357911,0.0022129246166774203
2024-05-31 17:00:00+01:00,1.0848339796066284,1.0855406522750854,1.0843634605407715,1.0853049755096436,0,1.0839096343223653,1.084325361251831,55.60086284108524,0.0003462742397632733,0.0021121587072099957
2024-05-31 21:00:00+01:00,1.0851871967315674,1.0854227542877197,1.0849517583847046,1.0854227542877197,0,1.0840537409857325,1.0843159317970277,56.05431543728715,0.00038413025501638024,0.001793503761291504
2024-06-02 21:00:00+01:00,1.0854227542877197,1.0856584310531616,1.0853049755096436,1.0855406522750854,0,1.0841953515847185,1.0843112182617187,56.53288187759817,0.0003987852686768718,0.0016935212271554129
2024-06-03 01:00:00+01:00,1.0855406522750854,1.086130142211914,1.0853049755096436,1.0853049755096436,0,1.084301030053759,1.0842994332313538,55.23791591943537,0.0003746568769825492,0.001710763999394008
2024-06-03 05:00:00+01:00,1.0851871967315674,1.086130142211914,1.0843634605407715,1.0843634605407715,0,1.0843069758144268,1.0842664575576781,50.28261299621641,0.00028158578435018495,0.0017619473593575613
2024-06-03 09:00:00+01:00,1.0841283798217773,1.0847163200378418,1.0830715894699097,1.0845986604690552,0,1.0843347553053437,1.0842969989776612,51.454212327638956,0.00022463508763467422,0.001721067087990897
2024-06-03 13:00:00+01:00,1.0845986604690552,1.0893245935440063,1.084481120109558,1.0892059803009033,0,1.0847986814953972,1.0844032502174377,67.57401836556085,0.00047181589431237426,0.0019333362579345703
2024-06-03 17:00:00+01:00,1.0893245935440063,1.090274691581726,1.0884946584701538,1.090274691581726,0,1.0853202062655236,1.084561378955841,70.05766940800612,0.0006697617142245147,0.0018341796738760813
2024-06-03 21:00:00+01:00,1.090274691581726,1.0913456678390503,1.090274691581726,1.0909883975982666,0,1.0858600340114992,1.084724407196045,71.62095685348498,0.0008022892222672249,0.0018016014780317033
2024-06-04 01:00:00+01:00,1.091226577758789,1.0918222665786743,1.090869426727295,1.0911074876785278,0,1.0863597915035972,1.0848780846595765,71.88473350864918,0.0008470909094843007,0.001810976437159947
2024-06-04 05:00:00+01:00,1.0909883975982666,1.0913456678390503,1.0888501405715942,1.0893245935440063,0,1.0866421536026838,1.0849984502792358,62.516308480044756,0.0007112482925274988,0.0018301776477268764
2024-06-04 09:00:00+01:00,1.0892059803009033,1.0893245935440063,1.0863661766052246,1.0864840745925903,0,1.0866270984588653,1.085017318725586,51.09179105627613,0.0004001861960870813,0.001966195447104318
2024-06-04 13:00:00+01:00,1.0868383646011353,1.0886130332946777,1.0864840745925903,1.088139295578003,0,1.0867711172321164,1.085121018886566,56.12354136960703,0.0002816018281827928,0.0018915704318455287
2024-06-04 17:00:00+01:00,1.088139295578003,1.0889687538146973,1.088139295578003,1.0883761644363403,0,1.086923978870614,1.085262243747711,56.80835707822167,0.0001987174133793125,0.0016641361372811453
2024-06-04 21:00:00+01:00,1.0882576704025269,1.0884946584701538,1.087902545928955,1.0884946584701538,0,1.0870735674039034,1.0854011607170104,57.16850308178247,0.00013454665360283606,0.001622344766344343
2024-06-05 01:00:00+01:00,1.0882576704025269,1.0888501405715942,1.088020920753479,1.088139295578003,0,1.087175065325246,1.085544662475586,55.66931867313286,5.4922086479912424e-05,0.0016479321888514928
2024-06-05 05:00:00+01:00,1.088139295578003,1.0884946584701538,1.0874292850494385,1.0874292850494385,0,1.0871992767275502,1.0856365084648132,52.69592336655027,-5.2972538494994344e-05,0.0016987834657941545
2024-06-05 09:00:00+01:00,1.0875475406646729,1.088020920753479,1.0863661766052246,1.087074637413025,0,1.0871874063166431,1.0856860280036926,51.22419107587306,-0.00015013110880576015,0.0017580389976501465
2024-06-05 13:00:00+01:00,1.0871928930282593,1.0892059803009033,1.0866022109985352,1.08672034740448,0,1.0871429245154847,1.0857119798660277,49.729964463155234,-0.00023510231310203643,0.001817830971309117
2024-06-05 17:00:00+01:00,1.0866022109985352,1.087902545928955,1.0857763290405273,1.0876659154891968,0,1.0871927331796478,1.0857615542411805,53.61865415168079,-0.00022449062901715297,0.0018522228513445174
2024-06-05 21:00:00+01:00,1.0876659154891968,1.0877841711044312,1.087074637413025,1.0876659154891968,0,1.0872377981615096,1.0858158373832703,53.61865415168079,-0.00021435801085157961,0.0015569414411272322
2024-06-06 01:00:00+01:00,1.0877841711044312,1.0897995233535767,1.0877841711044312,1.0893245935440063,0,1.0874365405788902,1.0859032940864564,59.92535762441578,-9.87153067605204e-05,0.0015821967806134904
2024-06-06 05:00:00+01:00,1.0893245935440063,1.0894432067871094,1.087902545928955,1.088139295578003,0,1.0875034696264247,1.085962336063385,54.248631095746255,-0.0001042740199697868,0.0016157456806727818
2024-06-06 09:00:00+01:00,1.088139295578003,1.0884946584701538,1.0866022109985352,1.087074637413025,0,1.0874626284632438,1.0859953737258912,49.69490853449869,-0.00017757142470073634,0.0016828605106898717
2024-06-06 13:00:00+01:00,1.087074637413025,1.0901559591293335,1.08672034740448,1.0884946584701538,0,1.0875609170353304,1.0860450220108033,55.10767356485224,-0.00013051261339958216,0.001750009400503976
2024-06-06 17:00:00+01:00,1.0883761644363403,1.089680790901184,1.0883761644363403,1.0892059803009033,0,1.0877175897272897,1.0861041784286498,57.570485933854144,-5.54138225575166e-05,0.0016318815095084055
2024-06-06 21:00:00+01:00,1.0893245935440063,1.089680790901184,1.0890873670578003,1.0894432067871094,0,1.0878819342091772,1.0861680793762207,58.390337311835545,3.193723520630203e-06,0.001522200448172433
2024-06-07 01:00:00+01:00,1.0893245935440063,1.0900371074676514,1.0889687538146973,1.0897995233535767,0,1.088064561746739,1.0862343883514405,59.651446147955596,5.5985344023389786e-05,0.001539264406476702
2024-06-07 05:00:00+01:00,1.0897995233535767,1.0901559591293335,1.0890873670578003,1.089561939239502,0,1.088207169127002,1.0862628412246704,58.380886306660635,6.433527517265734e-05,0.00157329865864345
2024-06-07 09:00:00+01:00,1.0894432067871094,1.0903936624526978,1.0886130332946777,1.0901559591293335,0,1.088392768174843,1.0863055419921874,60.638325126932536,9.731669086991668e-05,0.001641256468636649
2024-06-07 13:00:00+01:00,1.0901559591293335,1.0901559591293335,1.0807305574417114,1.080964207649231,0,1.0876852862200228,1.0861501932144164,31.85006372313063,-0.000480719168325783,0.002238401344844273
2024-06-07 17:00:00+01:00,1.0810810327529907,1.0814317464828491,1.0803803205490112,1.0803803205490112,0,1.086989575203736,1.0859950137138368,30.84818948302616,-0.0008609977717471031,0.0021953071866716656
2024-06-07 21:00:00+01:00,1.0803803205490112,1.0807305574417114,1.080263614654541,1.0803803205490112,0,1.0863601223794763,1.0858752965927123,30.84818948302616,-0.0010581664269189305,0.0020426767213003977
2024-06-09 21:00:00+01:00,1.0780508518218994,1.078283429145813,1.077934741973877,1.0781670808792114,0,1.0855798327127844,1.0857301831245423,27.10060961679156,-0.0012690614171102625,0.002065488270350865
2024-06-10 01:00:00+01:00,1.0781670808792114,1.078399658203125,1.0759629011154175,1.0759629011154175,0,1.084663934465416,1.0855480527877808,23.97660189955178,-0.0014740337145855967,0.00218886137008667
2024-06-10 05:00:00+01:00,1.0758472681045532,1.0768898725509644,1.0751532316207886,1.076658010482788,0,1.0839014655146897,1.0853703999519348,26.840734928115126,-0.0014761633163887994,0.0021605065890720914
2024-06-10 09:00:00+01:00,1.0768898725509644,1.0770059823989868,1.0736525058746338,1.0757315158843994,0,1.0831233750737097,1.08517893075943,25.463709341818486,-0.0014511659109522398,0.0022899934223720004
2024-06-10 13:00:00+01:00,1.0756157636642456,1.076310396194458,1.0736525058746338,1.0752688646316528,0,1.0823753264601805,1.085055673122406,24.780041472151737,-0.0013775673288666953,0.002344667911529541
2024-06-10 17:00:00+01:00,1.075384497642517,1.076774001121521,1.075384497642517,1.0765421390533447,0,1.0818197848023867,1.0849789094924926,30.32446939336988,-0.0011634421544080128,0.0022067768233163016
2024-06-10 21:00:00+01:00,1.0765421390533447,1.0771219730377197,1.076310396194458,1.076658010482788,0,1.0813281872481393,1.0849044632911682,30.824178210752322,-0.0009436734648234782,0.002171558993203299
2024-06-11 01:00:00+01:00,1.076658010482788,1.0772379636764526,1.0764262676239014,1.0771219730377197,0,1.0809275954185755,1.0848439645767212,32.899353014314684,-0.0007075229820135646,0.002187149865286691
2024-06-11 05:00:00+01:00,1.0771219730377197,1.077702283859253,1.0764262676239014,1.076658010482788,0,1.080520968281834,1.084755504131317,31.86976402449463,-0.0005310895318228772,0.0022019829068865094
2024-06-11 09:00:00+01:00,1.076658010482788,1.076658010482788,1.0727311372756958,1.0730764865875244,0,1.079811970025233,1.0845743536949157,25.290184564352344,-0.0005990795148452365,0.0024061458451407297
2024-06-11 13:00:00+01:00,1.073306918144226,1.0738831758499146,1.0722709894180298,1.0735372304916382,0,1.0792143757839383,1.084364881515503,27.367612822708324,-0.0005573717124012318,0.0023941142218453543
2024-06-11 17:00:00+01:00,1.0735372304916382,1.0751532316207886,1.0735372304916382,1.0743446350097656,0,1.0787505909483028,1.0841833019256593,30.98906332841821,-0.0004257004217478842,0.0018362998962402344
2024-06-11 21:00:00+01:00,1.0744600296020508,1.0745755434036255,1.0739984512329102,1.0743446350097656,0,1.0783309760970137,1.0840017223358154,30.98906332841821,-0.0002951005989312054,0.0018024189131600516
2024-06-12 01:00:00+01:00,1.0742292404174805,1.0745755434036255,1.073767900466919,1.0743446350097656,0,1.0779513245648948,1.083843593597412,30.98906332841821,-0.0001713460159570323,0.0018267546381269182
2024-06-12 05:00:00+01:00,1.0743446350097656,1.0749220848083496,1.0738831758499146,1.074806571006775,0,1.0776518242260262,1.0836876726150513,33.36322815816628,-2.8499108043701996e-05,0.001726278236934117
2024-06-12 09:00:00+01:00,1.0746910572052002,1.076774001121521,1.0746910572052002,1.076774001121521,0,1.077568222025597,1.08351233959198,42.445137409824554,0.00021496830102272092,0.0017010058675493514
2024-06-12 13:00:00+01:00,1.076658010482788,1.0854227542877197,1.0765421390533447,1.0845986604690552,0,1.0782377875916407,1.0835029244422913,63.65872668391956,0.0008820444568144832,0.0022112897464207242
2024-06-12 17:00:00+01:00,1.084481120109558,1.0850694179534912,1.0807305574417114,1.0808473825454712,0,1.0784863204443864,1.0834137725830078,53.481406455567445,0.001038901503131825,0.0022816743169512066
2024-06-12 21:00:00+01:00,1.080964207649231,1.0817828178405762,1.0807305574417114,1.081548810005188,0,1.0787779861168436,1.0833362936973572,54.93227910627192,0.0011495337792119882,0.0021669864654541016
2024-06-13 01:00:00+01:00,1.081548810005188,1.0818997621536255,1.0807305574417114,1.080964207649231,0,1.0789861976913566,1.08324476480484,53.43638024715506,0.001140702299661262,0.00214299133845738
2024-06-13 05:00:00+01:00,1.080964207649231,1.0818997621536255,1.0803803205490112,1.0816657543182373,0,1.0792413935605834,1.083171980381012,55.0193796206589,0.0011369353480431114,0.0021935531071254183
2024-06-13 09:00:00+01:00,1.0816657543182373,1.0816657543182373,1.0786322355270386,1.0786322355270386,0,1.0791833785097695,1.0830573558807373,47.49969485831759,0.0008955857567324625,0.002352254731314523
2024-06-13 13:00:00+01:00,1.078515887260437,1.0816657543182373,1.0757315158843994,1.0758472681045532,0,1.0788656537092727,1.0828823280334472,41.84527004612663,0.0005317966605829201,0.0026849848883492605
2024-06-13 17:00:00+01:00,1.0757315158843994,1.0757315158843994,1.0736525058746338,1.0744600296020508,0,1.078446070460966,1.0825874090194703,39.33352159451174,0.00019832300256388078,0.002561262675694057
2024-06-13 21:00:00+01:00,1.0743446350097656,1.0745755434036255,1.0738831758499146,1.0739984512329102,0,1.0780224876773417,1.0822618842124938,38.505332245223215,-4.004683698953732e-05,0.002495561327253069
2024-06-14 01:00:00+01:00,1.0739984512329102,1.0746910572052002,1.0738831758499146,1.0743446350097656,0,1.0776722159947154,1.0819290089607239,39.53364808118986,-0.00015467093679885245,0.00243783848626273
2024-06-14 05:00:00+01:00,1.0743446350097656,1.0743446350097656,1.0710078477859497,1.0710078477859497,0,1.0770375142605473,1.0815270161628723,33.68641570201119,-0.00042041089838995246,0.002634959561484201
2024-06-14 09:00:00+01:00,1.0710078477859497,1.0713521242141724,1.067463755607605,1.0697474479675293,0,1.0763432222326408,1.0811354732513427,31.774674610908676,-0.0006334684317734736,0.002855011395045689
2024-06-14 13:00:00+01:00,1.06963312625885,1.0702054500579834,1.067121982574463,1.0700910091400146,0,1.0757477733666763,1.0808076119422914,32.89263112397977,-0.000698531965836222,0.00300105128969465
2024-06-14 17:00:00+01:00,1.0702054500579834,1.070778489112854,1.0697474479675293,1.070778489112854,0,1.0752745081996455,1.0804603958129884,35.18148990037696,-0.0006438848002468214,0.002925915377480643
2024-06-14 21:00:00+01:00,1.070778489112854,1.0711225271224976,1.0706638097763062,1.0708931684494019,0,1.0748572377472414,1.0801107358932496,35.57622410913183,-0.0005521572367545445,0.0023243512426103863
2024-06-16 21:00:00+01:00,1.0710078477859497,1.0710078477859497,1.0705492496490479,1.0705492496490479,0,1.074446953166461,1.0797518277168274,34.89000597039407,-0.0004700050923698187,0.00204718964440482
2024-06-17 01:00:00+01:00,1.0706638097763062,1.0710078477859497,1.0702054500579834,1.0706638097763062,0,1.0740866537959701,1.0794023180007934,35.33742821106924,-0.00036783089558624317,0.002029342310769217
2024-06-17 05:00:00+01:00,1.0706638097763062,1.0711225271224976,1.0690613985061646,1.0703200101852417,0,1.0737279258330437,1.0790601325035096,34.569674792914626,-0.0002868764898766971,0.0020930511610848562
2024-06-17 09:00:00+01:00,1.0702054500579834,1.0720411539077759,1.0702054500579834,1.071237325668335,0,1.0734907258173572,1.0787433862686158,38.414389524290144,-0.00014233073444725776,0.0021156413214547293
2024-06-17 13:00:00+01:00,1.071237325668335,1.0727311372756958,1.0710078477859497,1.0725010633468628,0,1.0733964722487386,1.0784590005874635,43.35279162681574,5.692777540868173e-05,0.0020220535142081125
2024-06-17 17:00:00+01:00,1.0726161003112793,1.0739984512329102,1.0723860263824463,1.0735372304916382,0,1.0734098777956813,1.0781764268875123,47.09849024777244,0.0002653809496981144,0.0017133525439671107
2024-06-17 21:00:00+01:00,1.0736525058746338,1.0743446350097656,1.0734220743179321,1.0743446350097656,0,1.0734989022922607,1.0779100012779237,49.8795803457952,0.00045346574840874915,0.001622481005532401
2024-06-18 01:00:00+01:00,1.0742292404174805,1.0743446350097656,1.0723860263824463,1.0727311372756958,0,1.0734257818144926,1.0775781321525573,44.809876321928215,0.0004633944617298139,0.0017129267965044295
2024-06-18 05:00:00+01:00,1.0727311372756958,1.073767900466919,1.0721560716629028,1.0726161003112793,0,1.073348669290377,1.0772676682472229,44.46289088537636,0.00045571000855558854,0.0017703516142708914
2024-06-18 09:00:00+01:00,1.0726161003112793,1.0728462934494019,1.0713521242141724,1.0720411539077759,0,1.0732241440158437,1.076966998577118,42.683890150382716,0.00040699979431887707,0.0016387360436575754
2024-06-18 13:00:00+01:00,1.071926236152649,1.0764262676239014,1.0713521242141724,1.0742292404174805,0,1.073319867482666,1.0766816902160645,50.758659228238265,0.0005105315684826842,0.0017234342438834055
2024-06-18 17:00:00+01:00,1.0741138458251953,1.0745755434036255,1.0735372304916382,1.0741138458251953,0,1.0733954844676687,1.0763798475265502,50.35574916165907,0.000555891977587118,0.0015773517744881766
2024-06-18 21:00:00+01:00,1.0741138458251953,1.0751532316207886,1.0738831758499146,1.0742292404174805,0,1.0734748897962223,1.0760755681991576,50.776528973211526,0.0005758752707705371,0.0015944242477416992
2024-06-19 01:00:00+01:00,1.0741138458251953,1.0745755434036255,1.0738831758499146,1.0741138458251953,0,1.0735357427513625,1.07576185464859,50.317238523190014,0.0005628641592581606,0.0016111135482788086
2024-06-19 05:00:00+01:00,1.0739984512329102,1.0743446350097656,1.0728462934494019,1.0741138458251953,0,1.0735908001869656,1.075452892780304,50.317238523190014,0.0005359361900778587,0.0016853809356689453
2024-06-19 09:00:00+01:00,1.0741138458251953,1.0756157636642456,1.0735372304916382,1.0752688646316528,0,1.0737506158483645,1.0751551508903503,55.03830431579583,0.0005741861076739255,0.0017765334674290248
2024-06-19 13:00:00+01:00,1.0755001306533813,1.0755001306533813,1.0744600296020508,1.0752688646316528,0,1.0738952109705824,1.0750412440299988,55.03830431579582,0.0005762638499319207,0.0017036029270717076
2024-06-19 17:00:00+01:00,1.0751532316207886,1.0751532316207886,1.0745755434036255,1.074806571006775,0,1.0739820071645054,1.0749297690391542,52.713151387810534,0.00052474473375925,0.0016220041683741979
2024-06-19 21:00:00+01:00,1.074806571006775,1.0751532316207886,1.0745755434036255,1.0750375986099243,0,1.0740825396831166,1.0748229146003723,53.764372050507355,0.0004853830039216314,0.00154017550604684
2024-06-20 01:00:00+01:00,1.0749220848083496,1.0750375986099243,1.0742292404174805,1.0744600296020508,0,1.0741184911039676,1.0747487735748291,50.72819153476944,0.0004029956624962294,0.0014827421733311244
2024-06-20 05:00:00+01:00,1.0744600296020508,1.074806571006775,1.0727311372756958,1.0728462934494019,0,1.0739973294225804,1.0746864414215087,43.36036675509924,0.00023091530671165558,0.0015650902475629533
2024-06-20 09:00:00+01:00,1.0726161003112793,1.0735372304916382,1.0715816020965576,1.071811318397522,0,1.0737891378963844,1.0745895075798035,39.407180239852856,4.80467224350811e-05,0.0015648773738316127
2024-06-20 13:00:00+01:00,1.0716965198516846,1.073306918144226,1.0711225271224976,1.0711225271224976,0,1.073535174965538,1.0744973278045655,36.990145788472546,-0.00011001430940264973,0.0016057746750967844
2024-06-20 17:00:00+01:00,1.0708931684494019,1.0720411539077759,1.0706638097763062,1.0708931684494019,0,1.0732835552973345,1.0744098138809204,36.194065156719574,-0.00021466996729987568,0.0015974300248282297
2024-06-20 21:00:00+01:00,1.070778489112854,1.0710078477859497,1.0702054500579834,1.0708931684494019,0,1.0730558994070551,1.0742968344688415,36.194065156719574,-0.0002652395379510531,0.0012923053332737514
2024-06-21 01:00:00+01:00,1.0708931684494019,1.0720411539077759,1.0706638097763062,1.071926236152649,0,1.072948312430445,1.0742021989822388,42.64236514434139,-0.0002127255545357593,0.0013165218489510672
2024-06-21 05:00:00+01:00,1.071926236152649,1.0723860263824463,1.067463755607605,1.068261981010437,0,1.0725019951523491,1.074024999141693,30.765738448836572,-0.0003976409919039674,0.0015773943492344447
2024-06-21 09:00:00+01:00,1.0679197311401367,1.0700910091400146,1.0679197311401367,1.069290041923523,0,1.072196094844842,1.0738776397705079,36.1397690044491,-0.0004213200648635403,0.0016830308096749441
2024-06-21 13:00:00+01:00,1.0691757202148438,1.0700910091400146,1.0681477785110474,1.06963312625885,0,1.071952002598557,1.0738087725639343,37.87288246997271,-0.0003854513434572044,0.001714808600289481
2024-06-21 17:00:00+01:00,1.0695186853408813,1.0699764490127563,1.069290041923523,1.0694043636322021,0,1.071709370316047,1.0737261152267457,37.14892732653567,-0.00034975493141497127,0.0016153710229056223
2024-06-21 21:00:00+01:00,1.0694043636322021,1.0697474479675293,1.069290041923523,1.0697474479675293,0,1.071522520568569,1.0736341714859008,39.031237443987386,-0.0002787466850373934,0.0015737499509538924
2024-06-23 21:00:00+01:00,1.06963312625885,1.0698620080947876,1.0690613985061646,1.0690613985061646,0,1.0712881279911972,1.073528506755829,36.66647835087175,-0.0002543696291939252,0.0015814134052821568
2024-06-24 01:00:00+01:00,1.0690613985061646,1.06963312625885,1.0687185525894165,1.0694043636322021,0,1.0711087218617692,1.0734297013282776,38.66702120482106,-0.00019424891888848586,0.0016054766518729074
2024-06-24 05:00:00+01:00,1.0695186853408813,1.071811318397522,1.0694043636322021,1.0715816020965576,0,1.0711537580746062,1.0733652019500732,49.55965678563727,2.6253664182529675e-06,0.0017196621213640486
2024-06-24 09:00:00+01:00,1.0714668035507202,1.073767900466919,1.071237325668335,1.073767900466919,0,1.0714027240167312,1.0733050799369812,57.686250428578035,0.00027546586611818837,0.0017521721976143973
2024-06-24 13:00:00+01:00,1.0734220743179321,1.0750375986099243,1.0726161003112793,1.0730764865875244,0,1.0715621299758544,1.0730746364593506,54.685590604352235,0.00039734105209901646,0.0017854486192975725
2024-06-24 17:00:00+01:00,1.072961449623108,1.0741138458251953,1.0725010633468628,1.0738831758499146,0,1.0717831819638601,1.0729353523254395,57.465548123471585,0.0005129050275215496,0.0017446194376264299
2024-06-24 21:00:00+01:00,1.0738831758499146,1.0739984512329102,1.0730764865875244,1.0735372304916382,0,1.0719502342046008,1.0727751207351686,55.88225376749858,0.0005437277408485218,0.001712092331477574
2024-06-25 01:00:00+01:00,1.0735372304916382,1.0742292404174805,1.0735372304916382,1.0742292404174805,0,1.0721672824153512,1.0726404213905334,58.3540699696545,0.0005848211111138475,0.001704207488468715
2024-06-25 05:00:00+01:00,1.0741138458251953,1.074806571006775,1.0723860263824463,1.072961449623108,0,1.0722429173875185,1.0724663352966308,52.545631107958116,0.0005037949186778198,0.001778721809387207
2024-06-25 09:00:00+01:00,1.0728462934494019,1.0738831758499146,1.071237325668335,1.071237325668335,0,1.0721471467475963,1.0723184370994567,45.86019499508791,0.0003202037103403972,0.0016161203384399414
2024-06-25 13:00:00+01:00,1.0713521242141724,1.071811318397522,1.069290041923523,1.0706638097763062,0,1.0720058765598544,1.072214767932892,43.861096161830176,0.0001546502010694907,0.001641120229448591
2024-06-25 17:00:00+01:00,1.0706638097763062,1.0720411539077759,1.0705492496490479,1.071811318397522,0,1.0719873472110608,1.0721617937088013,48.68133850047663,0.0001185602453626676,0.0016088826315743582
2024-06-25 21:00:00+01:00,1.071811318397522,1.071926236152649,1.071237325668335,1.071237325668335,0,1.0719159165879442,1.0721065711975097,46.52922164128738,5.5375014794958665e-05,0.0016090614455086844
2024-06-26 01:00:00+01:00,1.071237325668335,1.0720411539077759,1.0708931684494019,1.0714668035507202,0,1.0718731439177323,1.0720490145683288,47.52795702893193,2.966867157891279e-05,0.001658388546534947
2024-06-26 05:00:00+01:00,1.071237325668335,1.0714668035507202,1.0688328742980957,1.0697474479675293,0,1.0716706966843796,1.0720238065719605,41.30314044498367,-9.563668198933162e-05,0.0017893399511064803
2024-06-26 09:00:00+01:00,1.06963312625885,1.0702054500579834,1.068261981010437,1.0697474479675293,0,1.0714875301399178,1.0720238065719605,41.30314044498367,-0.00016685682006693705,0.001862832478114537
2024-06-26 13:00:00+01:00,1.06963312625885,1.0697474479675293,1.066894292831421,1.068376064300537,0,1.0711912000599768,1.0719895076751709,36.83982476445895,-0.0002875821169366126,0.0018947039331708635
2024-06-26 17:00:00+01:00,1.068376064300537,1.069290041923523,1.0678056478500366,1.068376064300537,0,1.070923091892411,1.0719414591789245,36.83982476445895,-0.0003448337090702841,0.001819976738521031
2024-06-26 21:00:00+01:00,1.068376064300537,1.0687185525894165,1.0680338144302368,1.068261981010437,0,1.0706696527607944,1.0718888354301452,36.459705293699216,-0.00036579457298126477,0.0016959224428449357
2024-06-27 01:00:00+01:00,1.068261981010437,1.0695186853408813,1.0680338144302368,1.0694043636322021,0,1.0705491490342618,1.0718659377098083,42.821894171240615,-0.00028189186940174226,0.0016867859022957937
2024-06-27 05:00:00+01:00,1.069290041923523,1.0700910091400146,1.0691757202148438,1.069290041923523,0,1.0704292340713342,1.0718384623527526,42.36473896452973,-0.00021621847751562102,0.0016863090651375906
2024-06-27 09:00:00+01:00,1.069290041923523,1.0706638097763062,1.068376064300537,1.06963312625885,0,1.0703534142796691,1.071824724674225,44.286995055443796,-0.0001357301819700337,0.0018002901758466447
2024-06-27 13:00:00+01:00,1.0698620080947876,1.072961449623108,1.0698620080947876,1.0710078477859497,0,1.0704157412802673,1.0718201351165773,51.29642006407485,1.5970510750276407e-05,0.0018651315144130162
2024-06-27 17:00:00+01:00,1.0710078477859497,1.0713521242141724,1.0704345703125,1.0705492496490479,0,1.0704284563630082,1.0717810988426208,49.07814114635208,8.731877540843795e-05,0.0017416817801339285
2024-06-27 21:00:00+01:00,1.0705492496490479,1.071237325668335,1.0704345703125,1.0711225271224976,0,1.0704945583401024,1.0717328047752381,51.87954726857344,0.00017021637456282861,0.0016189302716936385
2024-06-28 01:00:00+01:00,1.0711225271224976,1.0713521242141724,1.0688328742980957,1.0695186853408813,0,1.0704016180544624,1.0716362857818604,44.50315571092323,0.00011668062144236868,0.0016923121043613978
2024-06-28 05:00:00+01:00,1.0695186853408813,1.0706638097763062,1.0688328742980957,1.0699764490127563,0,1.0703611257647763,1.0715811920166016,46.82698158592755,0.0001117384239286795,0.0017738853182111467
2024-06-28 09:00:00+01:00,1.0697474479675293,1.0714668035507202,1.0695186853408813,1.0699764490127563,0,1.0703244898836315,1.071528398990631,46.82698158592755,0.00010804472122603805,0.0018310376576014928
2024-06-28 13:00:00+01:00,1.0700910091400146,1.0725010633468628,1.06963312625885,1.0713521242141724,0,1.0704223598198734,1.071514618396759,53.59884291459621,0.00019287330263412174,0.001847752502986363
2024-06-28 17:00:00+01:00,1.0714668035507202,1.0727311372756958,1.0708931684494019,1.071237325668335,0,1.070499975614965,1.0714547801017762,52.99233708839258,0.00023318093254895932,0.001840216772896903
2024-06-28 21:00:00+01:00,1.071237325668335,1.0716965198516846,1.0711225271224976,1.0715816020965576,0,1.070602987660831,1.0714041352272035,54.649691518650464,0.00027223632586544224,0.001677419458116804
2024-06-30 21:00:00+01:00,1.0739984512329102,1.0742292404174805,1.073767900466919,1.073767900466919,0,1.0709044079280774,1.0713949084281922,63.46017959805559,0.0004253925486820476,0.0017605083329336984
2024-07-01 01:00:00+01:00,1.0738831758499146,1.0761945247650146,1.0738831758499146,1.0756157636642456,0,1.071353108474379,1.0714249467849732,68.95073324408011,0.0006194685608869319,0.0018849287714276994
2024-07-01 05:00:00+01:00,1.0755001306533813,1.077934741973877,1.0755001306533813,1.0756157636642456,0,1.0717590756353188,1.071454985141754,68.95073324408011,0.0007096803126131811,0.0019527673721313477
2024-07-01 09:00:00+01:00,1.0755001306533813,1.077470064163208,1.0745755434036255,1.0752688646316528,0,1.0720933412540172,1.071454985141754,66.76644171460515,0.0007063071181365109,0.0020941410745893207
2024-07-01 13:00:00+01:00,1.0751532316207886,1.0765421390533447,1.0723860263824463,1.072961449623108,0,1.0721760182415496,1.0714088368415833,54.41778121644646,0.0005177281545941382,0.0022275958742414203
2024-07-01 17:00:00+01:00,1.072961449623108,1.0742292404174805,1.0727311372756958,1.0742292404174805,0,1.0723715632106858,1.0713972902297975,58.914136336108804,0.0004499326987336572,0.0020968658583504812
2024-07-01 21:00:00+01:00,1.0741138458251953,1.0745755434036255,1.0736525058746338,1.0739984512329102,0,1.0725265049270882,1.071376507282257,57.79645275898605,0.0003647345944134096,0.002097257546016148
2024-07-02 01:00:00+01:00,1.0741138458251953,1.0742292404174805,1.0734220743179321,1.0735372304916382,0,1.0726227645046644,1.071358051300049,55.52920555777034,0.0002575581650577448,0.0020975725991385324
2024-07-02 05:00:00+01:00,1.0736525058746338,1.073767900466919,1.0715816020965576,1.0720411539077759,0,1.0725673730192464,1.0713419485092164,48.83690411708653,7.559540346969268e-05,0.0020737903458731516
2024-07-02 09:00:00+01:00,1.0721560716629028,1.0727311372756958,1.0713521242141724,1.0726161003112793,0,1.0725720137137258,1.0713580441474915,51.267596954998396,-1.1707642117814339e-05,0.002041510173252651
2024-07-02 13:00:00+01:00,1.0728462934494019,1.074806571006775,1.0728462934494019,1.0738831758499146,0,1.0726968862981248,1.0714132571220398,56.20560328364539,9.093506880444142e-06,0.002058821065085275
2024-07-02 17:00:00+01:00,1.0738831758499146,1.0749220848083496,1.0734220743179321,1.0749220848083496,0,1.0729088099657653,1.0714938354492187,59.802230589337675,8.198005606474708e-05,0.0019611120223999023
2024-07-02 21:00:00+01:00,1.074806571006775,1.0756157636642456,1.0745755434036255,1.0750375986099243,0,1.0731115517413994,1.0715767240524292,60.19367495196736,0.00012457612085423747,0.001904129981994629
2024-07-03 01:00:00+01:00,1.0751532316207886,1.0757315158843994,1.0743446350097656,1.0746910572052002,0,1.0732619808331898,1.0716320204734802,58.357677696799435,0.00011618252274708243,0.001962193420955113
2024-07-03 05:00:00+01:00,1.0746910572052002,1.0764262676239014,1.0738831758499146,1.076310396194458,0,1.0735523061056915,1.0717929887771607,63.89893710904134,0.00020146268867100132,0.001954725810459682
2024-07-03 09:00:00+01:00,1.0761945247650146,1.076658010482788,1.0756157636642456,1.0760787725448608,0,1.073792921957041,1.0719287633895873,62.615469267224064,0.00022240194226604243,0.0018558417047773088
2024-07-03 13:00:00+01:00,1.0760787725448608,1.0818997621536255,1.0758472681045532,1.0800302028656006,0,1.074386948710237,1.0721367049217223,72.69244623391593,0.0004683617212263199,0.002114261899675642
2024-07-03 17:00:00+01:00,1.0801469087600708,1.080263614654541,1.0780508518218994,1.0787487030029297,0,1.0748023538809697,1.072323591709137,66.43780337255875,0.0005074455177422369,0.0020655649048941477
2024-07-03 21:00:00+01:00,1.0787487030029297,1.0800302028656006,1.078515887260437,1.0794472694396973,0,1.0752447267913248,1.0725175881385802,68.05155535214686,0.0005400212535734224,0.0018768651144845144
2024-07-04 01:00:00+01:00,1.079563856124878,1.0797970294952393,1.0786322355270386,1.0788650512695312,0,1.075589519598773,1.0727136611938477,65.23617160160198,0.00048384269000834707,0.0018530573163713729
2024-07-04 05:00:00+01:00,1.0788650512695312,1.07991361618042,1.0787487030029297,1.0796804428100586,0,1.0759791313331812,1.0729191827774047,67.27793483469898,0.0004630690354743782,0.0018703341484069824
2024-07-04 09:00:00+01:00,1.0797970294952393,1.0806137323379517,1.0796804428100586,1.0800302028656006,0,1.0763649476696022,1.0730881547927857,68.14226828979437,0.0004348045397387823,0.0018793429647173201
2024-07-04 13:00:00+01:00,1.0800302028656006,1.0816657543182373,1.0797970294952393,1.0814317464828491,0,1.0768474999375304,1.0732414317131043,71.40210453626608,0.00046945796368290946,0.001856659139905657
2024-07-04 17:00:00+01:00,1.0813149213790894,1.0816657543182373,1.0813149213790894,1.081548810005188,0,1.0772952437534977,1.0734108781814575,71.66292139602919,0.0004586880224761213,0.0017832177025931223
2024-07-04 21:00:00+01:00,1.081548810005188,1.0817828178405762,1.08119797706604,1.0813149213790894,0,1.0776780701940303,1.073559513092041,70.28371739041775,0.00039656978509295185,0.001668529851096017
2024-07-05 01:00:00+01:00,1.0814317464828491,1.0827198028564453,1.0814317464828491,1.082602620124817,0,1.0781470749493434,1.0737408208847046,73.32733611197128,0.0004017240597034926,0.0016617349215916225
2024-07-05 05:00:00+01:00,1.08236825466156,1.0833063125610352,1.0820168256759644,1.0831888914108276,0,1.078627247945675,1.0739200139045715,74.60275098982683,0.0004030941737453394,0.001679539680480957
2024-07-05 09:00:00+01:00,1.0829542875289917,1.0834236145019531,1.0821340084075928,1.0822510719299316,0,1.0789723740394137,1.074105806350708,68.9251107745719,0.0003038379802626297,0.0016725914818899973
2024-07-05 13:00:00+01:00,1.0822510719299316,1.0843634605407715,1.0814317464828491,1.0830715894699097,0,1.0793627755089847,1.0743424916267394,71.00432640333423,0.00025823479301361786,0.001700350216456822
2024-07-05 17:00:00+01:00,1.0830715894699097,1.0845986604690552,1.082602620124817,1.0843634605407715,0,1.0798390312262978,1.0746164846420287,73.95871940613974,0.000278142976915992,0.0017684783254350936
2024-07-05 21:00:00+01:00,1.0843634605407715,1.084481120109558,1.0841283798217773,1.0843634605407715,0,1.0802699292562477,1.0748675274848938,73.95871940613974,0.00025499066139015626,0.0013613530567714147
2024-07-07 21:00:00+01:00,1.0827198028564453,1.0830715894699097,1.0827198028564453,1.0828369855880737,0,1.0805144108116596,1.0750995206832885,64.89720229589909,0.00010806530102621227,0.0013207026890345982
2024-07-08 01:00:00+01:00,1.0828369855880737,1.0838934183120728,1.0822510719299316,1.0834236145019531,0,1.0807914778297827,1.0753386569023133,66.59126703470145,2.5870513702011804e-05,0.001329847744532994
2024-07-08 05:00:00+01:00,1.0834236145019531,1.0840108394622803,1.0817828178405762,1.0840108394622803,0,1.0810980836995443,1.0756239247322084,68.24341084614986,-1.1464543750558994e-05,0.0014057925769260951
2024-07-08 09:00:00+01:00,1.0840108394622803,1.0845986604690552,1.0827198028564453,1.0836584568023682,0,1.0813419287569561,1.075902144908905,66.13001349081665,-7.86626594067013e-05,0.0014567886080060685
2024-07-08 13:00:00+01:00,1.0840108394622803,1.0848339796066284,1.0834236145019531,1.0836584568023682,0,1.0815625504755668,1.0762077927589417,66.13001349081665,-0.00013838819890103944,0.0014908654349190848
2024-07-08 17:00:00+01:00,1.0837758779525757,1.0837758779525757,1.082602620124817,1.0828369855880737,0,1.0816839252481865,1.0764970111846923,61.020892614172325,-0.00024240812004435895,0.0014411892209734236
2024-07-08 21:00:00+01:00,1.0828369855880737,1.0834236145019531,1.082602620124817,1.0833063125610352,0,1.0818384383256006,1.0767978978157045,62.78969239174362,-0.00028580978341891886,0.0014747721808297293
2024-07-09 01:00:00+01:00,1.0834236145019531,1.0836584568023682,1.0822510719299316,1.0830715894699097,0,1.0819558812917254,1.0770712423324584,61.29168710565595,-0.00033322132227363126,0.0015335253306797572
2024-07-09 05:00:00+01:00,1.0831888914108276,1.0834236145019531,1.0820168256759644,1.0820168256759644,0,1.0819616855187957,1.0773257780075074,54.94774847342565,-0.00043223438527676284,0.0015336615698678152
2024-07-09 09:00:00+01:00,1.0820168256759644,1.0830715894699097,1.081548810005188,1.0816657543182373,0,1.081933501594933,1.0775664305686952,52.98207564572105,-0.0005125066986327457,0.0015503253255571639
2024-07-09 13:00:00+01:00,1.0817828178405762,1.0828369855880737,1.0808473825454712,1.081548810005188,0,1.0818968643006714,1.0777772498130798,52.31076917975539,-0.0005607151184053758,0.0016003251075744629
2024-07-09 17:00:00+01:00,1.081548810005188,1.0818997621536255,1.0808473825454712,1.0816657543182373,0,1.0818748538261538,1.0779995799064637,52.95273357247959,-0.0005700951369486261,0.0014660869325910295
2024-07-09 21:00:00+01:00,1.0816657543182373,1.0820168256759644,1.081548810005188,1.0817828178405762,0,1.081866088494194,1.0782127857208252,53.625702679567326,-0.0005533395799665836,0.0013569423130580357
2024-07-10 01:00:00+01:00,1.0817828178405762,1.08236825466156,1.0814317464828491,1.0822510719299316,0,1.081902753583312,1.078467433452606,56.317327991873796,-0.0004974077701864936,0.0013986400195530482
2024-07-10 05:00:00+01:00,1.0822510719299316,1.0827198028564453,1.0817828178405762,1.0818997621536255,0,1.0819024686852465,1.0787058997154235,53.79460633486486,-0.0004710220403467394,0.001348163400377546
2024-07-10 09:00:00+01:00,1.0818997621536255,1.0829542875289917,1.081548810005188,1.0829542875289917,0,1.0820026419084603,1.0789654564857483,59.63901449904539,-0.00037374773496858665,0.0013312441962105887
2024-07-10 13:00:00+01:00,1.0828369855880737,1.0831888914108276,1.08236825466156,1.0824854373931885,0,1.0820486224308152,1.0791881227493285,56.23333777684198,-0.0003335075431598778,0.0012307167053222656
2024-07-10 17:00:00+01:00,1.082602620124817,1.0831888914108276,1.0820168256759644,1.0831888914108276,0,1.0821572194765308,1.0794271540641784,59.93053686942964,-0.0002555508426413189,0.0011802315711975098
2024-07-10 21:00:00+01:00,1.0831888914108276,1.0838934183120728,1.0828369855880737,1.0836584568023682,0,1.0823001944599437,1.0796686911582947,62.2244912755258,-0.0001723845578605783,0.0011549506868634904
2024-07-11 01:00:00+01:00,1.0836584568023682,1.0843634605407715,1.0835410356521606,1.0840108394622803,0,1.082463113031595,1.079873549938202,63.89497423470116,-9.739814955948291e-05,0.0011298911912100656
2024-07-11 05:00:00+01:00,1.0841283798217773,1.0842459201812744,1.0835410356521606,1.0842459201812744,0,1.0826329041887073,1.0800461530685426,65.0067151871678,-3.8733586543966605e-05,0.0011215976306370326
2024-07-11 09:00:00+01:00,1.0842459201812744,1.0860122442245483,1.0841283798217773,1.085894227027893,0,1.082943506363868,1.0802517223358155,71.60811340728144,9.690253831118214e-05,0.0011556318828037807
2024-07-11 13:00:00+01:00,1.0857763290405273,1.0901559591293335,1.0848339796066284,1.087311029434204,0,1.0833594609419952,1.0804925656318665,75.8289839609986,0.0002586777441174518,0.00143528836114066
2024-07-11 17:00:00+01:00,1.0871928930282593,1.087311029434204,1.0863661766052246,1.0868383646011353,0,1.0836907851000086,1.080770103931427,71.98418561718805,0.0003071849318753187,0.001394007887159075
2024-07-11 21:00:00+01:00,1.08672034740448,1.0876659154891968,1.08672034740448,1.0875475406646729,0,1.0840580951537861,1.0810364699363708,74.10561866269013,0.0003568772817787143,0.0013194339615958078
2024-07-12 01:00:00+01:00,1.0876659154891968,1.0877841711044312,1.08672034740448,1.0871928930282593,0,1.0843566473323074,1.0813003587722778,71.20195903895085,0.0003360033745012127,0.001320251396724156
2024-07-12 05:00:00+01:00,1.0871928930282593,1.087902545928955,1.0864840745925903,1.087902545928955,0,1.0846943519605596,1.081587665081024,73.44422509713935,0.00033914950325149296,0.001388141087123326
2024-07-12 09:00:00+01:00,1.087902545928955,1.0894432067871094,1.087902545928955,1.0889687538146973,0,1.0851014378514299,1.0819262170791626,76.41543090320761,0.00037916751581802406,0.0014312948499407088
2024-07-12 13:00:00+01:00,1.0890873670578003,1.0913456678390503,1.088020920753479,1.0905125141143799,0,1.0856167784479012,1.0822841453552245,79.91880126636138,0.00046981038043015545,0.001601849283490862
2024-07-12 17:00:00+01:00,1.0905125141143799,1.0914647579193115,1.0903936624526978,1.090869426727295,0,1.0861170306649863,1.0826238703727722,80.635013946024,0.0005106196332279891,0.0015779648508344377
2024-07-12 21:00:00+01:00,1.0909883975982666,1.0911074876785278,1.0906314849853516,1.0909883975982666,0,1.0865809703729177,1.0829451966285706,80.87981199832998,0.0005017061635850038,0.0015533481325422014
2024-07-14 21:00:00+01:00,1.0890873670578003,1.0890873670578003,1.0886130332946777,1.0888501405715942,0,1.0867970818204107,1.083221447467804,64.98051656648984,0.0003169002126497673,0.0016392980303083146
2024-07-15 01:00:00+01:00,1.0889687538146973,1.0897995233535767,1.0887316465377808,1.089680790901184,0,1.0870717207804843,1.0835212421417237,67.64165271910522,0.00022028254725017186,0.0016401154654366629
2024-07-15 05:00:00+01:00,1.089680790901184,1.0899182558059692,1.0887316465377808,1.0899182558059692,0,1.08734281935434,1.083793399333954,68.38137086356701,0.00014564667190112906,0.0016661286354064941
2024-07-15 09:00:00+01:00,1.0899182558059692,1.0922993421554565,1.0899182558059692,1.090869426727295,0,1.087678686723193,1.0840892124176025,71.21944013936314,0.0001339161850153793,0.0017858573368617467
2024-07-15 13:00:00+01:00,1.0909883975982666,1.0924185514450073,1.0905125141143799,1.0914647579193115,0,1.0880392649323471,1.0843179035186767,72.86136297945076,0.0001392144261523039,0.0017874411174229213
2024-07-15 17:00:00+01:00,1.091226577758789,1.0913456678390503,1.089680790901184,1.0901559591293335,0,1.0882408548558695,1.0845460486412049,64.19118821681859,3.307377666408092e-05,0.0015347259385245188
2024-07-15 21:00:00+01:00,1.090274691581726,1.090274691581726,1.089680790901184,1.0901559591293335,0,1.0884232457390566,1.0847602224349975,64.19118821681859,-5.3901442946175694e-05,0.00150965792792184
2024-07-16 01:00:00+01:00,1.0901559591293335,1.0901559591293335,1.0892059803009033,1.089561939239502,0,1.088531692739099,1.084974160194397,60.40747089991279,-0.00016209086701180018,0.0015099729810442244
2024-07-16 05:00:00+01:00,1.089561939239502,1.090274691581726,1.0887316465377808,1.0901559591293335,0,1.0886863847762642,1.0851836705207825,62.77073579660686,-0.0002017181139245324,0.0015442030770438059
2024-07-16 09:00:00+01:00,1.0901559591293335,1.0906314849853516,1.089680790901184,1.0905125141143799,0,1.0888603018560847,1.0853933167457581,64.15383112743174,-0.000210989289780877,0.0015107904161725725
2024-07-16 13:00:00+01:00,1.0905125141143799,1.0907504558563232,1.0875475406646729,1.0887316465377808,0,1.0888480489686272,1.0855393147468566,53.46916692927315,-0.0003366722852409373,0.0016295228685651506
2024-07-16 17:00:00+01:00,1.0887316465377808,1.0906314849853516,1.0884946584701538,1.0905125141143799,0,1.0890065694586988,1.0857185888290406,60.545655321400886,-0.0003006624827991294,0.0015446713992527553
2024-07-16 21:00:00+01:00,1.0903936624526978,1.0907504558563232,1.0900371074676514,1.0905125141143799,0,1.0891499927592398,1.0859025406837464,60.545655321400886,-0.00027815999818113957,0.00151911803654262
2024-07-17 01:00:00+01:00,1.090274691581726,1.0909883975982666,1.0899182558059692,1.0909883975982666,0,1.0893250789343853,1.0860702562332154,62.32151550054265,-0.0002342995010293262,0.001561556543622698
2024-07-17 05:00:00+01:00,1.090869426727295,1.0915838479995728,1.0897995233535767,1.0911074876785278,0,1.0894948321481133,1.0862286281585694,62.77309118529545,-0.00020158716065963624,0.0015193394252232143
2024-07-17 09:00:00+01:00,1.0911074876785278,1.0948106050491333,1.0911074876785278,1.0938525199890137,0,1.089909850037723,1.086460657119751,71.30884242191844,-9.536147552931338e-06,0.0017075708934238978
2024-07-17 13:00:00+01:00,1.0937328338623047,1.09505033493042,1.093135118484497,1.0936132669448853,0,1.0902625564098336,1.0866714906692505,69.80647832013952,8.188924257855981e-05,0.0017596142632620676
2024-07-17 17:00:00+01:00,1.0936132669448853,1.0942115783691406,1.0927767753601074,1.0939722061157227,0,1.090615856381823,1.0868636655807495,70.80041021679403,0.00014344035917223394,0.0016920225960867746
2024-07-17 21:00:00+01:00,1.0939722061157227,1.0944511890411377,1.0938525199890137,1.0943313837051392,0,1.0909697161269005,1.0870630240440369,71.8007631990976,0.00018272853435589596,0.0015986391476222447
2024-07-18 01:00:00+01:00,1.0943313837051392,1.0943313837051392,1.0934937000274658,1.0934937000274658,0,1.091210095546002,1.0872761583328248,66.1120667505379,0.0001292058128335629,0.0015310474804469518
2024-07-18 05:00:00+01:00,1.0936132669448853,1.0940918922424316,1.0928961038589478,1.0933741331100464,0,1.0914161943616252,1.0874751687049866,65.31659836968225,6.585081661067264e-05,0.0015740394592285156
2024-07-18 09:00:00+01:00,1.0933741331100464,1.0940918922424316,1.0928961038589478,1.0930156707763672,0,1.0915685254487435,1.0876552653312683,62.874116972350954,-1.574152001426873e-05,0.001591597284589495
2024-07-18 13:00:00+01:00,1.0930156707763672,1.0938525199890137,1.0907504558563232,1.0915838479995728,0,1.0915699847392986,1.0878137731552124,54.161842346836735,-0.00017295094098210956,0.0017029557909284318
2024-07-18 17:00:00+01:00,1.0914647579193115,1.091941475868225,1.089680790901184,1.0899182558059692,0,1.0914126772218387,1.0879389691352843,46.15058061608084,-0.00038383893572014336,0.0017965265682765416
2024-07-18 21:00:00+01:00,1.0899182558059692,1.0905125141143799,1.089680790901184,1.0903936624526978,0,1.0913156281962062,1.0880901026725769,48.492434380538874,-0.0004798081326071336,0.0016271557126726424
2024-07-19 01:00:00+01:00,1.0903936624526978,1.0903936624526978,1.0889687538146973,1.0892059803009033,0,1.0911147093490345,1.0882080960273743,43.41297010139869,-0.0006037584515192443,0.0015763044357299805
2024-07-19 05:00:00+01:00,1.0892059803009033,1.0893245935440063,1.0886130332946777,1.0889687538146973,0,1.0909103326314786,1.08832603931427,42.45636140485598,-0.0006767171673178498,0.001576176711491176
2024-07-19 09:00:00+01:00,1.0889687538146973,1.089561939239502,1.088020920753479,1.089561939239502,0,1.0907819142131951,1.0884769415855409,45.679581145859096,-0.0006593533942385729,0.0016098107610430037
2024-07-19 13:00:00+01:00,1.089561939239502,1.089561939239502,1.0882576704025269,1.0890873670578003,0,1.0906205287698243,1.088625373840332,43.57656744787126,-0.0006529264688568952,0.0015755210603986467
2024-07-19 17:00:00+01:00,1.0892059803009033,1.0894432067871094,1.087902545928955,1.0882576704025269,0,1.0903954946396055,1.0887595510482788,40.100622803491675,-0.0006748665205505317,0.0014210598809378488
2024-07-19 21:00:00+01:00,1.0882576704025269,1.0886130332946777,1.0882576704025269,1.0886130332946777,0,1.090225736416279,1.0888984966278077,42.22625336808147,-0.000636270421038034,0.0013096417699541365
2024-07-21 21:00:00+01:00,1.090274691581726,1.0906314849853516,1.0901559591293335,1.0901559591293335,0,1.0902190909603795,1.0890659594535828,50.4483285940527,-0.00048451702442249426,0.0013513309614998953
2024-07-22 01:00:00+01:00,1.0901559591293335,1.0901559591293335,1.0887316465377808,1.0894432067871094,0,1.090145197229592,1.0892098021507264,47.11277527641674,-0.0004126417892812751,0.0014103055000305176
2024-07-22 05:00:00+01:00,1.089561939239502,1.089561939239502,1.0882576704025269,1.0890873670578003,0,1.0900444514989451,1.0893535542488098,45.495478188928786,-0.00037088263359977085,0.0014436330114092147
2024-07-22 09:00:00+01:00,1.0889687538146973,1.0897995233535767,1.0887316465377808,1.0887316465377808,0,1.0899194224550248,1.0894691014289857,43.87404895615989,-0.00034933581282017135,0.0014344964708600725
2024-07-22 13:00:00+01:00,1.0887316465377808,1.0890873670578003,1.0876659154891968,1.0882576704025269,0,1.089761160354787,1.0895845460891724,41.73948537719309,-0.00034833780204587817,0.0014506152697971889
2024-07-22 17:00:00+01:00,1.0883761644363403,1.0894432067871094,1.0882576704025269,1.0889687538146973,0,1.0896856930652545,1.0897001433372497,45.98530974401127,-0.00028385004054631835,0.0013137204306466238
2024-07-22 21:00:00+01:00,1.0890873670578003,1.089680790901184,1.0889687538146973,1.0892059803009033,0,1.0896400061353164,1.0898110938072205,47.36347788632481,-0.00021254217865136472,0.0012031027248927525
2024-07-23 01:00:00+01:00,1.0893245935440063,1.0899182558059692,1.0890873670578003,1.0897995233535767,0,1.0896551982513412,1.0899268674850464,50.749389872405565,-0.00011747396843762904,0.0012030431202479772
2024-07-23 05:00:00+01:00,1.089680790901184,1.0897995233535767,1.0877841711044312,1.0877841711044312,0,1.0894770051897307,1.0899976325035095,41.08534678798529,-0.00017872272125448764,0.0012452176639011928
2024-07-23 09:00:00+01:00,1.0877841711044312,1.0884946584701538,1.0860122442245483,1.0860122442245483,0,1.0891470279549513,1.0899999928474426,34.80909595996536,-0.00031879497369071276,0.0013717072350638254
2024-07-23 13:00:00+01:00,1.086130142211914,1.0866022109985352,1.0847163200378418,1.0857763290405273,0,1.0888260090107205,1.089969298839569,34.063006183584406,-0.0004021781734353668,0.001396340983254569
2024-07-23 17:00:00+01:00,1.0856584310531616,1.086130142211914,1.0851871967315674,1.0853049755096436,0,1.0884906724868084,1.0899386310577392,32.561330853857925,-0.0004597671679477004,0.0013705321720668248
2024-07-23 21:00:00+01:00,1.0853049755096436,1.085894227027893,1.0851871967315674,1.0851871967315674,0,1.088176055748214,1.0898914241790771,32.17958139861415,-0.00047455772699764006,0.0013109871319362096
2024-07-24 01:00:00+01:00,1.0853049755096436,1.0853049755096436,1.084481120109558,1.0848339796066284,0,1.087857762782349,1.0898442459106445,31.00556198997299,-0.00047569122251409394,0.0013444508825029647
2024-07-24 05:00:00+01:00,1.0848339796066284,1.0856584310531616,1.0830715894699097,1.0831888914108276,0,1.0874131083660135,1.089749972820282,26.209491106180508,-0.0005495653126588864,0.0013850501605442592
2024-07-24 09:00:00+01:00,1.0833063125610352,1.0850694179534912,1.0829542875289917,1.0849517583847046,0,1.0871786940820793,1.0896696329116822,37.38657444181396,-0.00044641888858342176,0.0014343942914690291
2024-07-24 13:00:00+01:00,1.0849517583847046,1.08695650100708,1.0849517583847046,1.0855406522750854,0,1.087022690100461,1.0895701956748962,40.62217187508758,-0.0003116292822682796,0.0014844281332833426
2024-07-24 17:00:00+01:00,1.0855406522750854,1.0857763290405273,1.0838934183120728,1.0842459201812744,0,1.0867582358224432,1.0894377255439758,36.19375762492711,-0.0002835705798949488,0.001542644841330392
2024-07-24 21:00:00+01:00,1.0842459201812744,1.0845986604690552,1.0836584568023682,1.0841283798217773,0,1.0865077733461894,1.089300525188446,35.81207153910303,-0.00024810768287297823,0.0015082699911934988
2024-07-25 01:00:00+01:00,1.0841283798217773,1.0847163200378418,1.0837758779525757,1.0845986604690552,0,1.0863259530721767,1.0892154955863953,38.60192987417751,-0.00017178415275838094,0.0014907632555280412
2024-07-25 05:00:00+01:00,1.0845986604690552,1.0855406522750854,1.0831888914108276,1.0853049755096436,0,1.0862287171138403,1.0891279792785644,42.63470540917991,-5.839628059614902e-05,0.0016078863825116838
2024-07-25 09:00:00+01:00,1.0851871967315674,1.086130142211914,1.0847163200378418,1.0848339796066284,0,1.0860958849702964,1.0890262937545776,40.714271541151334,-2.7213135896956772e-06,0.001649524484361921
2024-07-25 13:00:00+01:00,1.0849517583847046,1.08672034740448,1.0834236145019531,1.0862481594085693,0,1.086110387297751,1.088933868408203,48.25141456860437,0.0001341754605813407,0.0017410516738891602
2024-07-25 17:00:00+01:00,1.0862481594085693,1.0871928930282593,1.0849517583847046,1.0849517583847046,0,1.0860000416869846,1.088803608417511,42.87073704203608,0.00014151538593452375,0.0017238174165998185
2024-07-25 21:00:00+01:00,1.0848339796066284,1.0854227542877197,1.0840108394622803,1.0854227542877197,0,1.0859450619346738,1.0887089443206788,45.259105105059646,0.00017973541808834052,0.0016899619783673967
2024-07-26 01:00:00+01:00,1.0855406522750854,1.0863661766052246,1.0855406522750854,1.086130142211914,0,1.0859626886277443,1.0886284279823304,48.72618210048424,0.00024998327885866647,0.0016899960381644113
2024-07-26 05:00:00+01:00,1.0862481594085693,1.0863661766052246,1.0848339796066284,1.0851871967315674,0,1.0858888322566798,1.0885409331321716,44.66517063319006,0.0002307328683257995,0.001748936516898019
2024-07-26 09:00:00+01:00,1.0851871967315674,1.0863661766052246,1.0845986604690552,1.0863661766052246,0,1.085934293623208,1.0884651374816894,50.24837579438265,0.00029128624554854046,0.0018163408551897322
2024-07-26 13:00:00+01:00,1.0864840745925903,1.087074637413025,1.0854227542877197,1.086130142211914,0,1.0859529458697514,1.08837749004364,49.17854698985646,0.0003077179777251185,0.0017495581081935338
2024-07-26 17:00:00+01:00,1.086130142211914,1.08695650100708,1.085894227027893,1.086130142211914,0,1.085969821711862,1.0883254599571228,49.17854698985646,0.00030999555105762626,0.001674354076385498
2024-07-26 21:00:00+01:00,1.0860122442245483,1.086130142211914,1.0857763290405273,1.0857763290405273,0,1.0859513938384016,1.0882307362556458,47.42324595783195,0.00027999610508857794,0.0015564305441720144
2024-07-28 21:00:00+01:00,1.085894227027893,1.0860122442245483,1.0855406522750854,1.0855406522750854,0,1.0859122755942763,1.0881312990188599,46.23934586990814,0.0002382396909388103,0.0014556220599583217
2024-07-29 01:00:00+01:00,1.0855406522750854,1.087311029434204,1.0854227542877197,1.0864840745925903,0,1.0859667326417348,1.0880412125587464,51.46296038903022,0.0002660075295691812,0.0015233414513724191
2024-07-29 05:00:00+01:00,1.0864840745925903,1.0866022109985352,1.0847163200378418,1.0848339796066284,0,1.0858588514002963,1.0879157423973083,43.50141396566642,0.00016977768660284746,0.0015908735139029367
2024-07-29 09:00:00+01:00,1.0845986604690552,1.0845986604690552,1.0820168256759644,1.0821340084075928,0,1.0855041044486102,1.08768137216568,34.182903694281194,-6.651457848000873e-05,0.0016241158757890975
2024-07-29 13:00:00+01:00,1.0821340084075928,1.082602620124817,1.0806137323379517,1.0822510719299316,0,1.0851942918277837,1.087454128265381,34.834692211440725,-0.0001982802503051091,0.0016651919909885951
2024-07-29 17:00:00+01:00,1.0821340084075928,1.0829542875289917,1.0817828178405762,1.082602620124817,0,1.0849474659513108,1.0872267365455628,36.85697253218511,-0.0002422071194420315,0.001513387475694929
2024-07-29 21:00:00+01:00,1.082602620124817,1.0828369855880737,1.0821340084075928,1.0821340084075928,0,1.0846795176138138,1.0869827890396118,35.28505881043222,-0.0002805642602372796,0.0014035190854753768
2024-07-30 01:00:00+01:00,1.0820168256759644,1.0824854373931885,1.0817828178405762,1.0824854373931885,0,1.0844705575928018,1.0867626237869263,37.43990158590338,-0.00026044711391827696,0.0013528551374162947
2024-07-30 05:00:00+01:00,1.0824854373931885,1.0828369855880737,1.0820168256759644,1.0820168256759644,0,1.0842368688388173,1.0865354776382445,35.73137776712785,-0.0002564734615573402,0.0013440506798880441
2024-07-30 09:00:00+01:00,1.0820168256759644,1.0838934183120728,1.0820168256759644,1.0828369855880737,0,1.0841035466244608,1.0863319039344788,40.821415373023505,-0.00017999559440352517,0.0013686503682817733
2024-07-30 13:00:00+01:00,1.0827198028564453,1.0828369855880737,1.080263614654541,1.0810810327529907,0,1.0838156881605112,1.086121847629547,34.5181142475726,-0.00022607383711542302,0.0014262114252362932
2024-07-30 17:00:00+01:00,1.08119797706604,1.0820168256759644,1.080964207649231,1.0813149213790894,0,1.083577519895614,1.0859497809410095,35.93706642243893,-0.0002190500761362268,0.0013834067753383092
2024-07-30 21:00:00+01:00,1.0814317464828491,1.0821340084075928,1.08119797706604,1.0817828178405762,0,1.0834065958903722,1.085777564048767,38.794413430099695,-0.00016367811235468632,0.001374389444078718
2024-07-31 01:00:00+01:00,1.0818997621536255,1.0833063125610352,1.081548810005188,1.082602620124817,0,1.0833300267698431,1.0856454968452454,43.545558850328966,-5.807425853761425e-05,0.0014746529715401785
2024-07-31 05:00:00+01:00,1.0824854373931885,1.0829542875289917,1.081548810005188,1.0821340084075928,0,1.0832161202591526,1.0855088019371033,41.55961276506307,-8.613166339589001e-06,0.0015413590839930943
2024-07-31 09:00:00+01:00,1.0821340084075928,1.0842459201812744,1.0810810327529907,1.0831888914108276,0,1.0832135270355026,1.0853813409805297,47.37756752243119,0.00010031140340461533,0.0016325456755501883
2024-07-31 13:00:00+01:00,1.0831888914108276,1.0851871967315674,1.0821340084075928,1.082602620124817,0,1.0831553454249612,1.0852516460418702,44.71332802113664,0.00013583326025693007,0.0017159240586417063
2024-07-31 17:00:00+01:00,1.0824854373931885,1.0835410356521606,1.0807305574417114,1.082602620124817,0,1.0831027049201856,1.085138545036316,44.71332802113664,0.00016059047664260901,0.0017154472214835031
2024-07-31 21:00:00+01:00,1.0824854373931885,1.0834236145019531,1.0821340084075928,1.0827198028564453,0,1.0830662380569722,1.0850206804275513,45.424755367831686,0.00018441512072902536,0.0016654985291617258
2024-08-01 01:00:00+01:00,1.0828369855880737,1.0836584568023682,1.0827198028564453,1.0835410356521606,0,1.0831114568755615,1.0848883819580077,50.25578842475669,0.00025091683029123215,0.0016488688332693918
2024-08-01 05:00:00+01:00,1.0835410356521606,1.0837758779525757,1.0803803205490112,1.0803803205490112,0,1.0828513486539855,1.0847071242332458,36.76624284042565,8.599106563639573e-05,0.0018411959920610701
2024-08-01 09:00:00+01:00,1.0803803205490112,1.0803803205490112,1.0781670808792114,1.0794472694396973,0,1.082527150633577,1.0845143222808837,33.875547529122585,-7.337495442753838e-05,0.0019490974290030344
2024-08-01 13:00:00+01:00,1.0793308019638062,1.0821340084075928,1.0787487030029297,1.079214334487915,0,1.0822116443339902,1.0843239760398864,33.174304112359536,-0.00017605499024252473,0.002132322107042585
2024-08-01 17:00:00+01:00,1.079097867012024,1.07991361618042,1.078399658203125,1.079214334487915,0,1.0819261862534115,1.0841431093215943,33.174304112359536,-0.00022255606279272485,0.002106419631413051
2024-08-01 21:00:00+01:00,1.079214334487915,1.0796804428100586,1.0781670808792114,1.0788650512695312,0,1.08163464958828,1.0839410352706909,32.02154853626088,-0.000253190775195897,0.0020307047026497977
2024-08-02 01:00:00+01:00,1.0787487030029297,1.0797970294952393,1.078515887260437,1.079563856124878,0,1.081437431163194,1.0837481927871704,36.75648632848461,-0.00020481123286353558,0.002047027860369001
2024-08-02 05:00:00+01:00,1.079563856124878,1.0810810327529907,1.0789813995361328,1.0807305574417114,0,1.0813701098563862,1.0835668134689331,43.79536673414688,-7.911635666646628e-05,0.0021301422800336567
2024-08-02 09:00:00+01:00,1.0807305574417114,1.0840108394622803,1.0806137323379517,1.0834236145019531,0,1.0815656817273926,1.0834796023368836,55.97551183666176,0.00018603791971862765,0.0022472568920680453
2024-08-02 13:00:00+01:00,1.0836584568023682,1.0928961038589478,1.0833063125610352,1.0917030572891235,0,1.0825311460666052,1.083593418598175,74.36707758857003,0.0008807888892753357,0.002831850733075823
2024-08-02 17:00:00+01:00,1.0914647579193115,1.091941475868225,1.0907504558563232,1.0915838479995728,0,1.0833933081554592,1.083709568977356,73.88845340497454,0.0012703928987977298,0.0026908602033342633
2024-08-02 21:00:00+01:00,1.0915838479995728,1.0917030572891235,1.0911074876785278,1.0913456678390503,0,1.0841506757443726,1.0838303828239442,72.87920581299717,0.0014378250940420365,0.0025153160095214844
2024-08-04 21:00:00+01:00,1.0909883975982666,1.0914647579193115,1.090869426727295,1.0913456678390503,0,1.084835913086723,1.0839535522460937,72.87920581299717,0.0014691502351177846,0.002357091222490583
2024-08-05 01:00:00+01:00,1.0913456678390503,1.0932546854019165,1.0909883975982666,1.0932546854019165,0,1.0856377009262652,1.0841219663619994,75.93472915973679,0.0015320045462995557,0.002426854201725551
2024-08-05 05:00:00+01:00,1.0933741331100464,1.0968520641326904,1.089680790901184,1.09505033493042,0,1.0865341422599943,1.0843591952323914,78.39984028227246,0.0016005991722701268,0.0028720412935529438
2024-08-05 09:00:00+01:00,1.095170259475708,1.0976948738098145,1.0937328338623047,1.096611499786377,0,1.0874938905958402,1.0845923900604248,80.2901816677248,0.001650583519416896,0.00291250433240618
2024-08-05 13:00:00+01:00,1.0964912176132202,1.1009578704833984,1.0960105657577515,1.0960105657577515,0,1.0883050025160224,1.0848017883300782,77.47936795434926,0.0015445409287886515,0.0031077946935381207
2024-08-05 17:00:00+01:00,1.0958904027938843,1.096611499786377,1.095170259475708,1.0960105657577515,0,1.0890388656819014,1.0850370812416077,77.47936795434926,0.001381092488745148,0.002968932901109968
2024-08-05 21:00:00+01:00,1.0962508916854858,1.0964912176132202,1.09505033493042,1.0952903032302856,0,1.0896342406865094,1.0852603197097779,73.88392050340619,0.0011411181507508129,0.0029637132372174945
2024-08-06 01:00:00+01:00,1.0952903032302856,1.096611499786377,1.0948106050491333,1.0957703590393066,0,1.0902186329105854,1.0854837536811828,74.7257623936496,0.000939759386792373,0.0029842512948172434
2024-08-06 05:00:00+01:00,1.095650315284729,1.0958904027938843,1.0925379991531372,1.0928961038589478,0,1.0904736301437628,1.0856355762481689,61.86698251909583,0.0005569534828716019,0.0031321985380990164
2024-08-06 09:00:00+01:00,1.093135118484497,1.0937328338623047,1.0907504558563232,1.091941475868225,0,1.090613424974664,1.085777726173401,58.27989718054885,0.00020172405787381937,0.003195251737322126
2024-08-06 13:00:00+01:00,1.0920606851577759,1.0937328338623047,1.0907504558563232,1.0928961038589478,0,1.0908308229636434,1.0859106850624085,60.731827627676324,3.785235500365809e-06,0.003165628228868757
2024-08-06 17:00:00+01:00,1.0927767753601074,1.0936132669448853,1.0924185514450073,1.0932546854019165,0,1.0910616670053837,1.0860767436027527,61.64370794998498,-0.0001232375233664565,0.0025659799575805664
2024-08-06 21:00:00+01:00,1.0932546854019165,1.0937328338623047,1.0926573276519775,1.0927767753601074,0,1.0912250106582144,1.0862238240242004,59.65537263596568,-0.0002522547800842354,0.0025577289717538016
2024-08-07 01:00:00+01:00,1.0930156707763672,1.0933741331100464,1.0914647579193115,1.0918222665786743,0,1.0912818921744487,1.0863376665115356,55.78513346803715,-0.00040559933009834577,0.0026515722274780273
2024-08-07 05:00:00+01:00,1.091941475868225,1.0930156707763672,1.0909883975982666,1.0924185514450073,0,1.0913901454383115,1.0864822936058045,57.63423939656247,-0.00046626071097002507,0.0027538537979125977
2024-08-07 09:00:00+01:00,1.0925379991531372,1.0930156707763672,1.091226577758789,1.0926573276519775,0,1.0915108294586606,1.0866081166267394,58.384768831295794,-0.0004874027721309044,0.0027197684560503277
2024-08-07 13:00:00+01:00,1.0926573276519775,1.0938525199890137,1.0915838479995728,1.0927767753601074,0,1.0916313957349888,1.0867410492897034,58.778184176582336,-0.0004891709640459201,0.0023695826530456543
2024-08-07 17:00:00+01:00,1.0926573276519775,1.0930156707763672,1.0920606851577759,1.0925379991531372,0,1.0917177389176695,1.086869206428528,57.60581809774599,-0.0005004493923185778,0.0021547930581229074
2024-08-07 21:00:00+01:00,1.0925379991531372,1.0937328338623047,1.0921800136566162,1.093135118484497,0,1.0918527274478436,1.0870163822174073,59.76696665680492,-0.0004626118928022539,0.0019123298781258719
2024-08-08 01:00:00+01:00,1.0930156707763672,1.0938525199890137,1.0926573276519775,1.0937328338623047,0,1.0920317852016017,1.0871802258491516,61.862746950810156,-0.0003948805611573988,0.0018947550228663854
2024-08-08 05:00:00+01:00,1.0938525199890137,1.0948106050491333,1.0932546854019165,1.0940918922424316,0,1.0922279858721569,1.0873323822021483,63.10604017593137,-0.00032629346237028644,0.0019029719488961355
2024-08-08 09:00:00+01:00,1.0943313837051392,1.0946906805038452,1.0924185514450073,1.0933741331100464,0,1.0923371427519557,1.0875031852722168,58.967606478903555,-0.0003287417235741778,0.001936631543295724
2024-08-08 13:00:00+01:00,1.0933741331100464,1.0934937000274658,1.0886130332946777,1.0915838479995728,0,1.092265400394586,1.0876921820640564,50.13594466396818,-0.0004432820637585524,0.002045793192727225
2024-08-08 17:00:00+01:00,1.0915838479995728,1.0920606851577759,1.090869426727295,1.0918222665786743,0,1.092223197174023,1.0878836059570312,51.184495029252396,-0.0004915976940248331,0.001917856080191476
2024-08-08 21:00:00+01:00,1.091941475868225,1.0922993421554565,1.0917030572891235,1.0918222665786743,0,1.0921850133077995,1.0880679988861084,51.184495029252396,-0.0005099670400682814,0.0017474208559308732
2024-08-09 01:00:00+01:00,1.0917030572891235,1.0927767753601074,1.0914647579193115,1.0926573276519775,0,1.0922299956262926,1.088278465270996,55.026076007797165,-0.0004541497189600725,0.0017557995659964426
2024-08-09 05:00:00+01:00,1.0925379991531372,1.093135118484497,1.0921800136566162,1.0924185514450073,0,1.0922479533233131,1.0884771275520324,53.72417063594657,-0.00042225435579492624,0.0017471994672502791
2024-08-09 09:00:00+01:00,1.0924185514450073,1.0928961038589478,1.0914647579193115,1.091941475868225,0,1.0922187649942572,1.0886756205558776,51.1216364602671,-0.0004212701260454207,0.0017130545207432338
2024-08-09 13:00:00+01:00,1.0918222665786743,1.0933741331100464,1.0913456678390503,1.0926573276519775,0,1.092260532866421,1.0888720273971557,54.67003745595814,-0.000362621993737285,0.0017131396702357701
2024-08-09 17:00:00+01:00,1.0926573276519775,1.0926573276519775,1.0918222665786743,1.0921800136566162,0,1.0922528643702492,1.0890940070152282,51.96133040761439,-0.00034622424014358146,0.0016449945313589914
2024-08-09 21:00:00+01:00,1.0921800136566162,1.0922993421554565,1.0917030572891235,1.0917030572891235,0,1.0922005017910943,1.0893017697334288,49.33110668310387,-0.0003563558646892536,0.0015255383082798549
2024-08-11 21:00:00+01:00,1.0915838479995728,1.0918222665786743,1.0915838479995728,1.0915838479995728,0,1.0921417728585685,1.089497790336609,48.66801708908994,-0.00035894168314222236,0.0014743549483163016
2024-08-12 01:00:00+01:00,1.0915838479995728,1.0926573276519775,1.0915838479995728,1.0915838479995728,0,1.0920886371577117,1.089677414894104,48.66801708908994,-0.00034823662457964335,0.0014401163373674666
2024-08-12 05:00:00+01:00,1.0917030572891235,1.093135118484497,1.0917030572891235,1.0924185514450073,0,1.0921200575660255,1.0898831057548524,53.71973052015481,-0.00027569975307326923,0.001465550490788051
2024-08-12 09:00:00+01:00,1.0925379991531372,1.0932546854019165,1.091941475868225,1.0928961038589478,0,1.09219396673678,1.0900772500038147,56.36551257142784,-0.0001903745707153194,0.001448214054107666
2024-08-12 13:00:00+01:00,1.0928961038589478,1.0942115783691406,1.0918222665786743,1.093135118484497,0,1.0922836002365623,1.0902878999710084,57.669867926999096,-0.00011629583215052908,0.0014565842492239816
2024-08-12 17:00:00+01:00,1.093135118484497,1.0937328338623047,1.0925379991531372,1.0934937000274658,0,1.092398847835696,1.0905057215690612,59.6200705711625,-4.525393349525769e-05,0.0011933105332510813
2024-08-12 21:00:00+01:00,1.0933741331100464,1.0939722061157227,1.0927767753601074,1.0938525199890137,0,1.0925372928026786,1.0907283759117126,61.53003490210947,2.0278757204598486e-05,0.0011936085564749582
2024-08-13 01:00:00+01:00,1.0938525199890137,1.0940918922424316,1.0932546854019165,1.0939722061157227,0,1.0926739512134447,1.0909369993209839,62.17274689974599,6.361586908634937e-05,0.0012108172689165389
2024-08-13 05:00:00+01:00,1.0939722061157227,1.0944511890411377,1.0930156707763672,1.0932546854019165,0,1.0927292592313944,1.091194486618042,56.11955871088777,3.719584102060002e-05,0.0012196387563432967
2024-08-13 09:00:00+01:00,1.093135118484497,1.0934937000274658,1.0918222665786743,1.0933741331100464,0,1.092790675791266,1.091473023891449,56.872338741156035,2.1766963116239858e-05,0.0012708050864083426
2024-08-13 13:00:00+01:00,1.0933741331100464,1.0964912176132202,1.0928961038589478,1.0955302715301514,0,1.09305158967116,1.0917993426322936,67.65801303524256,0.00014396316431911148,0.0014253599303109305
2024-08-13 17:00:00+01:00,1.095650315284729,1.1002310514450073,1.095650315284729,1.0998680591583252,0,1.093700777241366,1.092212417125702,79.02371560816711,0.00048491400663526246,0.0016162395477294922
2024-08-13 21:00:00+01:00,1.0998680591583252,1.1002310514450073,1.0989010334014893,1.0998680591583252,0,1.0942881374239337,1.0926324772834777,79.02371560816711,0.0006671701237945452,0.0016515936170305525
2024-08-14 01:00:00+01:00,1.0998680591583252,1.0999890565872192,1.0991426706314087,1.0993843078613281,0,1.0947734869894,1.0930288863182067,75.5880873299997,0.000708012801517704,0.0016694579805646623
2024-08-14 05:00:00+01:00,1.0992635488510132,1.1009578704833984,1.0990219116210938,1.1009578704833984,0,1.0953624758935903,1.0934334325790405,78.81459089727076,0.0007877584980440972,0.0017907108579363143
2024-08-14 09:00:00+01:00,1.100594401359558,1.1031439304351807,1.100594401359558,1.1025358438491821,0,1.0960456537941228,1.093815677165985,81.46078663550904,0.0008861934742891253,0.0018961429595947266
2024-08-14 13:00:00+01:00,1.1027790307998657,1.1049723625183105,1.1008366346359253,1.102657437324524,0,1.0966753474636848,1.094034764766693,81.65097909409339,0.0008962198284542333,0.002080747059413365
2024-08-14 17:00:00+01:00,1.1027790307998657,1.1027790307998657,1.1014429330825806,1.1015641689300537,0,1.0971409495081008,1.0942343711853026,74.27305036740839,0.0007707354603378631,0.0020823819296700613
2024-08-14 21:00:00+01:00,1.1015641689300537,1.1019283533096313,1.100594401359558,1.1014429330825806,0,1.09755066222948,1.0944363164901734,73.48012576616043,0.0006271698789903773,0.0020069990839276996
2024-08-15 01:00:00+01:00,1.1015641689300537,1.1016855239868164,1.1007153987884521,1.101078987121582,0,1.097886693171585,1.094630982875824,71.02866570046389,0.0004628786490382562,0.001990948404584612
2024-08-15 05:00:00+01:00,1.1012003421783447,1.1018069982528687,1.101078987121582,1.1016855239868164,0,1.0982484865825595,1.094799599647522,72.66538027659887,0.0003550883544893766,0.00195756128856114
2024-08-15 09:00:00+01:00,1.1015641689300537,1.1016855239868164,1.1007153987884521,1.1015641689300537,0,1.0985642658537493,1.0949298763275146,71.79147832783185,0.00024110061684083205,0.001967055456978934
2024-08-15 13:00:00+01:00,1.1016855239868164,1.1016855239868164,1.0954102277755737,1.0987803936004639,0,1.0985848494486745,1.0949732542037964,55.34787195652678,-4.125509150260456e-05,0.002312753881726946
2024-08-15 17:00:00+01:00,1.0989010334014893,1.0992635488510132,1.0974539518356323,1.0976948738098145,0,1.0985000898640211,1.0950069403648377,50.49130869297686,-0.0003058662994871262,0.0023226227079119
2024-08-15 21:00:00+01:00,1.0976948738098145,1.0981770753860474,1.0973334312438965,1.0975743532180786,0,1.0984119244691695,1.0950382161140442,49.9670805988189,-0.0004832031160151144,0.00212608916418893
2024-08-16 01:00:00+01:00,1.0975743532180786,1.098538875579834,1.0975743532180786,1.0979359149932861,0,1.098366590233371,1.095091128349304,51.59089596608724,-0.0005646750577371286,0.0018592136246817453
2024-08-16 05:00:00+01:00,1.098056435585022,1.0989010334014893,1.0979359149932861,1.0987803936004639,0,1.0984060000778562,1.0951513290405273,55.24447327094671,-0.0005496842266178251,0.0018331493650163924
2024-08-16 09:00:00+01:00,1.0987803936004639,1.0997470617294312,1.0982975959777832,1.0995051860809326,0,1.0985106844591015,1.095283510684967,58.16298634482166,-0.0004814034898704871,0.0018762264932904924
2024-08-16 13:00:00+01:00,1.0996261835098267,1.1007153987884521,1.098538875579834,1.0998680591583252,0,1.09863995823998,1.0954420423507691,59.583986725043125,-0.0004053006965844799,0.0018934096608843123
2024-08-16 17:00:00+01:00,1.0998680591583252,1.1027790307998657,1.0998680591583252,1.1027790307998657,0,1.0990341556266356,1.0956397008895875,68.75279030908386,-0.00016474716416394614,0.00191922698702131
2024-08-16 21:00:00+01:00,1.1027790307998657,1.103265643119812,1.1025358438491821,1.1031439304351807,0,1.099425562751259,1.0958374857902526,69.68130719991878,4.1618167035128995e-06,0.0016759463718959264
2024-08-18 21:00:00+01:00,1.1029006242752075,1.1029006242752075,1.102657437324524,1.1027790307998657,0,1.09974494066065,1.0960375308990478,67.52058252994058,7.272732262786352e-05,0.001615260328565325
2024-08-19 01:00:00+01:00,1.102657437324524,1.1043622493743896,1.102657437324524,1.1042402982711792,0,1.100173069956891,1.096285891532898,71.3516805422798,0.0001911811235205895,0.0016417503356933594
2024-08-19 05:00:00+01:00,1.1039965152740479,1.1053388118743896,1.1039965152740479,1.1046061515808105,0,1.100595268206788,1.096529643535614,72.2347178987125,0.0002643518840600833,0.0016683340072631836
2024-08-19 09:00:00+01:00,1.1044842004776,1.1053388118743896,1.1033873558044434,1.1046061515808105,0,1.1009772570995522,1.0967686200141906,72.2347178987125,0.0002813539650710834,0.00175572293145316
2024-08-19 13:00:00+01:00,1.1047282218933105,1.1075423955917358,1.1035091876983643,1.1072970628738403,0,1.10157914336377,1.0970590257644652,78.01520151701993,0.0004333457384036064,0.0019745145525251117
2024-08-19 17:00:00+01:00,1.1072970628738403,1.1088933944702148,1.107051968574524,1.1086474657058716,0,1.1022523169201608,1.09738121509552,80.23865122107892,0.0005754429748824697,0.0016578095299857004
2024-08-19 21:00:00+01:00,1.1086474657058716,1.109139323234558,1.1082788705825806,1.1088933944702148,0,1.1028848004963565,1.0976963806152344,80.62299698474891,0.0006320930297229414,0.0015900135040283203
2024-08-20 01:00:00+01:00,1.1088933944702148,1.1090162992477417,1.1079105138778687,1.1079105138778687,0,1.1033634398660244,1.0979799342155456,74.39530454302785,0.0005523563467194361,0.0016087378774370467
2024-08-20 05:00:00+01:00,1.1079105138778687,1.1088933944702148,1.1075423955917358,1.1088933944702148,0,1.1038901022092806,1.0982759642601012,76.36169280926465,0.0005155063819533689,0.001636343342917306
2024-08-20 09:00:00+01:00,1.1090162992477417,1.109139323234558,1.1077877283096313,1.1085245609283447,0,1.1043314792301437,1.0985789728164672,74.06308031664776,0.00042003053585363105,0.0016639488083975656
2024-08-20 13:00:00+01:00,1.1085245609283447,1.1119760274887085,1.1085245609283447,1.110864281654358,0,1.1049536508895927,1.098964581489563,78.48701905495416,0.00046471039587026334,0.0018069488661629812
2024-08-20 17:00:00+01:00,1.1111111640930176,1.113089919090271,1.1107407808303833,1.1127183437347412,0,1.1056931454462735,1.0993825030326843,81.22051985839326,0.00056284217595062,0.0018192785126822336
2024-08-20 21:00:00+01:00,1.1128422021865845,1.1134617328643799,1.1127183437347412,1.113089919090271,0,1.1063976000790352,1.0998078560829163,81.72177624204805,0.0005934406833334213,0.0016644511904035295
2024-08-21 01:00:00+01:00,1.113089919090271,1.1135857105255127,1.1120996475219727,1.1124708652496338,0,1.106976006285759,1.1002041268348695,77.98699851335986,0.0005155344070405989,0.0017184700284685408
2024-08-21 05:00:00+01:00,1.1123470067977905,1.113089919090271,1.1113580465316772,1.1117286682128906,0,1.1074286407550096,1.100590329170227,73.64163737427201,0.00036466969187815435,0.0018074257033211844
2024-08-21 09:00:00+01:00,1.1117286682128906,1.1128422021865845,1.1113580465316772,1.1118524074554443,0,1.1078499518693368,1.1009885478019714,73.90271634785998,0.00023041549269975673,0.0017916645322527205
2024-08-21 13:00:00+01:00,1.1117286682128906,1.114951491355896,1.1104941368103027,1.1145787239074707,0,1.10849078730154,1.1014269757270814,78.86895825708737,0.0002791755040039614,0.0020141686711992535
2024-08-21 17:00:00+01:00,1.1145787239074707,1.1176930665969849,1.1145787239074707,1.1155734062194824,0,1.109165322436582,1.1018948435783387,80.33900414125372,0.000328944053652018,0.002097232001168387
2024-08-21 21:00:00+01:00,1.1155734062194824,1.1161960363388062,1.1150758266448975,1.115946888923645,0,1.1098111859115403,1.102379720211029,80.87694922580478,0.0003363425482095948,0.0018891607012067521
2024-08-22 01:00:00+01:00,1.1158223152160645,1.116071343421936,1.1144545078277588,1.1148271560668945,0,1.1102888973549074,1.1028445863723755,74.31215804554785,0.00022073635039500297,0.0018731185368129186
2024-08-22 05:00:00+01:00,1.1148271560668945,1.1161960363388062,1.113089919090271,1.1139578819274902,0,1.1106383244570581,1.1032920670509339,69.58969967092958,4.957404974864545e-05,0.0020335231508527484
2024-08-22 09:00:00+01:00,1.1143302917480469,1.1154489517211914,1.1135857105255127,1.1140819787979126,0,1.1109662915371394,1.103725335597992,69.88393528594123,-8.415550135541057e-05,0.0020876271384102957
2024-08-22 13:00:00+01:00,1.1139578819274902,1.1147029399871826,1.1102476119995117,1.1118524074554443,0,1.111050683529359,1.1041044616699218,58.86420337395507,-0.0003374264055310771,0.0023093649319240023
2024-08-22 17:00:00+01:00,1.1117286682128906,1.1120996475219727,1.1103708744049072,1.1111111640930176,0,1.1110564435830408,1.1044639825820923,55.71850376013184,-0.000556595956890811,0.002336306231362479
2024-08-22 21:00:00+01:00,1.1111111640930176,1.1120996475219727,1.1111111640930176,1.1119760274887085,0,1.1111440230026282,1.1048336291313172,58.504847698307316,-0.0006391356349971359,0.0021603788648332867
2024-08-23 01:00:00+01:00,1.1118524074554443,1.1132138967514038,1.111605167388916,1.1128422021865845,0,1.111305754353481,1.1052134227752686,61.142001868065954,-0.0006301710855542647,0.002107492515019008
2024-08-23 05:00:00+01:00,1.1129660606384277,1.1135857105255127,1.1117286682128906,1.1122233867645264,0,1.1113931479164376,1.1055784463882445,58.291735420391475,-0.000657655708381783,0.0021870391709463938
2024-08-23 09:00:00+01:00,1.1123470067977905,1.113089919090271,1.1114816665649414,1.1123470067977905,0,1.1114839916194235,1.105960292816162,58.70587476127689,-0.0006576657502224631,0.0021957669939313617
2024-08-23 13:00:00+01:00,1.1123470067977905,1.1199462413787842,1.110987663269043,1.1179429292678833,0,1.1120991285383244,1.1064516687393189,72.17474224934432,-0.0002897262200626865,0.0027119602475847516
2024-08-23 17:00:00+01:00,1.1179429292678833,1.1204482316970825,1.1168192625045776,1.1195701360702515,0,1.1128106530651747,1.1069324660301207,74.75344175073829,3.6935157687384944e-05,0.002865161214556013
2024-08-23 21:00:00+01:00,1.1193194389343262,1.1198208332061768,1.1191942691802979,1.119444727897644,0,1.1134424697158862,1.1073239994049073,74.182840432832,0.0002086680840233824,0.0025915333202907015
2024-08-25 21:00:00+01:00,1.1191942691802979,1.1195701360702515,1.118943691253662,1.1191942691802979,0,1.1139902601410685,1.1077105236053466,72.98464387765941,0.00026583630430497985,0.0024138263293675016
2024-08-26 01:00:00+01:00,1.1191942691802979,1.1204482316970825,1.1185681819915771,1.1186933517456055,0,1.1144381736272149,1.1080967044830323,70.53095741649973,0.0002316111488112429,0.0024681006159101215
2024-08-26 05:00:00+01:00,1.1186933517456055,1.1191942691802979,1.1179429292678833,1.1184431314468384,0,1.1148195981814646,1.108446409702301,69.27803491881978,0.00015736755205327402,0.0024419937814985004
2024-08-26 09:00:00+01:00,1.1181930303573608,1.1186933517456055,1.1166945695877075,1.1168192625045776,0,1.1150100424027134,1.1087320780754089,61.62686848552963,-2.6088576196711503e-05,0.002362898417881557
2024-08-26 13:00:00+01:00,1.1169440746307373,1.118067979812622,1.1155734062194824,1.1166945695877075,0,1.115170473563189,1.1090128207206726,61.06913165354559,-0.0001726465572638139,0.002407993589128767
2024-08-26 17:00:00+01:00,1.1165698766708374,1.117817997932434,1.1161960363388062,1.1163206100463867,0,1.1152800103711127,1.1093079495429992,59.334784187544706,-0.0003039088001825815,0.0022056102752685547
2024-08-26 21:00:00+01:00,1.1161960363388062,1.1170687675476074,1.1161960363388062,1.1168192625045776,0,1.1154266058123952,1.1096154761314392,60.92822358802729,-0.000362322258225392,0.0021444644246782574
2024-08-27 01:00:00+01:00,1.1166945695877075,1.1173185110092163,1.1163206100463867,1.1169440746307373,0,1.1155711266522375,1.1099327778816224,61.33659568636863,-0.00039504519014331267,0.002145137105669294
2024-08-27 05:00:00+01:00,1.1170687675476074,1.1175681352615356,1.1164453029632568,1.1166945695877075,0,1.1156781212175204,1.1102329587936401,59.986837101642536,-0.0004329380671979398,0.0021104301725115094
2024-08-27 09:00:00+01:00,1.1165698766708374,1.1181930303573608,1.1163206100463867,1.1163206100463867,0,1.1157393106297935,1.1105280876159669,57.92922217744071,-0.00047904060037853684,0.0021115286009652273
2024-08-27 13:00:00+01:00,1.1164453029632568,1.1173185110092163,1.1154489517211914,1.1163206100463867,0,1.1157946724789929,1.1108788919448853,57.92922217744071,-0.00050291496128365,0.002130193369729178
2024-08-27 17:00:00+01:00,1.1164453029632568,1.119444727897644,1.1164453029632568,1.1188185214996338,0,1.1160826581000063,1.1113013648986816,66.76147783060233,-0.00035104848269275606,0.0017134462084089006
2024-08-27 21:00:00+01:00,1.1188185214996338,1.11906898021698,1.1179429292678833,1.118067979812622,0,1.1162717363583508,1.1117112374305724,62.51473513466228,-0.0003035007222577013,0.0015346663338797434
2024-08-28 01:00:00+01:00,1.118067979812622,1.11831796169281,1.1165698766708374,1.1169440746307373,0,1.1163357685747686,1.1120914006233216,56.69851021941894,-0.00034696589200384066,0.0016147749764578684
2024-08-28 05:00:00+01:00,1.1169440746307373,1.1170687675476074,1.1139578819274902,1.116071343421936,0,1.1163105852268798,1.112437219619751,52.60565182064595,-0.0004283775455275617,0.0017922350338527135
2024-08-28 09:00:00+01:00,1.115946888923645,1.1161960363388062,1.1120996475219727,1.1122233867645264,0,1.1159213282304652,1.1126915836334228,39.17727210867855,-0.0007182011649163327,0.001950544970376151
2024-08-28 13:00:00+01:00,1.1123470067977905,1.1139578819274902,1.110864281654358,1.1129660606384277,0,1.1156398741740807,1.112953543663025,42.241759373810225,-0.0008288600921688264,0.0020821349961417063
2024-08-28 17:00:00+01:00,1.1129660606384277,1.1129660606384277,1.110864281654358,1.111605167388916,0,1.1152556163850174,1.1131300663948058,38.42162809777768,-0.0009537767372540175,0.0020894919122968402
2024-08-28 21:00:00+01:00,1.111605167388916,1.1129660606384277,1.111605167388916,1.1127183437347412,0,1.1150139713707055,1.113321554660797,42.965232943582045,-0.0009210183148986746,0.0020085147448948453
2024-08-29 01:00:00+01:00,1.1128422021865845,1.1138337850570679,1.1128422021865845,1.1138337850570679,0,1.1149015726741685,1.113542649745941,47.17160076399298,-0.0007889057330242496,0.0019723347255161832
2024-08-29 05:00:00+01:00,1.1138337850570679,1.1143302917480469,1.1119760274887085,1.1133378744125366,0,1.1147526490302035,1.1137246012687683,45.56273881365763,-0.0007024800909889809,0.002078158514840262
2024-08-29 09:00:00+01:00,1.1122233867645264,1.1122233867645264,1.1075423955917358,1.1098779439926147,0,1.114288391407576,1.1138300371170045,36.268456534113554,-0.0008367764360589133,0.0024208426475524902
2024-08-29 13:00:00+01:00,1.1097548007965088,1.1098779439926147,1.1059499979019165,1.1087703704833984,0,1.1137628656052736,1.113913321495056,33.88553233716415,-0.0009503479049615275,0.0026212079184395926
2024-08-29 17:00:00+01:00,1.1088933944702148,1.109139323234558,1.1077877283096313,1.1079105138778687,0,1.1132054987740923,1.1139255905151366,32.12108186165865,-0.0010270010697297613,0.0025840061051504953
2024-08-29 21:00:00+01:00,1.1079105138778687,1.1085245609283447,1.1077877283096313,1.1082788705825806,0,1.1127362960891862,1.1139182186126708,33.71346549582772,-0.0009957738238243958,0.0025030970573425293
2024-08-30 01:00:00+01:00,1.1082788705825806,1.1086474657058716,1.1072970628738403,1.1076650619506836,0,1.1122533214093289,1.1138936519622802,32.351529473473406,-0.0009589761376266712,0.0023764031273978098
2024-08-30 05:00:00+01:00,1.1076650619506836,1.109139323234558,1.1075423955917358,1.1087703704833984,0,1.1119216117973356,1.113910849094391,37.26615498712869,-0.0008087202610137598,0.002410037176949637
2024-08-30 09:00:00+01:00,1.1085245609283447,1.1097548007965088,1.1077877283096313,1.1085245609283447,0,1.111598083143146,1.1139034724235535,36.628837974966366,-0.0006796096128783692,0.0024256791387285504
2024-08-30 13:00:00+01:00,1.1085245609283447,1.1090162992477417,1.1057054996490479,1.106439471244812,0,1.1111067867718762,1.1138617706298828,31.67966957844058,-0.0006863501709489892,0.002439958708626883
2024-08-30 17:00:00+01:00,1.1063170433044434,1.1063170433044434,1.1047282218933105,1.1057054996490479,0,1.110592378474464,1.1137585949897766,30.1360691489797,-0.0006900967512248968,0.0022695916039603098
2024-08-30 21:00:00+01:00,1.1054610013961792,1.1058276891708374,1.1050944328308105,1.1053388118743896,0,1.1100920387982665,1.1136110043525695,29.366222552294445,-0.0006667582967839598,0.0021009956087384906
2024-09-01 21:00:00+01:00,1.1049723625183105,1.1049723625183105,1.1047282218933105,1.1047282218933105,0,1.1095811990930327,1.1134437704086304,28.079896630430767,-0.0006417124996375683,0.0019944821085248676
2024-09-02 01:00:00+01:00,1.1047282218933105,1.1059499979019165,1.1044842004776,1.1052166223526,0,1.1091655251177535,1.1132986855506897,30.69494033044235,-0.0005453119201786799,0.0020019752638680594
2024-09-02 05:00:00+01:00,1.1050944328308105,1.1072970628738403,1.1047282218933105,1.107051968574524,0,1.1089642340183983,1.1132051515579224,39.58491744451227,-0.0003220392151761318,0.002105789525168283
2024-09-02 09:00:00+01:00,1.1071745157241821,1.108033299446106,1.1063170433044434,1.1063170433044434,0,1.1087121206170694,1.1130944442749025,37.51003709935411,-0.00019424457342490228,0.0020602175167628695
2024-09-02 13:00:00+01:00,1.1063170433044434,1.107419729232788,1.1061947345733643,1.107051968574524,0,1.1085540108987317,1.1129439091682434,40.84898904099023,-3.874778798442901e-05,0.0017337543623788016
2024-09-02 17:00:00+01:00,1.107051968574524,1.1076650619506836,1.1065618991851807,1.1075423955917358,0,1.1084576665837798,1.1127832889556886,43.03631674702778,0.00011044577274253254,0.0015319841248648508
2024-09-02 21:00:00+01:00,1.1075423955917358,1.1076650619506836,1.1068068742752075,1.107051968574524,0,1.1083237905828982,1.112605390548706,41.38810900421008,0.0001850200800690724,0.0014967407499040877
2024-09-03 01:00:00+01:00,1.107051968574524,1.1072970628738403,1.1060723066329956,1.1060723066329956,0,1.1081093635400503,1.112430293560028,38.237779020169334,0.0001772716484449671,0.0015315924371991838
2024-09-03 05:00:00+01:00,1.1060723066329956,1.107051968574524,1.1054610013961792,1.1060723066329956,0,1.107915358120331,1.1122725820541381,38.237779020169334,0.00018044680298656387,0.0015487756047930037
2024-09-03 09:00:00+01:00,1.1058276891708374,1.1061947345733643,1.1037527322769165,1.1039965152740479,0,1.1075421349921135,1.1120708727836608,32.21244669549314,5.741877299856083e-05,0.001609138080051967
2024-09-03 13:00:00+01:00,1.1039965152740479,1.1068068742752075,1.1037527322769165,1.1046061515808105,0,1.1072625175243704,1.1119259476661683,35.4304600733245,3.2985215514250025e-05,0.0016867859022957937
2024-09-03 17:00:00+01:00,1.1044842004776,1.1049723625183105,1.1030223369598389,1.1044842004776,0,1.1069979159008687,1.1117934083938599,35.071789779175504,2.4866231399427305e-05,0.0015895877565656389
2024-09-03 21:00:00+01:00,1.1046061515808105,1.1054610013961792,1.1042402982711792,1.1052166223526,0,1.1068282688962716,1.1116582202911376,39.06175246735048,8.18659286973345e-05,0.0015545487403869629
2024-09-04 01:00:00+01:00,1.1050944328308105,1.1059499979019165,1.1049723625183105,1.1057054996490479,0,1.106721338491774,1.1115154862403869,41.63971188192251,0.0001609637005761499,0.0015720043863568986
2024-09-04 05:00:00+01:00,1.1057054996490479,1.1065618991851807,1.1049723625183105,1.1059499979019165,0,1.1066478774832162,1.1113900184631347,42.93982104481226,0.00023380311310655438,0.0016419291496276855
2024-09-04 09:00:00+01:00,1.1058276891708374,1.1061947345733643,1.1046061515808105,1.1053388118743896,0,1.10652320456809,1.1112498545646667,40.51035527597953,0.00024376088854682746,0.0016506995473589217
2024-09-04 13:00:00+01:00,1.1052166223526,1.1097548007965088,1.1043622493743896,1.1082788705825806,0,1.1066904108551843,1.1110565733909608,53.994600195610346,0.0004398602313411702,0.0018523931503295898
2024-09-04 17:00:00+01:00,1.1082788705825806,1.1088933944702148,1.1069294214248657,1.1081559658050537,0,1.1068299875170766,1.1108282899856567,53.449189280821194,0.0005458759463444441,0.0018700872148786271
2024-09-04 21:00:00+01:00,1.108033299446106,1.1090162992477417,1.1079105138778687,1.1082788705825806,0,1.1069679763804579,1.1106049728393554,53.950130287524956,0.0006043142995418825,0.001861572265625
2024-09-05 01:00:00+01:00,1.1082788705825806,1.1087703704833984,1.1079105138778687,1.108033299446106,0,1.1070694357200432,1.1103817534446716,52.72916458569332,0.0006049760225129014,0.0018441932541983469
2024-09-05 05:00:00+01:00,1.1079105138778687,1.1092623472213745,1.1077877283096313,1.1090162992477417,0,1.1072548512941098,1.1101882123947144,56.930978059892276,0.0006464154487407448,0.0018882240567888533
2024-09-05 09:00:00+01:00,1.1088933944702148,1.1111111640930176,1.1087703704833984,1.1097548007965088,0,1.1074929417229098,1.1100144457817078,59.82052909237349,0.0006941646073068865,0.0019679410117013113
2024-09-05 13:00:00+01:00,1.1100010871887207,1.1122233867645264,1.1079105138778687,1.1098779439926147,0,1.107720084796215,1.1098756194114685,60.29884213857874,0.0007025126200364583,0.002162362848009382
2024-09-05 17:00:00+01:00,1.1100010871887207,1.111605167388916,1.1100010871887207,1.1106175184249878,0,1.107996030856098,1.109754078388214,63.13711099986226,0.0007234651742985791,0.002111307212284633
2024-09-05 21:00:00+01:00,1.1107407808303833,1.111605167388916,1.1107407808303833,1.1113580465316772,0,1.1083162228252008,1.1096548271179199,65.77546043562282,0.0007496315812790065,0.001963700566973005
2024-09-06 01:00:00+01:00,1.1114816665649414,1.1119760274887085,1.1112345457077026,1.1118524074554443,0,1.1086530023137955,1.1095554900169373,67.45031465933538,0.0007602758673109181,0.0018773760114397322
2024-09-06 05:00:00+01:00,1.1118524074554443,1.1123470067977905,1.1114816665649414,1.1118524074554443,0,1.1089577075653811,1.1094536566734314,67.45031465933538,0.0007273514158559336,0.0018519929477146693
2024-09-06 09:00:00+01:00,1.1119760274887085,1.1122233867645264,1.1106175184249878,1.1111111640930176,0,1.1091627986632513,1.1093419885635376,62.160505712314155,0.0006198826772461859,0.001896866730281285
2024-09-06 13:00:00+01:00,1.1111111640930176,1.1154489517211914,1.107051968574524,1.1088933944702148,0,1.1091371411210573,1.1091934442520142,49.621428748385,0.0003756834179585674,0.002383112907409668
2024-09-06 17:00:00+01:00,1.1088933944702148,1.1092623472213745,1.107419729232788,1.109139323234558,0,1.1091373489413907,1.1090498185157776,50.806478335867595,0.0002149566628289318,0.0024012582642691477
2024-09-06 21:00:00+01:00,1.109139323234558,1.109139323234558,1.1086474657058716,1.1088933944702148,0,1.1091141151822312,1.1088513159751892,49.55122959056603,8.309529013906711e-05,0.002051208700452532
2024-09-08 21:00:00+01:00,1.109139323234558,1.109385371208191,1.1090162992477417,1.1090162992477417,0,1.1091047993789465,1.1086702823638916,50.213245821721785,-4.127250009229935e-07,0.001946066107068743
2024-09-09 01:00:00+01:00,1.1088933944702148,1.109385371208191,1.1081559658050537,1.1082788705825806,0,1.1090261394935783,1.1084969782829284,46.28837039425225,-0.00010413969397748762,0.0019548961094447543
2024-09-09 05:00:00+01:00,1.1082788705825806,1.1082788705825806,1.1058276891708374,1.1061947345733643,0,1.1087564818821294,1.108299446105957,37.39259328499804,-0.0003008083335141782,0.002068562167031424
2024-09-09 09:00:00+01:00,1.1061947345733643,1.1065618991851807,1.1039965152740479,1.1047282218933105,0,1.1083728380736704,1.1081495428085326,32.63927445241386,-0.0005053204354885908,0.0021464739527021137
2024-09-09 13:00:00+01:00,1.1047282218933105,1.1054610013961792,1.1038745641708374,1.1044842004776,0,1.1080024916359492,1.1079799056053161,31.912337444505468,-0.0006248595414240146,0.0020925913538251606
2024-09-09 17:00:00+01:00,1.1044842004776,1.1057054996490479,1.1041183471679688,1.1041183471679688,0,1.107632573115189,1.1078301692008972,30.804603078572697,-0.0006912236277379853,0.0018978970391409738
2024-09-09 21:00:00+01:00,1.1039965152740479,1.1042402982711792,1.1037527322769165,1.1038745641708374,0,1.1072746675014413,1.107653293609619,30.055936601933993,-0.0007114140462255621,0.001809350081852504
2024-09-10 01:00:00+01:00,1.1038745641708374,1.1042402982711792,1.103265643119812,1.1041183471679688,0,1.10697406556492,1.1074589848518372,31.839906934829997,-0.000668868509925527,0.0018084219523838588
2024-09-10 05:00:00+01:00,1.1042402982711792,1.1052166223526,1.1037527322769165,1.1039965152740479,0,1.1066904893467417,1.1072721576690674,31.408755569781576,-0.0006110398014498241,0.0018600225448608398
2024-09-10 09:00:00+01:00,1.1039965152740479,1.1046061515808105,1.1030223369598389,1.103265643119812,0,1.1063643135156056,1.1071399116516114,28.882068953270576,-0.0005841382164700039,0.0019113421440124512
2024-09-10 13:00:00+01:00,1.1033873558044434,1.1038745641708374,1.1019283533096313,1.1029006242752075,0,1.1060344383498535,1.1070225167274474,27.684247923314786,-0.000553352106202385,0.0019356523241315568
2024-09-10 17:00:00+01:00,1.1027790307998657,1.103265643119812,1.1025358438491821,1.1030223369598389,0,1.1057475715508045,1.106924753189087,28.745409992232084,-0.0004894218390276244,0.0013879963329860143
2024-09-10 21:00:00+01:00,1.1029006242752075,1.1030223369598389,1.1018069982528687,1.1024142503738403,0,1.1054301123910937,1.106807460784912,26.641973216074447,-0.00045352737979427915,0.0013431906700134277
2024-09-11 01:00:00+01:00,1.102292776107788,1.1047282218933105,1.1020498275756836,1.1041183471679688,0,1.1053051823698437,1.106736526489258,39.91176034632117,-0.0002884950464250892,0.0014993718692234584
2024-09-11 05:00:00+01:00,1.1042402982711792,1.1054610013961792,1.1041183471679688,1.1044842004776,0,1.1052269936182015,1.1066508030891418,42.32393819933887,-0.0001359188972145846,0.0015601345470973424
2024-09-11 09:00:00+01:00,1.1041183471679688,1.1057054996490479,1.1039965152740479,1.1047282218933105,0,1.1051794915491642,1.106574876308441,43.94043628914126,-6.613576968066137e-06,0.0015943901879446848
2024-09-11 13:00:00+01:00,1.1046061515808105,1.1050944328308105,1.100594401359558,1.1015641689300537,0,1.104835175109249,1.106477370262146,31.58085074134179,-0.00011615263134263074,0.001740736620766776
2024-09-11 17:00:00+01:00,1.1013215780258179,1.1030223369598389,1.1013215780258179,1.1020498275756836,0,1.104569903915576,1.1064042568206787,34.62069882631867,-0.00013647169048059283,0.0016789776938302176
2024-09-11 21:00:00+01:00,1.1019283533096313,1.1020498275756836,1.1013215780258179,1.1013215780258179,0,1.104260539545123,1.1063239121437072,32.30303061765993,-0.0001769619649648424,0.0016176785741533553
2024-09-12 01:00:00+01:00,1.1013215780258179,1.1016855239868164,1.1009578704833984,1.1016855239868164,0,1.1040152999681414,1.1062630581855775,34.65728805673339,-0.00015786790130192926,0.001556285790034703
2024-09-12 05:00:00+01:00,1.1016855239868164,1.1025358438491821,1.1009578704833984,1.101078987121582,0,1.103735651125612,1.1061803054809571,32.62123052470501,-0.00016400260506250867,0.001634172030857631
2024-09-12 09:00:00+01:00,1.101078987121582,1.102657437324524,1.1009578704833984,1.1016855239868164,0,1.1035404009219172,1.1060729765892028,36.6304582016755,-0.00010783929354497433,0.0016859514372689383
2024-09-12 13:00:00+01:00,1.1018069982528687,1.1049723625183105,1.1015641689300537,1.1043622493743896,0,1.103618672203105,1.1060338807106018,50.60034430997938,0.0001167874161618265,0.0018248302595955984
2024-09-12 17:00:00+01:00,1.1044842004776,1.107419729232788,1.1039965152740479,1.1072970628738403,0,1.1039689951241274,1.106038782596588,60.80324736471659,0.0004514328150889862,0.001956215926579067
2024-09-12 21:00:00+01:00,1.1072970628738403,1.1081559658050537,1.1071745157241821,1.1081559658050537,0,1.1043677542365966,1.1060510540008546,63.198822584680705,0.0007039844627553598,0.0018873044422694615
2024-09-13 01:00:00+01:00,1.1081559658050537,1.1092623472213745,1.1081559658050537,1.1090162992477417,0,1.1048104728090866,1.1060903406143188,65.47497396395377,0.0008903289317676868,0.00191420316696167
2024-09-13 05:00:00+01:00,1.1090162992477417,1.1096316576004028,1.1075423955917358,1.1096316576004028,0,1.1052696332654024,1.106161527633667,67.04499954544332,0.0010077445611909265,0.0019766262599400113
2024-09-13 09:00:00+01:00,1.1095085144042969,1.1103708744049072,1.1085245609283447,1.1087703704833984,0,1.1056030368099736,1.106215488910675,62.744184858840974,0.0009792688901573321,0.0019171919141496932
2024-09-13 13:00:00+01:00,1.1085245609283447,1.1103708744049072,1.1082788705825806,1.1086474657058716,0,1.1058929824191068,1.1063085079193116,62.13168922605137,0.0009057340041339545,0.0019707168851579937
2024-09-13 17:00:00+01:00,1.1086474657058716,1.1087703704833984,1.1079105138778687,1.1081559658050537,0,1.10610850464634,1.1063795042037965,59.6250179161188,0.0007822244646637104,0.001910064901624407
2024-09-13 21:00:00+01:00,1.108033299446106,1.1081559658050537,1.1076650619506836,1.1079105138778687,0,1.1062801245731522,1.1064480304718018,58.35877196767773,0.0006477857138132442,0.0016236986432756697
2024-09-15 21:00:00+01:00,1.1088933944702148,1.1092623472213745,1.1088933944702148,1.1090162992477417,0,1.1065407126373987,1.1065240240097045,62.24844802181664,0.0005983006193588838,0.0015987753868103027
2024-09-16 01:00:00+01:00,1.109139323234558,1.110864281654358,1.1090162992477417,1.1107407808303833,0,1.1069407191319687,1.1066247296333314,67.36773552827665,0.000642777020105748,0.0016787563051496232
2024-09-16 05:00:00+01:00,1.1106175184249878,1.1122233867645264,1.1098779439926147,1.1118524074554443,0,1.1074084989722996,1.106742777824402,70.17533615701153,0.0007032391487858838,0.0017943126814705984
2024-09-16 09:00:00+01:00,1.1117286682128906,1.1132138967514038,1.1117286682128906,1.1127183437347412,0,1.1079141984734846,1.106890368461609,72.18308231127767,0.0007532690891855955,0.0017876880509512766
2024-09-16 13:00:00+01:00,1.1128422021865845,1.1138337850570679,1.1119760274887085,1.1125946044921875,0,1.1083599514276468,1.1069766831398011,71.44296777557501,0.0007292620515627775,0.0017989873886108398
2024-09-16 17:00:00+01:00,1.1127183437347412,1.1133378744125366,1.1119760274887085,1.1132138967514038,0,1.1088222319346712,1.107077841758728,72.9384754695165,0.0007058649578879483,0.0016528197697230748
2024-09-16 21:00:00+01:00,1.1132138967514038,1.113709807395935,1.1127183437347412,1.1132138967514038,0,1.109240485726741,1.1071765422821045,72.9384754695165,0.0006429460853510801,0.0014791233198983328
2024-09-17 01:00:00+01:00,1.1132138967514038,1.1134617328643799,1.1125946044921875,1.1127183437347412,0,1.1095717102989315,1.1072702431678771,69.55793529344629,0.0005254635987497103,0.0014709574835641043
2024-09-17 05:00:00+01:00,1.1127183437347412,1.1139578819274902,1.1119760274887085,1.1139578819274902,0,1.109989440930223,1.1073690748214722,72.93674630388738,0.0004894721516675834,0.0015334912708827428
2024-09-17 09:00:00+01:00,1.1139578819274902,1.114951491355896,1.1133378744125366,1.1140819787979126,0,1.1103792064414313,1.1074556183815003,73.25677518343554,0.00043414397518126485,0.0014995166233607701
2024-09-17 13:00:00+01:00,1.1142061948776245,1.1145787239074707,1.1114816665649414,1.1119760274887085,0,1.11053128463641,1.1074975800514222,60.23844962553369,0.0002262903387930653,0.001588855470929827
2024-09-17 17:00:00+01:00,1.1119760274887085,1.1125946044921875,1.1114816665649414,1.1118524074554443,0,1.1106571058572705,1.1075222778320313,59.56925154231741,5.972471961665916e-05,0.0015189221927097865
2024-09-17 21:00:00+01:00,1.1119760274887085,1.1127183437347412,1.1114816665649414,1.1125946044921875,0,1.1108416295367864,1.1075470089912414,62.27870991648709,-1.7112427275308784e-05,0.0015458379473005021
2024-09-18 01:00:00+01:00,1.1124708652496338,1.1133378744125366,1.1124708652496338,1.1129660606384277,0,1.1110439563083714,1.107569282054901,63.593693523877164,-5.730239069174671e-05,0.001572702612195696
2024-09-18 05:00:00+01:00,1.1129660606384277,1.1133378744125366,1.1119760274887085,1.1132138967514038,0,1.111250617302946,1.1075965118408204,64.48332037608952,-8.017432317078562e-05,0.0015734178679330008
2024-09-18 09:00:00+01:00,1.1134617328643799,1.1143302917480469,1.1125946044921875,1.1125946044921875,0,1.1113786160828736,1.1076261806488037,60.504668903040425,-0.00014614803831325537,0.001565396785736084
2024-09-18 13:00:00+01:00,1.1127183437347412,1.1143302917480469,1.1112345457077026,1.1118524074554443,0,1.1114237390707375,1.1076853609085082,56.04185045578644,-0.00024318905947629085,0.0016189898763384139
2024-09-18 17:00:00+01:00,1.1118524074554443,1.11906898021698,1.1100010871887207,1.1107407808303833,0,1.111358695428799,1.107717390060425,50.083336120820306,-0.00037763727171000834,0.0021606087684631348
2024-09-18 21:00:00+01:00,1.110864281654358,1.1127183437347412,1.110864281654358,1.1117286682128906,0,1.1113939309320457,1.1077740955352784,54.693527490188124,-0.0003936367983130404,0.00216916629246303
2024-09-19 01:00:00+01:00,1.1117286682128906,1.1122233867645264,1.107419729232788,1.1119760274887085,0,1.111449368699347,1.1078332901000976,55.794447263677746,-0.0003809178577449978,0.0024150099073137555
2024-09-19 05:00:00+01:00,1.1122233867645264,1.1154489517211914,1.1118524074554443,1.1148271560668945,0,1.1117710627343516,1.107964255809784,66.03820581915006,-0.00018383082335786936,0.0026010870933532715
2024-09-19 09:00:00+01:00,1.114951491355896,1.1181930303573608,1.114951491355896,1.116071343421936,0,1.1121806132760264,1.1081617879867554,69.37349580555978,1.6350685296069502e-05,0.002779568944658552
2024-09-19 13:00:00+01:00,1.116071343421936,1.116071343421936,1.1120996475219727,1.114951491355896,0,1.1124445064264903,1.108366253376007,63.34365750709939,5.707316545724528e-05,0.0029217004776000977
2024-09-19 17:00:00+01:00,1.1150758266448975,1.1170687675476074,1.114951491355896,1.1166945695877075,0,1.1128492743466063,1.1086104607582092,68.00522572280653,0.00017829051808588474,0.0029576761381966727
2024-09-19 21:00:00+01:00,1.1165698766708374,1.1166945695877075,1.1161960363388062,1.1163206100463867,0,1.1131798777465856,1.1088545060157775,66.06415559880242,0.00020809531835533379,0.0027720672743661062
2024-09-20 01:00:00+01:00,1.1163206100463867,1.117193579673767,1.116071343421936,1.1168192625045776,0,1.1135264858187752,1.1091133999824523,67.4003507615936,0.00023425585278531464,0.002772731440407889
2024-09-20 05:00:00+01:00,1.1169440746307373,1.1184431314468384,1.1163206100463867,1.1165698766708374,0,1.1138163325665906,1.1093624305725098,66.00070444608488,0.00020848888083447648,0.0028360060283115934
2024-09-20 09:00:00+01:00,1.1166945695877075,1.117193579673767,1.1156978607177734,1.1164453029632568,0,1.1140667106996063,1.1096114063262938,65.2715502658695,0.0001590155311099364,0.002880913870675223
2024-09-20 13:00:00+01:00,1.1168192625045776,1.1179429292678833,1.1139578819274902,1.1161960363388062,0,1.1142695036176253,1.1098700141906739,63.753803472134656,8.89569185989513e-05,0.0030682853290012906
2024-09-20 17:00:00+01:00,1.1166945695877075,1.117817997932434,1.116071343421936,1.1165698766708374,0,1.1144885867655503,1.1101433992385865,65.06580063321165,4.92309298698616e-05,0.0030690687043326242
2024-09-20 21:00:00+01:00,1.1164453029632568,1.1166945695877075,1.115946888923645,1.1165698766708374,0,1.114686804851768,1.1104143500328063,65.06580063321164,6.629520181535616e-06,0.0029013497488839285
2024-09-22 21:00:00+01:00,1.1165698766708374,1.1166945695877075,1.1163206100463867,1.1163206100463867,0,1.1148424053464936,1.1106924772262574,63.29413695165311,-5.1463635024225334e-05,0.0022803544998168945
2024-09-23 01:00:00+01:00,1.1161960363388062,1.1168192625045776,1.115946888923645,1.1164453029632568,0,1.1149950622623757,1.110939016342163,63.82477944745172,-9.223885668156718e-05,0.0022014124052865164
2024-09-23 05:00:00+01:00,1.1164453029632568,1.1170687675476074,1.1101243495941162,1.1104941368103027,0,1.1145664026955115,1.1110592150688172,36.61695602794681,-0.0005075589291067548,0.0023543238639831543
2024-09-23 09:00:00+01:00,1.1104941368103027,1.1128422021865845,1.1087703704833984,1.1122233867645264,0,1.1143432583211321,1.1112091183662414,44.07690803552915,-0.0006445616507977812,0.002388272966657366
2024-09-23 13:00:00+01:00,1.1124708652496338,1.1145787239074707,1.1112345457077026,1.1133378744125366,0,1.1142475074726945,1.1114445924758911,48.30022578482395,-0.0006377021476963306,0.002386723245893206
2024-09-23 17:00:00+01:00,1.1132138967514038,1.1132138967514038,1.111605167388916,1.1117286682128906,0,1.1140076180193799,1.1116381692886352,43.22433756688513,-0.0007133985017801264,0.0022267954690115793
2024-09-23 21:00:00+01:00,1.1117286682128906,1.1118524074554443,1.1111111640930176,1.1113580465316772,0,1.1137552778776938,1.1118388986587524,42.126293065920954,-0.0007562015899135673,0.00212850740977696
2024-09-24 01:00:00+01:00,1.1113580465316772,1.111605167388916,1.1106175184249878,1.111605167388916,0,1.113550505450191,1.1120372915267944,43.16307033707899,-0.0007349975855566127,0.0021634442465645926
2024-09-24 05:00:00+01:00,1.111605167388916,1.1134617328643799,1.110864281654358,1.1132138967514038,0,1.1135184474788782,1.112279989719391,49.50486238813523,-0.0005862168425851478,0.0022688167435782297
2024-09-24 09:00:00+01:00,1.113089919090271,1.114951491355896,1.1125946044921875,1.1132138967514038,0,1.1134894426476902,1.1125105571746827,49.50486238813522,-0.0004666020466826347,0.002285557133810861
2024-09-24 13:00:00+01:00,1.1133378744125366,1.1165698766708374,1.1133378744125366,1.1153244972229004,0,1.1136642097500913,1.1127298021316527,56.833462302034754,-0.00023578123482814284,0.0024184329169137137
2024-09-24 17:00:00+01:00,1.1153244972229004,1.1179429292678833,1.1153244972229004,1.1179429292678833,0,1.1140717068470238,1.1129427194595336,63.844276660929,8.558736279625032e-05,0.0023208175386701313
2024-09-24 21:00:00+01:00,1.1181930303573608,1.119444727897644,1.117817997932434,1.1193194389343262,0,1.1145714908553384,1.113165988922119,66.88879682696758,0.0003674112296616301,0.002312251499720982
2024-09-25 01:00:00+01:00,1.1193194389343262,1.1201971769332886,1.118943691253662,1.1201971769332886,0,1.1151072704818097,1.1133896064758302,68.69877545409233,0.0005770077054939997,0.0023483804294041227
2024-09-25 05:00:00+01:00,1.1200717687606812,1.1201971769332886,1.118943691253662,1.1195701360702515,0,1.1155323052997566,1.113588376045227,65.92626873124479,0.0006329994694865494,0.0024112037249973844
2024-09-25 09:00:00+01:00,1.119444727897644,1.1199462413787842,1.1181930303573608,1.1199462413787842,0,1.115952680164426,1.1138118934631347,66.79196412045164,0.0006523553064287926,0.002474120685032436
2024-09-25 13:00:00+01:00,1.1198208332061768,1.1215791702270508,1.1145787239074707,1.1147029399871826,0,1.1158336572904026,1.113933002948761,48.34954633016475,0.00028762953175005563,0.0024781227111816406
2024-09-25 17:00:00+01:00,1.1145787239074707,1.1150758266448975,1.1125946044921875,1.1128422021865845,0,1.1155487568043247,1.1140267276763915,43.73443479542133,-8.349988819785978e-05,0.0023645077432904926
2024-09-25 21:00:00+01:00,1.1129660606384277,1.1138337850570679,1.1128422021865845,1.1133378744125366,0,1.1153381965765354,1.114135274887085,45.234099326466186,-0.00028861687545862216,0.002196465219770159
2024-09-26 01:00:00+01:00,1.1132138967514038,1.1148271560668945,1.1132138967514038,1.1144545078277588,0,1.1152540357433185,1.1142440390586854,48.560315341789824,-0.00033864180603343074,0.0021879332406180246
2024-09-26 05:00:00+01:00,1.1143302917480469,1.116071343421936,1.113709807395935,1.1138337850570679,0,1.1151187737731993,1.114305899143219,46.85665414921349,-0.0003989378304149993,0.0023036684308733258
2024-09-26 09:00:00+01:00,1.1134617328643799,1.1163206100463867,1.1129660606384277,1.1158223152160645,0,1.115185777720139,1.1143852972984314,52.5945091397997,-0.00029508507388360263,0.0024727327483040945
2024-09-26 13:00:00+01:00,1.1158223152160645,1.1191942691802979,1.1129660606384277,1.1188185214996338,0,1.115531753318186,1.1145073008537292,59.661639873704026,-2.8811079943975707e-05,0.002732072557721819
2024-09-26 17:00:00+01:00,1.1185681819915771,1.1186933517456055,1.1170687675476074,1.1181930303573608,0,1.115785208274298,1.1146192693710326,57.726881602626186,9.424427372891296e-05,0.0026887059211730957
2024-09-26 21:00:00+01:00,1.118067979812622,1.1186933517456055,1.1175681352615356,1.1179429292678833,0,1.1159907055117824,1.1147138500213623,56.931883340236794,0.00014482390773592883,0.002529365675789969
2024-09-27 01:00:00+01:00,1.1179429292678833,1.1179429292678833,1.1165698766708374,1.117193579673767,0,1.1161052649557808,1.1147934436798095,54.50965494534161,0.00011513474054021121,0.002440410000937326
2024-09-27 05:00:00+01:00,1.117193579673767,1.117817997932434,1.1128422021865845,1.1135857105255127,0,1.1158653073909932,1.114810791015625,44.6579888084774,-0.0001459954562663602,0.002679628985268729
2024-09-27 09:00:00+01:00,1.1134617328643799,1.1174432039260864,1.1129660606384277,1.1164453029632568,0,1.115920545064542,1.1148605394363402,52.0544296392218,-0.00012542848783584856,0.002909890242985317
2024-09-27 13:00:00+01:00,1.1165698766708374,1.1205737590789795,1.1156978607177734,1.116071343421936,0,1.1159349068128652,1.114900326728821,51.09274593813949,-0.000135449204327673,0.0031686340059552875
2024-09-27 17:00:00+01:00,1.116071343421936,1.1170687675476074,1.114951491355896,1.1166945695877075,0,1.1160072556485645,1.1149946975708007,52.66233911109877,-0.00010016960827576656,0.003194638660975865
2024-09-27 21:00:00+01:00,1.1165698766708374,1.1170687675476074,1.1161960363388062,1.1168192625045776,0,1.1160845896348515,1.1150940346717835,52.9874328290141,-6.993298913677236e-05,0.0027569447244916645
2024-09-29 21:00:00+01:00,1.1173185110092163,1.1174432039260864,1.117193579673767,1.117193579673767,0,1.1161902077337957,1.115186014175415,54.00851768992426,-2.835243572368168e-05,0.002624281815120152
2024-09-30 01:00:00+01:00,1.1173185110092163,1.1176930665969849,1.115946888923645,1.116071343421936,0,1.1161788873231424,1.1152481198310853,50.46932204866531,-7.728336756635532e-05,0.0026781814438956125
2024-09-30 05:00:00+01:00,1.1161960363388062,1.117817997932434,1.115946888923645,1.1175681352615356,0,1.1163111966506085,1.1153352046012879,54.730321866896105,-1.306370587133448e-05,0.002696599279131208
2024-09-30 09:00:00+01:00,1.117817997932434,1.1212018728256226,1.117817997932434,1.1200717687606812,0,1.1166693463753774,1.1154847478866576,60.804257310015146,0.00018299411235261334,0.002787470817565918
2024-09-30 13:00:00+01:00,1.1203227043151855,1.1203227043151855,1.1138337850570679,1.1147029399871826,0,1.1164820695765016,1.1155417585372924,46.42065891490718,-5.141137317302049e-05,0.0030113543782915387
2024-09-30 17:00:00+01:00,1.114951491355896,1.1166945695877075,1.1118524074554443,1.1135857105255127,0,1.1162062258573597,1.115598657131195,44.08365895985504,-0.00027189068265223086,0.002912351063319615
2024-09-30 21:00:00+01:00,1.1135857105255127,1.1145787239074707,1.1132138967514038,1.1139578819274902,0,1.115992097864039,1.115643241405487,45.075627299128236,-0.000376413667583026,0.0028848562921796527
2024-10-01 01:00:00+01:00,1.1139578819274902,1.1145787239074707,1.1132138967514038,1.1140819787979126,0,1.115810181762503,1.1156853604316712,45.42329861671245,-0.0004177518213158176,0.0029019713401794434
2024-10-01 05:00:00+01:00,1.1139578819274902,1.1147029399871826,1.1114816665649414,1.1118524074554443,0,1.1154332508761164,1.1156258654594422,40.46707594369277,-0.0005665733984657106,0.00303398711340768
2024-10-01 09:00:00+01:00,1.111605167388916,1.1123470067977905,1.1081559658050537,1.1087703704833984,0,1.1147986908387149,1.1154798460006714,34.812405172101165,-0.0008280730597065061,0.002977933202471052
2024-10-01 13:00:00+01:00,1.1088933944702148,1.109139323234558,1.1063170433044434,1.1069294214248657,0,1.1140492366088244,1.1153194046020507,31.941314578751943,-0.001065398239530738,0.002859728676932199
2024-10-01 17:00:00+01:00,1.1071745157241821,1.108033299446106,1.1049723625183105,1.107051968574524,0,1.1133828301293671,1.115126552581787,32.3413352333141,-0.0011473963456354876,0.0027300885745457242
2024-10-01 21:00:00+01:00,1.1069294214248657,1.1076650619506836,1.1066844463348389,1.1068068742752075,0,1.112756548619447,1.1149362778663636,31.937031192992094,-0.0011485868449309768,0.0026488985334123883
2024-10-02 01:00:00+01:00,1.1068068742752075,1.1076650619506836,1.1066844463348389,1.107419729232788,0,1.112248280106432,1.1147482872009278,34.15365002288148,-0.0010416961148372295,0.002656604562486921
2024-10-02 05:00:00+01:00,1.107419729232788,1.1076650619506836,1.1058276891708374,1.1069294214248657,0,1.111741722136759,1.1145554780960083,33.221480496294774,-0.0009406925870898844,0.0027432782309395926
2024-10-02 09:00:00+01:00,1.1069294214248657,1.1085245609283447,1.1065618991851807,1.1079105138778687,0,1.1113768451597217,1.1143847823143005,36.930853770513544,-0.0007526284596626083,0.0027587413787841797
2024-10-02 13:00:00+01:00,1.1079105138778687,1.1079105138778687,1.1036310195922852,1.1052166223526,0,1.1107901572733292,1.1141651940345765,31.720588442948426,-0.0007526685668809122,0.0029307688985552105
2024-10-02 17:00:00+01:00,1.1054610013961792,1.1057054996490479,1.1039965152740479,1.1050944328308105,0,1.1102477073264225,1.113935685157776,31.503484540766422,-0.0007047711638936889,0.0027932865279061453
2024-10-02 21:00:00+01:00,1.1053388118743896,1.1055831909179688,1.1047282218933105,1.1048502922058105,0,1.1097336677911263,1.1137012934684754,31.04626319314471,-0.0006355146376883325,0.0023908615112304688
2024-10-03 01:00:00+01:00,1.1048502922058105,1.1049723625183105,1.1036310195922852,1.1038745641708374,0,1.1091756579225274,1.1134523725509644,29.220956884932605,-0.000601740901361877,0.0021408029964991976
2024-10-03 05:00:00+01:00,1.1038745641708374,1.1046061515808105,1.1027790307998657,1.1035091876983643,0,1.1086359940916546,1.1131936502456665,28.544187683374773,-0.000551654865322237,0.002173823969704764
2024-10-03 09:00:00+01:00,1.1036310195922852,1.1049723625183105,1.103265643119812,1.1046061515808105,0,1.1082521995668122,1.1130758905410767,33.522234746267685,-0.0003993897104328688,0.002198244844164167
2024-10-03 13:00:00+01:00,1.1046061515808105,1.1048502922058105,1.1012003421783447,1.1019283533096313,0,1.1076499284947,1.1128699898719787,28.333192956343467,-0.0004310488665860172,0.0022288646016802105
2024-10-03 17:00:00+01:00,1.1018069982528687,1.1038745641708374,1.1018069982528687,1.1031439304351807,0,1.1072207858223646,1.1126661109924316,33.37494120558961,-0.00032688002267122936,0.002077187810625349
2024-10-03 21:00:00+01:00,1.1031439304351807,1.1039965152740479,1.1029006242752075,1.1038745641708374,0,1.1069020980460287,1.1125090289115906,36.276712363343954,-0.00017324045120243985,0.001953874315534319
2024-10-04 01:00:00+01:00,1.1037527322769165,1.1042402982711792,1.1029006242752075,1.1030223369598389,0,1.1065325969902011,1.1123423147201539,34.394967180700846,-9.726726405624286e-05,0.0018309269632611955
2024-10-04 05:00:00+01:00,1.1030223369598389,1.1038745641708374,1.1027790307998657,1.1029006242752075,0,1.1061866948268684,1.1121682238578796,34.12273351303362,-2.711507973796783e-05,0.0018391353743416922
2024-10-04 09:00:00+01:00,1.1030223369598389,1.1038745641708374,1.1024142503738403,1.1035091876983643,0,1.1059316941479633,1.1119741296768189,36.81558017734682,8.237743524883113e-05,0.0018733995301382883
2024-10-04 13:00:00+01:00,1.1035091876983643,1.1035091876983643,1.0958904027938843,1.0962508916854858,0,1.1050097129610608,1.1116348695755005,24.14078489001001,-0.0002914444168415687,0.0022863575390407015
2024-10-04 17:00:00+01:00,1.0963709354400635,1.098056435585022,1.0954102277755737,1.0979359149932861,0,1.1043360179165107,1.1112870979309082,30.15272559355894,-0.0003771959850624104,0.0023351822580610004
2024-10-04 21:00:00+01:00,1.0979359149932861,1.098056435585022,1.0972130298614502,1.0972130298614502,0,1.103657638101743,1.1108724999427795,29.0876911410854,-0.0004307028266544886,0.002089747360774449
2024-10-06 21:00:00+01:00,1.0973334312438965,1.0974539518356323,1.0970927476882935,1.0974539518356323,0,1.103066810838304,1.1104351902008056,29.97541810244398,-0.0003987048044863735,0.0019934773445129395
2024-10-07 01:00:00+01:00,1.0973334312438965,1.098056435585022,1.0972130298614502,1.0975743532180786,0,1.1025437196363777,1.1099827337265014,30.444049966561494,-0.00032157399312169894,0.0019926513944353375
2024-10-07 05:00:00+01:00,1.0974539518356323,1.0976948738098145,1.0962508916854858,1.0972130298614502,0,1.1020360348959084,1.1095355916023255,29.799524807206623,-0.00025020776371319263,0.0019999827657427105
2024-10-07 09:00:00+01:00,1.0972130298614502,1.0982975959777832,1.0958904027938843,1.098056435585022,0,1.1016570254377287,1.1090977954864503,33.346712855356714,-0.00010874252873235282,0.002041416508810861
2024-10-07 13:00:00+01:00,1.0981770753860474,1.0987803936004639,1.0973334312438965,1.0978153944015503,0,1.1012911558152356,1.1087600445747376,32.83604977997298,2.845415978660823e-07,0.002022862434387207
2024-10-07 17:00:00+01:00,1.0979359149932861,1.0990219116210938,1.0968520641326904,1.0975743532180786,0,1.1009371746155063,1.1084546875953674,32.30331240388247,8.326397104314529e-05,0.0019171408244541713
2024-10-07 21:00:00+01:00,1.0975743532180786,1.0981770753860474,1.0974539518356323,1.0976948738098145,0,1.1006283840625832,1.108141827583313,32.88959474182471,0.00016845157738694947,0.0018211092267717635
2024-10-08 01:00:00+01:00,1.0978153944015503,1.0989010334014893,1.0975743532180786,1.098659634590149,0,1.1004408841128275,1.107825930118561,37.5519098346018,0.00030405105245898036,0.0018375941685267857
2024-10-08 05:00:00+01:00,1.0987803936004639,1.0997470617294312,1.0981770753860474,1.0997470617294312,0,1.1003748057905993,1.107544195652008,42.40854026817296,0.0004712746482643964,0.0018540450504847936
2024-10-08 09:00:00+01:00,1.0996261835098267,1.0999890565872192,1.0981770753860474,1.0990219116210938,0,1.100245958726837,1.1072081875801087,40.165282629748035,0.0005328049173838239,0.0019052198954990932
2024-10-08 13:00:00+01:00,1.0992635488510132,1.0992635488510132,1.096611499786377,1.0973334312438965,0,1.0999685751570332,1.1067784857749938,35.461610213125496,0.0004621712811495298,0.0019903438431876047
2024-10-08 17:00:00+01:00,1.0972130298614502,1.0981770753860474,1.0968520641326904,1.098056435585022,0,1.0997864666263655,1.1063757538795471,38.76829042350055,0.00046524454062601885,0.0015407885823931014
2024-10-08 21:00:00+01:00,1.098056435585022,1.098538875579834,1.0978153944015503,1.0978153944015503,0,1.0995987454620975,1.1059732031822205,38.06801429240587,0.0004517712294430424,0.0014034509658813477
2024-10-09 01:00:00+01:00,1.0978153944015503,1.0981770753860474,1.0970927476882935,1.0970927476882935,0,1.0993600790074494,1.105571186542511,35.97025499691111,0.0003968685237583352,0.0014206596783229283
2024-10-09 05:00:00+01:00,1.0970927476882935,1.0979359149932861,1.0955302715301514,1.0963709354400635,0,1.0990753986676984,1.105226891040802,33.95739882011952,0.0003180254767398902,0.0015666910580226354
2024-10-09 09:00:00+01:00,1.0962508916854858,1.0973334312438965,1.0957703590393066,1.0957703590393066,0,1.098760632988804,1.104813392162323,32.33602001305972,0.00023532231454696535,0.001618095806666783
2024-10-09 13:00:00+01:00,1.0958904027938843,1.0961307287216187,1.0944511890411377,1.0952903032302856,0,1.0984301253927546,1.10439777135849,31.05942925086009,0.00016169013881869084,0.0016349213463919504
2024-10-09 17:00:00+01:00,1.095170259475708,1.0952903032302856,1.0939722061157227,1.0942115783691406,0,1.0980283590095534,1.1039481115341188,28.350888076818904,5.9029217156297224e-05,0.001557128770010812
2024-10-09 21:00:00+01:00,1.0940918922424316,1.0945708751678467,1.0939722061157227,1.0944511890411377,0,1.0976876761554186,1.10350075006485,29.814974078463052,2.7553849401597708e-05,0.0014965363911220006
2024-10-10 01:00:00+01:00,1.0944511890411377,1.0949305295944214,1.0942115783691406,1.0946906805038452,0,1.0974022479981258,1.1030506920814513,31.325471627026644,4.227579007659056e-05,0.0013929009437561035
2024-10-10 05:00:00+01:00,1.0946906805038452,1.0948106050491333,1.0936132669448853,1.0939722061157227,0,1.0970755773426588,1.1026087093353272,29.288966334565472,2.395006253368007e-05,0.0014267734118870326
2024-10-10 09:00:00+01:00,1.0939722061157227,1.0942115783691406,1.0930156707763672,1.0934937000274658,0,1.0967344461697832,1.1021272206306458,27.984116930318805,1.1309909615387498e-06,0.0014174325125558035
2024-10-10 13:00:00+01:00,1.0933741331100464,1.0952903032302856,1.0918222665786743,1.0927767753601074,0,1.0963575251402902,1.1015813207626344,26.107432505497698,-3.852610264517414e-05,0.0015530075345720565
2024-10-10 17:00:00+01:00,1.0928961038589478,1.0937328338623047,1.0903936624526978,1.0937328338623047,0,1.0961075545423868,1.1011619186401367,32.598891388337535,2.0195634389203257e-05,0.0016620925494602748
2024-10-10 21:00:00+01:00,1.0938525199890137,1.0940918922424316,1.0933741331100464,1.0936132669448853,0,1.0958700033426247,1.100762469768524,32.21769630961404,6.881109470735112e-05,0.0015239289828709193
2024-10-11 01:00:00+01:00,1.0937328338623047,1.0943313837051392,1.0932546854019165,1.0943313837051392,0,1.0957234681390546,1.1003699398040772,36.98381930405879,0.00016184581473108455,0.0015061923435756139
2024-10-11 05:00:00+01:00,1.0942115783691406,1.0948106050491333,1.0936132669448853,1.0948106050491333,0,1.0956365287971574,1.0999845123291017,40.0150367444013,0.0002622300057260295,0.001540039266858782
2024-10-11 09:00:00+01:00,1.0949305295944214,1.095650315284729,1.0930156707763672,1.0934937000274658,0,1.0954324498667107,1.099617338180542,35.028595341922355,0.0002467361337689963,0.0016507761819022043
2024-10-11 13:00:00+01:00,1.0936132669448853,1.0955302715301514,1.0928961038589478,1.0944511890411377,0,1.0953389964547513,1.0993309545516967,40.80450250115719,0.00030400850363283827,0.0016670993396214076
2024-10-11 17:00:00+01:00,1.0944511890411377,1.09505033493042,1.0936132669448853,1.0936132669448853,0,1.0951746412633354,1.099064631462097,37.65008994592021,0.0002886151923857329,0.0016580990382603236
2024-10-11 21:00:00+01:00,1.0937328338623047,1.0940918922424316,1.0934937000274658,1.0940918922424316,0,1.0950715223089635,1.0988054299354553,40.480481404832744,0.0003118445493709835,0.001580859933580671
2024-10-13 21:00:00+01:00,1.0930156707763672,1.093135118484497,1.0925379991531372,1.0926573276519775,0,1.0948415990082982,1.0985224390029906,35.30702348360829,0.00023525805938179236,0.0015977025032043457
2024-10-14 01:00:00+01:00,1.0927767753601074,1.0932546854019165,1.091941475868225,1.0928961038589478,0,1.0946563137559793,1.098231966495514,36.755833211332224,0.00020637622037891139,0.0016487411090305873
2024-10-14 05:00:00+01:00,1.0928961038589478,1.0933741331100464,1.0925379991531372,1.093135118484497,0,1.094511438015838,1.0979560804367066,38.246678752900756,0.00020845360831184875,0.001657111304146903
2024-10-14 09:00:00+01:00,1.093135118484497,1.0939722061157227,1.0913456678390503,1.0917030572891235,0,1.0942439731847224,1.0976319313049316,33.19731237314524,0.00012270747690768468,0.0017591970307486398
2024-10-14 13:00:00+01:00,1.0914647579193115,1.0928961038589478,1.090869426727295,1.090869426727295,0,1.0939225878078247,1.0973449873924255,30.659794390759416,2.432098873282173e-05,0.001818537712097168
2024-10-14 17:00:00+01:00,1.0909883975982666,1.0911074876785278,1.0893245935440063,1.090869426727295,0,1.09363181056206,1.0970604872703553,30.659794390759416,-2.3685725405467968e-05,0.0016981703894478934
2024-10-14 21:00:00+01:00,1.0906314849853516,1.0915838479995728,1.0906314849853516,1.091226577758789,0,1.0934027407712723,1.0967880129814147,33.19696709986809,-1.4752252894123866e-05,0.001527684075491769
2024-10-15 01:00:00+01:00,1.091226577758789,1.091226577758789,1.0899182558059692,1.0899182558059692,0,1.093070885060291,1.0965088868141175,29.009490352103,-7.685105353851386e-05,0.0015698671340942383
2024-10-15 05:00:00+01:00,1.0899182558059692,1.0900371074676514,1.0888501405715942,1.0900371074676514,0,1.092781953860992,1.0962394452095032,29.874862747568997,-8.896214009369895e-05,0.0015777434621538436
2024-10-15 09:00:00+01:00,1.090274691581726,1.091941475868225,1.0900371074676514,1.090274691581726,0,1.0925431669772523,1.0959528160095215,31.66804090244547,-6.132702226741048e-05,0.0016282456261771066
2024-10-15 13:00:00+01:00,1.0905125141143799,1.091941475868225,1.0901559591293335,1.090274691581726,0,1.0923271217014878,1.0957197427749634,31.66804090244547,-2.525071851953195e-05,0.0015675936426435197
2024-10-15 17:00:00+01:00,1.0901559591293335,1.0905125141143799,1.0884946584701538,1.0889687538146973,0,1.0920072771408411,1.0954362392425536,27.229292558529536,-6.90591683123287e-05,0.001523571355002267
2024-10-15 21:00:00+01:00,1.0889687538146973,1.0899182558059692,1.0886130332946777,1.0886130332946777,0,1.091684015822159,1.0951310086250305,26.153947856235945,-9.984327803474699e-05,0.0015141538211277553
2024-10-16 01:00:00+01:00,1.0886130332946777,1.0897995233535767,1.0884946584701538,1.0894432067871094,0,1.0914706054378687,1.0948594260215758,32.821777244635896,-4.494168138715346e-05,0.0015646304403032576
2024-10-16 05:00:00+01:00,1.0894432067871094,1.089561939239502,1.087902545928955,1.0884946584701538,0,1.091187181917134,1.0945713067054748,29.539769663936625,-5.262341568574181e-05,0.0015721661703927176
2024-10-16 09:00:00+01:00,1.0884946584701538,1.0900371074676514,1.088139295578003,1.0897995233535767,0,1.0910550239587,1.094297113418579,38.63090228635211,4.4799025297544755e-05,0.0016139234815325057
2024-10-16 13:00:00+01:00,1.089680790901184,1.090274691581726,1.08695650100708,1.0875475406646729,0,1.0907209779306974,1.0941230463981628,31.158854987110033,-2.4100126859923163e-05,0.0017912132399422781
2024-10-16 17:00:00+01:00,1.0875475406646729,1.088020920753479,1.0856584310531616,1.086130142211914,0,1.0902837554812894,1.0938869309425354,27.547291489337,-0.0001403184787330024,0.001772352627345494
2024-10-16 21:00:00+01:00,1.0860122442245483,1.0874292850494385,1.085894227027893,1.086130142211914,0,1.0898881732651584,1.0936652731895447,27.547291489337,-0.00018932835806515836,0.0017372369766235352
2024-10-17 01:00:00+01:00,1.086130142211914,1.0868383646011353,1.0854227542877197,1.0856584310531616,0,1.0894853406735396,1.0934293627738954,26.367679342668538,-0.0002233160765166733,0.0017110024179731096
2024-10-17 05:00:00+01:00,1.0856584310531616,1.086130142211914,1.0851871967315674,1.0857763290405273,0,1.0891321014703956,1.0931934022903442,27.206688560825967,-0.00020797004241123514,0.001710329736982073
2024-10-17 09:00:00+01:00,1.0857763290405273,1.087074637413025,1.0853049755096436,1.0866022109985352,0,1.0888911595206947,1.092981185913086,32.96867606565546,-0.00011685114360124229,0.0017432825905936106
2024-10-17 13:00:00+01:00,1.0866022109985352,1.087074637413025,1.081548810005188,1.0838934183120728,0,1.0884151841674925,1.092697925567627,25.765009330455513,-0.00020832423517400589,0.002053201198577881
2024-10-17 17:00:00+01:00,1.0840108394622803,1.0840108394622803,1.08236825466156,1.0830715894699097,0,1.0879062703867703,1.0924030494689942,24.048189264642332,-0.0002885508409883812,0.0020345023700169156
2024-10-17 21:00:00+01:00,1.0830715894699097,1.0837758779525757,1.0828369855880737,1.0831888914108276,0,1.0874569961985854,1.0921153402328492,24.81823320350685,-0.0002969319578351058,0.0019740292004176547
2024-10-18 01:00:00+01:00,1.0831888914108276,1.0842459201812744,1.0830715894699097,1.0841283798217773,0,1.0871399851150798,1.0918440103530884,30.864014657094955,-0.0002066955743463294,0.0019137774194989885
2024-10-18 05:00:00+01:00,1.0842459201812744,1.0850694179534912,1.0840108394622803,1.0845986604690552,0,1.0868979541964108,1.0915627908706664,33.73654329695931,-8.885063481494249e-05,0.0018961599894932338
2024-10-18 09:00:00+01:00,1.084481120109558,1.0854227542877197,1.0837758779525757,1.0850694179534912,0,1.0867238078875614,1.0912692379951476,36.57727312073912,4.0354125520244196e-05,0.0019205893789018904
2024-10-18 13:00:00+01:00,1.0851871967315674,1.0866022109985352,1.0850694179534912,1.0856584310531616,0,1.0866223434271423,1.091001968383789,40.04084157355375,0.00017736069630413338,0.0019115465027945383
2024-10-18 17:00:00+01:00,1.0856584310531616,1.087074637413025,1.0855406522750854,1.08672034740448,0,1.0866316771392697,1.0907897067070007,45.78885151410355,0.0003418505197266106,0.001885558877672468
2024-10-18 21:00:00+01:00,1.0866022109985352,1.087311029434204,1.0866022109985352,1.08695650100708,0,1.0866626127457277,1.090567708015442,47.00554549250308,0.0004614660891390041,0.0016991751534598215
2024-10-20 21:00:00+01:00,1.0871928930282593,1.087311029434204,1.0868383646011353,1.087074637413025,0,1.0867018531902322,1.0903528928756714,47.638652941943306,0.0005381015433498851,0.001564187662942069
2024-10-21 01:00:00+01:00,1.0871928930282593,1.0871928930282593,1.08672034740448,1.08695650100708,0,1.0867261053632653,1.090150167942047,47.033536001516616,0.0005674757157292432,0.0014882939202444895
2024-10-21 05:00:00+01:00,1.08695650100708,1.08695650100708,1.0849517583847046,1.0850694179534912,0,1.0865683256099534,1.0899241375923157,38.599212942932006,0.000451504155189757,0.0015303747994559152
2024-10-21 09:00:00+01:00,1.0850694179534912,1.086130142211914,1.0848339796066284,1.085894227027893,0,1.0865041257449952,1.0897266149520874,43.37858072464731,0.00042254967674303524,0.0015556045940944127
2024-10-21 13:00:00+01:00,1.085894227027893,1.086130142211914,1.08236825466156,1.08236825466156,0,1.0861102332608585,1.0894681739807128,31.93477393117074,0.00017103387764113936,0.001697906426021031
2024-10-21 17:00:00+01:00,1.08236825466156,1.082602620124817,1.0814317464828491,1.0817828178405762,0,1.0856980984589268,1.0892195987701416,30.496217294959365,-1.952588364588937e-05,0.001386838299887521
2024-10-21 21:00:00+01:00,1.0818997621536255,1.0821340084075928,1.0814317464828491,1.0818997621536255,0,1.0853363521441364,1.0889685702323915,31.163280583423813,-0.00011702129725156595,0.0013196723801749094
2024-10-22 01:00:00+01:00,1.0817828178405762,1.08236825466156,1.0816657543182373,1.0821340084075928,0,1.0850313670263703,1.0887174367904664,32.55951240219157,-0.00014332225896353007,0.0013027872358049666
2024-10-22 05:00:00+01:00,1.0822510719299316,1.0840108394622803,1.0821340084075928,1.0837758779525757,0,1.0849117966383899,1.0885135102272034,41.51398610552688,-3.3463287233646225e-05,0.0013529658317565918
2024-10-22 09:00:00+01:00,1.0838934183120728,1.0838934183120728,1.0817828178405762,1.0818997621536255,0,1.0846249362112694,1.0882816314697266,35.683641690716826,-6.845423230466717e-05,0.0014281102589198522
2024-10-22 13:00:00+01:00,1.0820168256759644,1.0824854373931885,1.0803803205490112,1.0807305574417114,0,1.084254042995121,1.0880407071113587,32.60991633944934,-0.00014713058071280324,0.001460841723850795
2024-10-22 17:00:00+01:00,1.0807305574417114,1.0816657543182373,1.0796804428100586,1.0797970294952393,0,1.0838295655189418,1.0877619910240173,30.361192303442692,-0.00023368806847425547,0.0014931644712175643
2024-10-22 21:00:00+01:00,1.0796804428100586,1.0807305574417114,1.079563856124878,1.07991361618042,0,1.0834566179628922,1.087487998008728,31.001125731240208,-0.0002530993302502769,0.0014669299125671387
2024-10-23 01:00:00+01:00,1.07991361618042,1.0808473825454712,1.079563856124878,1.0804970264434814,0,1.0831747521039008,1.0872113108634949,34.2568225397677,-0.00019903861327337123,0.0015079804829188756
2024-10-23 05:00:00+01:00,1.0804970264434814,1.080964207649231,1.078399658203125,1.0786322355270386,0,1.082742131477533,1.086887743473053,29.470232105091156,-0.0002575458660886011,0.0016574008124215262
2024-10-23 09:00:00+01:00,1.078515887260437,1.0794472694396973,1.076658010482788,1.076658010482788,0,1.0821626913827953,1.0865510296821594,25.42059507747068,-0.00038993832594805765,0.0018228803362165178
2024-10-23 13:00:00+01:00,1.076658010482788,1.0788650512695312,1.0765421390533447,1.0781670808792114,0,1.0817821570491206,1.086225347518921,32.999525920513264,-0.0003385158449427813,0.001845606735774449
2024-10-23 17:00:00+01:00,1.0781670808792114,1.0789813995361328,1.0770059823989868,1.0788650512695312,0,1.0815043374510644,1.085930383205414,36.22753266442514,-0.00022556833294308347,0.001894124916621617
2024-10-23 21:00:00+01:00,1.0789813995361328,1.0789813995361328,1.0781670808792114,1.078283429145813,0,1.0811975842791357,1.0856142139434815,34.72611553750639,-0.00016112550769610112,0.0016835842813764299
2024-10-24 01:00:00+01:00,1.078283429145813,1.079214334487915,1.078283429145813,1.0789813995361328,0,1.0809865190655163,1.0853406953811646,38.04447489638115,-4.843483729076361e-05,0.0016664436885288783
2024-10-24 05:00:00+01:00,1.0789813995361328,1.0801469087600708,1.0773539543151855,1.0796804428100586,0,1.0808621308507107,1.0850763821601868,41.26504209113256,8.876807830492453e-05,0.0018157788685389928
2024-10-24 09:00:00+01:00,1.0800302028656006,1.080964207649231,1.079563856124878,1.0797970294952393,0,1.08076069262638,1.0848096203804016,41.80834571615207,0.0001967690515773863,0.0018656253814697266
2024-10-24 13:00:00+01:00,1.07991361618042,1.0813149213790894,1.0793308019638062,1.0808473825454712,0,1.0807689488091505,1.0845925068855287,46.60073663697245,0.00033994753515340006,0.001873288835797991
2024-10-24 17:00:00+01:00,1.0807305574417114,1.0831888914108276,1.0806137323379517,1.0830715894699097,0,1.080988247919699,1.0844365501403808,55.04389247558834,0.0005718067507036954,0.0019064715930393764
2024-10-24 21:00:00+01:00,1.0831888914108276,1.0836584568023682,1.082602620124817,1.082602620124817,0,1.0811419976535197,1.0842712140083313,53.1361761873683,0.0006739194067957928,0.0018315230097089494
2024-10-25 01:00:00+01:00,1.0827198028564453,1.0830715894699097,1.0822510719299316,1.0824854373931885,0,1.0812699442953928,1.0840963912010193,52.645192331525266,0.0007102707200485055,0.0017483234405517578
2024-10-25 05:00:00+01:00,1.0824854373931885,1.0829542875289917,1.0817828178405762,1.0829542875289917,0,1.081430357936688,1.0839571118354798,54.45837094323784,0.00073927889958576,0.001748664038521903
2024-10-25 09:00:00+01:00,1.0838934183120728,1.0838934183120728,1.08236825466156,1.0824854373931885,0,1.0815308416944498,1.0838060784339905,52.301732850744855,0.0007006370816169925,0.0017659238406590053
2024-10-25 13:00:00+01:00,1.0824854373931885,1.0842459201812744,1.0814317464828491,1.081548810005188,0,1.0815325529621391,1.0836315608024598,48.19556069872481,0.0005901698787046143,0.0017837541443961008
2024-10-25 17:00:00+01:00,1.0814317464828491,1.0814317464828491,1.079563856124878,1.0797970294952393,0,1.0813672650129105,1.08342200756073,41.61492679208791,0.00038710850488470647,0.0017263037817818777
2024-10-25 21:00:00+01:00,1.0797970294952393,1.080263614654541,1.0797970294952393,1.080263614654541,0,1.0812621554549704,1.0832479047775267,43.815389351925866,0.00027734432726424425,0.0015937089920043945
2024-10-28 00:00:00+00:00,1.07991361618042,1.0803803205490112,1.0786322355270386,1.0786322355270386,0,1.0810116868904054,1.083048288822174,38.37017919748591,9.729174094214195e-05,0.0015774709837777273
2024-10-28 04:00:00+00:00,1.0786322355270386,1.0808473825454712,1.078515887260437,1.0807305574417114,0,1.0809849126571964,1.0828740358352662,47.42125290849974,0.00012042145554862628,0.0016858407429286412
2024-10-28 08:00:00+00:00,1.0806137323379517,1.08236825466156,1.0804970264434814,1.0822510719299316,0,1.0811054992545999,1.0827491641044618,52.82755951043323,0.00023254061727392755,0.0017530066626412527
2024-10-28 12:00:00+00:00,1.0822510719299316,1.0829542875289917,1.0816657543182373,1.0821340084075928,0,1.0812034525072658,1.082595853805542,52.38099939934089,0.0002895227586572996,0.0016455480030604772
2024-10-28 16:00:00+00:00,1.0820168256759644,1.0828369855880737,1.0813149213790894,1.0817828178405762,0,1.0812586301580573,1.08248055934906,50.98849208251327,0.0002933576639025568,0.0016542417662484305
2024-10-28 20:00:00+00:00,1.0820168256759644,1.0820168256759644,1.0810810327529907,1.0818997621536255,0,1.0813196903481115,1.0823959517478943,51.45132267356982,0.0002928865320409518,0.0015793613025120326
2024-10-29 00:00:00+00:00,1.0818997621536255,1.0821340084075928,1.0808473825454712,1.0810810327529907,0,1.081296961053338,1.0822949695587158,48.03155501148791,0.0002293610988993442,0.001487323216029576
2024-10-29 04:00:00+00:00,1.0810810327529907,1.0817828178405762,1.0808473825454712,1.0813149213790894,0,1.0812986715605524,1.0822080993652343,49.07291826330341,0.0001962974224750223,0.0014787231172834123
2024-10-29 08:00:00+00:00,1.0813149213790894,1.0829542875289917,1.0800302028656006,1.080263614654541,0,1.0812000947123608,1.0820978450775147,44.733783117423506,0.00010159427121193322,0.0016289779118129186
2024-10-29 12:00:00+00:00,1.0800302028656006,1.0814317464828491,1.0772379636764526,1.0800302028656006,0,1.0810886764412408,1.0819664049148559,43.807616873900535,2.5185777098009473e-05,0.0018448574202401297
2024-10-29 16:00:00+00:00,1.080263614654541,1.0818997621536255,1.079563856124878,1.0816657543182373,0,1.08114363623905,1.0819218516349793,51.4005682496852,8.346494353717157e-05,0.0019027675901140486
2024-10-29 20:00:00+00:00,1.0816657543182373,1.0824854373931885,1.081548810005188,1.0822510719299316,0,1.0812491063048484,1.0819054412841798,53.806198812690376,0.00015589493239032235,0.0017686571393694197
2024-10-30 00:00:00+00:00,1.08236825466156,1.0828369855880737,1.0816657543182373,1.0816657543182373,0,1.0812887870680283,1.0818749785423278,51.083122211433306,0.00015833496166024554,0.0017105340957641602
2024-10-30 04:00:00+00:00,1.0816657543182373,1.0829542875289917,1.0816657543182373,1.0821340084075928,0,1.081369284338463,1.0818350911140442,53.12686491176299,0.00018365433704815423,0.00176924467086792
2024-10-30 08:00:00+00:00,1.0829542875289917,1.085894227027893,1.0824854373931885,1.0827198028564453,0,1.0814979051496996,1.081797513961792,55.624663985598794,0.00022906932560378887,0.001912968499319894
2024-10-30 12:00:00+00:00,1.0827198028564453,1.08695650100708,1.0813149213790894,1.08672034740448,0,1.081995280602536,1.0818305325508117,68.11922311081803,0.0005020984049533856,0.0021494030952453613
2024-10-30 16:00:00+00:00,1.0863661766052246,1.0874292850494385,1.0856584310531616,1.0863661766052246,0,1.0824115564123158,1.081844687461853,66.33839275018556,0.0006244268074120618,0.002142233507973807
2024-10-30 20:00:00+00:00,1.0862481594085693,1.0864840745925903,1.0856584310531616,1.086130142211914,0,1.082765707440849,1.0818328833580018,65.1166158531243,0.0006520022825945855,0.0021091699600219727
2024-10-31 00:00:00+00:00,1.086130142211914,1.0862481594085693,1.0847163200378418,1.0853049755096436,0,1.0830075424950198,1.081799852848053,60.894263849448535,0.000579659813928346,0.00210986818586077
2024-10-31 04:00:00+00:00,1.0851871967315674,1.0866022109985352,1.0848339796066284,1.0862481594085693,0,1.0833161726772627,1.081783323287964,63.78488915332135,0.0005600138677474842,0.0021693280764988492
2024-10-31 08:00:00+00:00,1.0863661766052246,1.0877841711044312,1.0854227542877197,1.087074637413025,0,1.0836741216997163,1.0817856860160828,66.14632809224995,0.0005657026714992028,0.0022460988589695524
2024-10-31 12:00:00+00:00,1.08695650100708,1.0890873670578003,1.0850694179534912,1.0857763290405273,0,1.0838743319226507,1.0817998242378235,59.57460420203686,0.00045008433569263375,0.0024662784167698453
2024-10-31 16:00:00+00:00,1.0857763290405273,1.088139295578003,1.0857763290405273,1.088020920753479,0,1.0842692451446343,1.0818423581123353,65.88508000186292,0.0004895677124831441,0.002426198550633022
2024-10-31 20:00:00+00:00,1.088139295578003,1.0889687538146973,1.088139295578003,1.0887316465377808,0,1.0846942357535054,1.0819696259498597,67.6092430072493,0.0005251924900331263,0.002194344997406006
2024-11-01 00:00:00+00:00,1.0887316465377808,1.0892059803009033,1.0877841711044312,1.087902545928955,0,1.0849997891035483,1.0820920205116271,63.572832105500254,0.0004570661196121098,0.002129052366529192
2024-11-01 04:00:00+00:00,1.087902545928955,1.0883761644363403,1.0871928930282593,1.0871928930282593,0,1.0852086561439969,1.08219788312912,60.256799520100806,0.00033406296408720524,0.002146669796534947
2024-11-01 08:00:00+00:00,1.08695650100708,1.0871928930282593,1.0855406522750854,1.087074637413025,0,1.0853863686458092,1.0822966957092286,59.69798539056676,0.00022009232754197344,0.002181027616773333
2024-11-01 12:00:00+00:00,1.087074637413025,1.0907504558563232,1.0850694179534912,1.0851871967315674,0,1.0853673998920719,1.0823249220848083,51.49026313007938,4.3507352773162165e-06,0.0024947779519217356
2024-11-01 16:00:00+00:00,1.0850694179534912,1.0857763290405273,1.0837758779525757,1.0837758779525757,0,1.0852158263740246,1.0823624444007873,46.35783779229656,-0.00023349431833642091,0.0023690802710396902
2024-11-01 20:00:00+00:00,1.0838934183120728,1.0843634605407715,1.0834236145019531,1.0843634605407715,0,1.0851346486756195,1.0824351024627685,48.652634287286915,-0.0003446277663394842,0.0020332421575273785
2024-11-04 00:00:00+00:00,1.0875475406646729,1.0907504558563232,1.087311029434204,1.0903936624526978,0,1.0856355071305792,1.0826470351219177,65.13643400004455,-2.239430909405874e-05,0.002362966537475586
2024-11-04 04:00:00+00:00,1.0903936624526978,1.0905125141143799,1.0890873670578003,1.0893245935440063,0,1.0859868486937627,1.0828352546691895,61.37470824576543,0.00010156528093428416,0.0024057882172720773
2024-11-04 08:00:00+00:00,1.0893245935440063,1.0917030572891235,1.0892059803009033,1.0917030572891235,0,1.0865312495123685,1.0830593752861022,66.06961963448765,0.000314534477732739,0.002474733761378697
2024-11-04 12:00:00+00:00,1.0915838479995728,1.0917030572891235,1.089680790901184,1.0901559591293335,0,1.0868764599520793,1.0832898497581482,60.88549443742735,0.0003208918967994622,0.0024928791182381766
2024-11-04 16:00:00+00:00,1.090274691581726,1.0903936624526978,1.088139295578003,1.088139295578003,0,1.086996730011691,1.0835194754600526,54.84451775202172,0.00016671784606648102,0.0024852326938084195
2024-11-04 20:00:00+00:00,1.088139295578003,1.0886130332946777,1.0876659154891968,1.0876659154891968,0,1.0870604619619295,1.0837094521522521,53.50258935109195,1.8116600066167424e-05,0.002265887601034982
2024-11-05 00:00:00+00:00,1.0876659154891968,1.0882576704025269,1.0875475406646729,1.087902545928955,0,1.0871406604349796,1.0838902020454406,54.10707661223991,-7.393187520051249e-05,0.0021478278296334402
2024-11-05 04:00:00+00:00,1.087902545928955,1.0894432067871094,1.0877841711044312,1.0892059803009033,0,1.0873373575650676,1.0841086530685424,57.39289568240415,-5.745939580223186e-05,0.0021986280168805805
2024-11-05 08:00:00+00:00,1.0893245935440063,1.0905125141143799,1.0888501405715942,1.090274691581726,0,1.0876171036618922,1.0843345189094544,59.926348098664974,1.1319883256556956e-05,0.0022158111844744
2024-11-05 12:00:00+00:00,1.0901559591293335,1.0914647579193115,1.0893245935440063,1.0905125141143799,0,1.0878928570383195,1.0845511603355407,60.4893657656711,5.622734842669315e-05,0.002284160682133266
2024-11-05 16:00:00+00:00,1.0905125141143799,1.0939722061157227,1.0905125141143799,1.0934937000274658,0,1.0884262706563335,1.0848250937461854,66.78839604328067,0.00025876518803622265,0.002413264342716762
2024-11-05 20:00:00+00:00,1.0932546854019165,1.0939722061157227,1.0914647579193115,1.0933741331100464,0,1.088897495651925,1.0850756287574768,66.33163709271703,0.0003510127443811207,0.0021865793636866976
2024-11-06 00:00:00+00:00,1.0933741331100464,1.0934937000274658,1.0722709894180298,1.0742292404174805,0,1.0875005189629303,1.0848987817764282,30.43757201580354,-0.0008456551548684547,0.0035595979009355816
2024-11-06 04:00:00+00:00,1.0750375986099243,1.0797970294952393,1.070778489112854,1.073767900466919,0,1.0861926505347388,1.0847220873832704,30.01606146725325,-0.001593190875599062,0.004136647496904645
2024-11-06 08:00:00+00:00,1.073767900466919,1.0780508518218994,1.0704345703125,1.0710078477859497,0,1.084746478844378,1.0844925355911255,27.557301573163244,-0.002163099462213049,0.00422445365360805
2024-11-06 12:00:00+00:00,1.0713521242141724,1.0742292404174805,1.0686043500900269,1.0741138458251953,0,1.0837338471282654,1.0843157267570496,34.099443829357,-0.002212511458508361,0.004524435315813337
2024-11-06 16:00:00+00:00,1.0741138458251953,1.0760787725448608,1.072961449623108,1.0736525058746338,0,1.0827737193898244,1.0841390681266785,33.61387751706566,-0.0021557124325891778,0.00456873859677996
2024-11-06 20:00:00+00:00,1.0738831758499146,1.0741138458251953,1.0728462934494019,1.0734220743179321,0,1.0818830865258346,1.0839765334129334,33.3583653494901,-0.0020156705554487016,0.004514830453055245
2024-11-07 00:00:00+00:00,1.0735372304916382,1.0744600296020508,1.0715816020965576,1.0743446350097656,0,1.0811651387623995,1.083867485523224,35.47317340573339,-0.001752619505827271,0.004559406212397984
2024-11-07 04:00:00+00:00,1.0742292404174805,1.0772379636764526,1.073767900466919,1.075384497642517,0,1.0806146015128868,1.0837699031829835,37.86657893782046,-0.0014147777504676926,0.004739616598401751
2024-11-07 08:00:00+00:00,1.0757315158843994,1.0773539543151855,1.0750375986099243,1.0761945247650146,0,1.0801936418226132,1.083721148967743,39.74158199854564,-0.001059211853414753,0.004854347024645124
2024-11-07 12:00:00+00:00,1.0759629011154175,1.0829542875289917,1.0759629011154175,1.0814317464828491,0,1.0803115565521595,1.0837351727485656,50.20450145329089,-0.0004262287851792999,0.005235229219709124
2024-11-07 16:00:00+00:00,1.0814317464828491,1.0816657543182373,1.07758629322052,1.079097867012024,0,1.0801959670721466,1.0836721086502075,46.34279279425183,-0.00013474655567088586,0.0054078783307756695
2024-11-07 20:00:00+00:00,1.0787487030029297,1.0810810327529907,1.0787487030029297,1.0797970294952393,0,1.080157973017203,1.0836253690719604,47.64207546388152,0.0001212783503964838,0.005421604428972516
2024-11-08 00:00:00+00:00,1.0797970294952393,1.07991361618042,1.0780508518218994,1.0780508518218994,0,1.0799572948081266,1.083550729751587,44.72894941176677,0.0001853257304927627,0.005307538168770927
2024-11-08 04:00:00+00:00,1.0780508518218994,1.0789813995361328,1.077702283859253,1.078283429145813,0,1.0797978790307634,1.0834784030914306,45.20949821909048,0.00025154497339989696,0.005219800131661552
2024-11-08 08:00:00+00:00,1.078399658203125,1.07991361618042,1.0764262676239014,1.078515887260437,0,1.0796757845764466,1.0834271001815796,45.71749584614223,0.0003150732461708293,0.00395298855645316
2024-11-08 12:00:00+00:00,1.0786322355270386,1.0786322355270386,1.0744600296020508,1.0751532316207886,0,1.0792450652473362,1.0833038663864136,39.947582682874,0.00014343473734157192,0.0036068218094961984
2024-11-08 16:00:00+00:00,1.0751532316207886,1.0752688646316528,1.0690613985061646,1.071811318397522,0,1.0785370893568778,1.0831348204612732,35.1936925920445,-0.00016560736422972702,0.0035061921392168316
2024-11-08 20:00:00+00:00,1.0716965198516846,1.0725010633468628,1.0713521242141724,1.0723860263824463,0,1.0779512738355033,1.08298193693161,36.59117101484869,-0.00029424380990224945,0.0031864813395908903
2024-11-11 00:00:00+00:00,1.0715816020965576,1.0730764865875244,1.071237325668335,1.071926236152649,0,1.0773774607228503,1.0827871465682983,35.92373971972199,-0.0003684107685767383,0.003095184053693499
2024-11-11 04:00:00+00:00,1.071926236152649,1.0725010633468628,1.0689470767974854,1.069290041923523,0,1.0766072303610097,1.0825279259681702,32.2873907272468,-0.0005426026896187385,0.003258500780378069
2024-11-11 08:00:00+00:00,1.0694043636322021,1.06963312625885,1.0659844875335693,1.066439151763916,0,1.0756388419231913,1.0822233939170838,28.882476275796236,-0.0007828215823549515,0.0033135158675057547
2024-11-11 12:00:00+00:00,1.0666667222976685,1.0666667222976685,1.063490390777588,1.0649627447128296,0,1.0746220707602996,1.0818799686431886,27.27812982993568,-0.0009623317208167386,0.003292535032544817
2024-11-11 16:00:00+00:00,1.0650761127471924,1.0659844875335693,1.064736008644104,1.0655300617218018,0,1.0737561651375855,1.0815361738204956,28.912172343218344,-0.000961761526486539,0.0032162581171308246
2024-11-11 20:00:00+00:00,1.0655300617218018,1.066439151763916,1.0655300617218018,1.066439151763916,0,1.0730593067210457,1.0811305499076844,31.56578412909201,-0.0008243471532326397,0.002781808376312256
2024-11-12 00:00:00+00:00,1.0665528774261475,1.0667804479599,1.064056158065796,1.0641694068908691,0,1.0722126495943622,1.0806866145133973,28.68656018177785,-0.0008093519522914942,0.0026850104331970215
2024-11-12 04:00:00+00:00,1.0641694068908691,1.0648492574691772,1.0628122091293335,1.0636035203933716,0,1.0713927325276011,1.0802360820770263,28.000809232491534,-0.0007612918522959962,0.0026639189038957867
2024-11-12 08:00:00+00:00,1.06326425075531,1.0636035203933716,1.0614584684371948,1.0622477531433105,0,1.0705217821100497,1.0797749376296997,26.37411358170597,-0.0007436999102023454,0.002684082303728376
2024-11-12 12:00:00+00:00,1.0622477531433105,1.062925100326538,1.0605578422546387,1.0611205101013184,0,1.069626422871123,1.0792723846435548,25.070023558007435,-0.0007298480942739887,0.0027618067605154856
2024-11-12 16:00:00+00:00,1.0612331628799438,1.062134861946106,1.0597710609436035,1.0615711212158203,0,1.0688592512849038,1.0787623143196106,26.63175674931655,-0.0006167082144954254,0.002681553363800049
2024-11-12 20:00:00+00:00,1.0615711212158203,1.062925100326538,1.0613458156585693,1.0619093179702759,0,1.0681973528739868,1.0782849740982057,27.847260459959585,-0.00045303589834729506,0.0024963447025844027
2024-11-13 00:00:00+00:00,1.0619093179702759,1.063151240348816,1.0614584684371948,1.0622477531433105,0,1.0676307243282082,1.0777695107460021,29.112888788615322,-0.0002652230275581738,0.0021738665444510324
2024-11-13 04:00:00+00:00,1.0622477531433105,1.0625863075256348,1.0605578422546387,1.0605578422546387,0,1.0669571165116778,1.0772060346603394,26.603514885741973,-0.00020096459597615003,0.002236689840044294
2024-11-13 08:00:00+00:00,1.0606703758239746,1.064056158065796,1.05988347530365,1.064056158065796,0,1.0666808347549273,1.0767291069030762,38.433962350355756,0.00011404231989724928,0.0024033699716840473
2024-11-13 12:00:00+00:00,1.064056158065796,1.0654165744781494,1.0560777187347412,1.0590976476669312,0,1.0659586264608323,1.0761672019958497,30.844927300450934,2.974552731411194e-05,0.002816574914114816
2024-11-13 16:00:00+00:00,1.0592098236083984,1.0594342947006226,1.0559661388397217,1.056859016418457,0,1.065091996932987,1.0755628895759584,28.14308999217134,-0.00012689957959985572,0.0028036832809448242
2024-11-13 20:00:00+00:00,1.0569707155227661,1.0570825338363647,1.0558546781539917,1.056747317314148,0,1.0642972655407168,1.0749940919876098,28.011246199878656,-0.00018465454261800286,0.002664506435394287
2024-11-14 00:00:00+00:00,1.056859016418457,1.0570825338363647,1.0548522472381592,1.05507493019104,0,1.0634189478883667,1.0744200730323792,26.04396341631582,-0.0002765780669194669,0.002734635557447161
2024-11-14 04:00:00+00:00,1.05507493019104,1.0557432174682617,1.053629755973816,1.0554089546203613,0,1.0626560913866518,1.073840982913971,27.144545731797237,-0.00025642412514456994,0.002820662089756557
2024-11-14 08:00:00+00:00,1.0551862716674805,1.0559661388397217,1.0503098964691162,1.0532968044281006,0,1.0617647307239326,1.073099045753479,24.646839338824122,-0.0003226034090539698,0.0030300872666495188
2024-11-14 12:00:00+00:00,1.0530749559402466,1.0579770803451538,1.051745891571045,1.0578652620315552,0,1.06139335275323,1.07246985912323,37.94685342781463,-1.2349398021156005e-05,0.0033296687262398855
2024-11-14 16:00:00+00:00,1.0575296878814697,1.0582010746002197,1.0547411441802979,1.05507493019104,0,1.0607915982234977,1.0717372965812684,33.99959703480627,4.798907756343486e-05,0.003423588616507394
2024-11-14 20:00:00+00:00,1.0547411441802979,1.0547411441802979,1.0515247583389282,1.0530749559402466,0,1.060056679910807,1.0709956765174866,31.472596285854806,-1.1483072552319687e-06,0.003508082457951137
2024-11-15 00:00:00+00:00,1.0530749559402466,1.0548522472381592,1.0526316165924072,1.0542962551116943,0,1.0595080680251774,1.0703188157081605,34.66599554520032,8.924958398268384e-05,0.003497856003897531
2024-11-15 04:00:00+00:00,1.0542962551116943,1.0566357374191284,1.0537407398223877,1.0559661388397217,0,1.0591707414360865,1.069684820175171,38.86121423767245,0.0002907908767419776,0.0035918354988098145
2024-11-15 08:00:00+00:00,1.0557432174682617,1.0582010746002197,1.0555204153060913,1.0579770803451538,0,1.0590570594274262,1.069086310863495,43.56114450188166,0.0005725323121230927,0.0036623988832746234
2024-11-15 12:00:00+00:00,1.0580891370773315,1.0590976476669312,1.0528532266616821,1.053851842880249,0,1.058561324518171,1.0683792281150817,37.23722774580586,0.0004968707679618104,0.003963538578578404
2024-11-15 16:00:00+00:00,1.0537407398223877,1.0561892986297607,1.0537407398223877,1.054185152053833,0,1.0581445461882342,1.067657437324524,38.020153102531935,0.00048456382494299274,0.0038403868675231934
2024-11-15 20:00:00+00:00,1.0539628267288208,1.0542962551116943,1.0520778894424438,1.0542962551116943,0,1.0577780422761829,1.0669331121444703,38.29646001491705,0.0004973263746614418,0.003331780433654785
2024-11-18 00:00:00+00:00,1.0539628267288208,1.055297613143921,1.0534077882766724,1.0537407398223877,0,1.0573935372805834,1.0661380529403686,37.39871577409556,0.00048145742982437945,0.0032190425055367605
2024-11-18 04:00:00+00:00,1.053629755973816,1.05507493019104,1.053629755973816,1.0548522472381592,0,1.0571515096574955,1.065367615222931,40.40879017710564,0.0005537628508926733,0.003234565258026123
2024-11-18 08:00:00+00:00,1.05507493019104,1.0574177503585815,1.0535187721252441,1.0545185804367065,0,1.0569007544936109,1.0649734020233155,39.79026674706038,0.0005840541067326779,0.003353757517678397
2024-11-18 12:00:00+00:00,1.0546298027038574,1.057753324508667,1.0537407398223877,1.0576413869857788,0,1.0569712909214364,1.0646508717536927,47.837642586591095,0.0008056766568993894,0.0034894091742379324
2024-11-18 16:00:00+00:00,1.0576413869857788,1.0610079765319824,1.0569707155227661,1.0594342947006226,0,1.0572058627099303,1.064419400691986,51.81925202627449,0.0010488967985665806,0.003373767648424421
2024-11-18 20:00:00+00:00,1.0594342947006226,1.0605578422546387,1.0592098236083984,1.0597710609436035,0,1.0574501673036134,1.0641325449943542,52.5518671388853,0.0011975856955465428,0.0030249697821480887
2024-11-19 00:00:00+00:00,1.0597710609436035,1.060333013534546,1.0589854717254639,1.05988347530365,0,1.0576819109226645,1.0638571643829347,52.809815004795965,0.0012621825689661122,0.002874084881373814
2024-11-19 04:00:00+00:00,1.0599957704544067,1.06022047996521,1.0578652620315552,1.0582010746002197,0,1.0577313550824317,1.0635527443885804,48.55537452174211,0.0011532682425814964,0.0027887310300554547
2024-11-19 08:00:00+00:00,1.0579770803451538,1.0590976476669312,1.0529640913009644,1.0564124584197998,0,1.0576057458764667,1.063194100856781,44.45502340843924,0.0009319029713813717,0.0030682257243565153
2024-11-19 12:00:00+00:00,1.0565240383148193,1.06022047996521,1.0563008785247803,1.0588732957839966,0,1.057726464915279,1.0628638768196106,50.63204749361029,0.0009207261621559234,0.003141411713191441
2024-11-19 16:00:00+00:00,1.0589854717254639,1.0597710609436035,1.0575296878814697,1.0597710609436035,0,1.057921188346548,1.0625354075431823,52.69872116839112,0.0009400271780349962,0.0031100341251918246
2024-11-19 20:00:00+00:00,1.0596587657928467,1.0611205101013184,1.0594342947006226,1.060895323753357,0,1.0582044393376726,1.0621246790885925,55.22649198352297,0.0009897313518958037,0.0027844480105808805
2024-11-20 00:00:00+00:00,1.0610079765319824,1.0612331628799438,1.0590976476669312,1.0592098236083984,0,1.0583001902205988,1.06172691822052,50.84001257322959,0.0008743177556423446,0.002762087753840855
2024-11-20 04:00:00+00:00,1.0592098236083984,1.0597710609436035,1.0580891370773315,1.0580891370773315,0,1.0582800899212401,1.0612927603721618,48.10416820323159,0.0006955140496812491,0.002723770482199533
2024-11-20 08:00:00+00:00,1.0582010746002197,1.0582010746002197,1.0545185804367065,1.0558546781539917,0,1.0580490983243593,1.0608488368988036,43.12159732431016,0.00041368826744470836,0.002851818289075579
2024-11-20 12:00:00+00:00,1.0557432174682617,1.0569707155227661,1.0520778894424438,1.0522992610931396,0,1.0575014947785288,1.0603291535377501,36.62162830688773,-3.1793247113158507e-06,0.003098079136439732
2024-11-20 16:00:00+00:00,1.0526316165924072,1.0545185804367065,1.0510826110839844,1.054185152053833,0,1.0571856526142722,1.0598425388336181,41.64617072986618,-0.00013557680673666748,0.003065007073538644
2024-11-20 20:00:00+00:00,1.054185152053833,1.0548522472381592,1.0539628267288208,1.0548522472381592,0,1.056963423530833,1.0594365191459656,43.35681235647665,-0.00016020513220140072,0.002841923918042864
2024-11-21 00:00:00+00:00,1.0548522472381592,1.0556317567825317,1.0545185804367065,1.0556317567825317,0,1.0568365981262329,1.0591129279136657,45.372034904003996,-0.00010845561891220765,0.002633060727800642
2024-11-21 04:00:00+00:00,1.0556317567825317,1.0557432174682617,1.0532968044281006,1.053851842880249,0,1.0565523357218534,1.0587422442436218,41.721956174034005,-0.00017463598376701384,0.002711517470223563
2024-11-21 08:00:00+00:00,1.0539628267288208,1.0545185804367065,1.0516352653503418,1.052188515663147,0,1.0561367338115004,1.0583474898338319,38.59708669630985,-0.0003034249068648981,0.0028212155614580426
2024-11-21 12:00:00+00:00,1.0524100065231323,1.0545185804367065,1.0513036251068115,1.051414132118225,0,1.0556869622216647,1.057989971637726,37.20015530148496,-0.0004072824580144787,0.0028826253754752023
2024-11-21 16:00:00+00:00,1.0513036251068115,1.0515247583389282,1.0465724468231201,1.048657774925232,0,1.0550175158124806,1.0576343441009521,32.66797818794379,-0.0006156257726416118,0.00279825074332101
2024-11-21 20:00:00+00:00,1.048657774925232,1.0488777160644531,1.047120451927185,1.047120451927185,0,1.0542654144900716,1.0572774982452393,30.440429490629228,-0.0007993379886676586,0.0026437980788094656
2024-11-22 00:00:00+00:00,1.0472300052642822,1.047998309135437,1.0470107793807983,1.0478885173797607,0,1.0536580909557562,1.0569246673583985,32.902109544100426,-0.0008090350532634623,0.0025542378425598145
2024-11-22 04:00:00+00:00,1.0477787256240845,1.0490977764129639,1.046462893486023,1.0488777160644531,0,1.0532028171565846,1.0565734386444092,36.041483693947214,-0.0006931982952233179,0.00262199980872018
2024-11-22 08:00:00+00:00,1.0488777160644531,1.0499789714813232,1.0342330932617188,1.0416667461395264,0,1.0521041437263885,1.0561233854293823,26.35946950624404,-0.0010264873878591272,0.003594168594905308
2024-11-22 12:00:00+00:00,1.042209506034851,1.0437324047088623,1.0402579307556152,1.0412328243255615,0,1.051068779973929,1.0556759715080262,25.90843811564477,-0.0011889733472995939,0.003722207886832101
2024-11-22 16:00:00+00:00,1.0413411855697632,1.0427528619766235,1.0395010709762573,1.0415581464767456,0,1.0501630053551496,1.0552621793746948,26.918078918247943,-0.0011847223424838842,0.0036914433751787457
2024-11-22 20:00:00+00:00,1.0413411855697632,1.0423181056976318,1.0411244630813599,1.042209506034851,0,1.0494055292294069,1.0548839592933654,29.004121266491325,-0.0010526795159112225,0.003427215984889439
2024-11-25 00:00:00+00:00,1.0481081008911133,1.0492078065872192,1.0476689338684082,1.048218011856079,0,1.049292432336709,1.0546168971061707,44.688265359683626,-0.0005031813255656084,0.0036816682134355816
2024-11-25 04:00:00+00:00,1.0481081008911133,1.0492078065872192,1.045369029045105,1.045478343963623,0,1.0489291858249865,1.0542882776260376,40.31495788640505,-0.00027797696085639714,0.003892336572919573
2024-11-25 08:00:00+00:00,1.045478343963623,1.0498688220977783,1.045259714126587,1.048218011856079,0,1.0488614549708049,1.0540076828002929,46.00546539403407,8.247270641713366e-05,0.004142045974731445
2024-11-25 12:00:00+00:00,1.048327922821045,1.0532968044281006,1.0476689338684082,1.0490977764129639,0,1.04888396177482,1.0537784814834594,47.72892132635963,0.0003899134842444314,0.004369292940412249
2024-11-25 16:00:00+00:00,1.0493179559707642,1.0513036251068115,1.0470107793807983,1.0506409406661987,0,1.0490512930978084,1.0535101771354676,50.701378027567166,0.0006894606906206052,0.0044699737003871375
2024-11-25 20:00:00+00:00,1.0507513284683228,1.051193118095398,1.0455876588821411,1.0463534593582153,0,1.0487943565511806,1.0532552933692931,43.329001259515586,0.0005946880011554194,0.004640723977770124
2024-11-26 00:00:00+00:00,1.0446046590805054,1.048218011856079,1.043079137802124,1.047998309135437,0,1.048718542511586,1.0530780792236327,46.54059472521535,0.0006349634778116905,0.004654049873352051
2024-11-26 04:00:00+00:00,1.0481081008911133,1.0492078065872192,1.0476689338684082,1.0477787256240845,0,1.0486290361413477,1.0528987073898315,46.16447529330314,0.0006373422346104014,0.0046384504863194054
2024-11-26 08:00:00+00:00,1.0475592613220215,1.0522992610931396,1.0474494695663452,1.0515247583389282,0,1.048904819207784,1.0528277039527894,53.124297644100224,0.00086746709450123,0.004914326327187675
2024-11-26 12:00:00+00:00,1.0515247583389282,1.0547411441802979,1.048327922821045,1.048327922821045,0,1.0488498766947612,1.052686083316803,47.48274748376445,0.0007832205104308988,0.00518420764378139
2024-11-26 16:00:00+00:00,1.0485477447509766,1.0488777160644531,1.0460251569747925,1.0476689338684082,0,1.0487374059493941,1.052573525905609,46.389133539411205,0.0006665226617694354,0.004263256277356829
2024-11-26 20:00:00+00:00,1.0475592613220215,1.049648404121399,1.0475592613220215,1.049428105354309,0,1.0488031868451002,1.0524047827720642,49.718424863393004,0.0006884046931627491,0.0041643040520804265
2024-11-27 00:00:00+00:00,1.049538254737854,1.0497585535049438,1.0481081008911133,1.0485477447509766,0,1.0487788590266123,1.052274239063263,48.108312439059176,0.000625981031339659,0.004049922738756452
2024-11-27 04:00:00+00:00,1.0485477447509766,1.0506409406661987,1.0476689338684082,1.0503098964691162,0,1.0489246721163745,1.0522189378738402,51.49439940492449,0.0006812007713565449,0.004176948751722064
2024-11-27 08:00:00+00:00,1.0498688220977783,1.0540739297866821,1.0498688220977783,1.0528532266616821,0,1.0492988201683087,1.05219007730484,55.961044592074494,0.0008555627974093183,0.003977434975760323
2024-11-27 12:00:00+00:00,1.0529640913009644,1.0579770803451538,1.0524100065231323,1.0575296878814697,0,1.0500827123314669,1.052221348285675,62.75280576916624,0.0012296419927506478,0.004100884710039411
2024-11-27 16:00:00+00:00,1.0574177503585815,1.0589854717254639,1.0558546781539917,1.0564124584197998,0,1.0506855452922605,1.052190055847168,60.357895683299716,0.0013367477840759414,0.00399529082434518
2024-11-27 20:00:00+00:00,1.0566357374191284,1.057305932044983,1.0563008785247803,1.0565240383148193,0,1.05124159224679,1.0522434997558594,60.51995052274298,0.0013462781791582661,0.0036650896072387695
2024-11-28 00:00:00+00:00,1.0565240383148193,1.0565240383148193,1.0551862716674805,1.0554089546203613,0,1.051638483901416,1.05226797580719,57.969532869251196,0.0012127993623016657,0.003454012530190604
2024-11-28 04:00:00+00:00,1.0556317567825317,1.0560777187347412,1.0535187721252441,1.0546298027038574,0,1.0519233714064102,1.0522746467590331,56.18775411528466,0.001015356488293754,0.0032364044870649067
2024-11-28 08:00:00+00:00,1.053851842880249,1.0558546781539917,1.0530749559402466,1.05507493019104,0,1.0522235198620893,1.0523013305664062,57.00088497967282,0.0008639889127483197,0.0030678936413356234
2024-11-28 12:00:00+00:00,1.055297613143921,1.0559661388397217,1.0534077882766724,1.0555204153060913,0,1.0525375099043752,1.052314693927765,57.844135080069215,0.0007474889975616202,0.0031407134873526438
2024-11-28 16:00:00+00:00,1.0555204153060913,1.0559661388397217,1.05507493019104,1.0559661388397217,0,1.052864045993456,1.0523436450958252,58.716484757455106,0.0006572621111397329,0.002857957567487444
2024-11-28 20:00:00+00:00,1.0559661388397217,1.0565240383148193,1.0551862716674805,1.0564124584197998,0,1.0532019900340601,1.0523190665245057,59.617619178352655,0.0005867724976236924,0.0024954250880650113
2024-11-29 00:00:00+00:00,1.0563008785247803,1.0578652620315552,1.0560777187347412,1.0576413869857788,0,1.0536247897437476,1.0522832083702087,62.072511127176945,0.0005809559103584611,0.0024193525314331055
2024-11-29 04:00:00+00:00,1.0576413869857788,1.0597710609436035,1.056859016418457,1.0583131313323975,0,1.0540712984664762,1.0522540497779846,63.382860019550584,0.0005790977269079271,0.002478131226130894
2024-11-29 08:00:00+00:00,1.0582010746002197,1.0582010746002197,1.0555204153060913,1.0563008785247803,0,1.05428363942441,1.0521823978424072,57.02697019965469,0.00040721169439266467,0.0025597214698791504
2024-11-29 12:00:00+00:00,1.0566357374191284,1.0570825338363647,1.0548522472381592,1.0566357374191284,0,1.0545076487572402,1.0521510910987855,57.785598680061625,0.00028662511763974277,0.0025067414556230816
2024-11-29 16:00:00+00:00,1.0564124584197998,1.0583131313323975,1.0545185804367065,1.0583131313323975,0,1.05487007566916,1.0521891045570373,61.456264732730034,0.0002895375654157863,0.0024774159703935894
2024-11-29 20:00:00+00:00,1.0583131313323975,1.0590976476669312,1.0580891370773315,1.0580891370773315,0,1.0551766529461288,1.0521734213829042,60.69726803680371,0.0002477020682750987,0.0021518043109348844
2024-12-02 00:00:00+00:00,1.0547411441802979,1.0547411441802979,1.0522992610931396,1.0526316165924072,0,1.0549342685314886,1.0520306324958801,45.842000844554335,-0.00015454346857424,0.0023417387689862934
2024-12-02 04:00:00+00:00,1.0526316165924072,1.0539628267288208,1.0505305528640747,1.0505305528640747,0,1.054514867039354,1.0518233370780945,41.61890880108252,-0.0005470471955528729,0.0025151116507393973
2024-12-02 08:00:00+00:00,1.0504201650619507,1.0530749559402466,1.0500892400741577,1.052520751953125,0,1.054324951316856,1.051689555644989,46.63394490185151,-0.0006505275846002679,0.0026328223092215402
2024-12-02 12:00:00+00:00,1.052520751953125,1.0539628267288208,1.0465724468231201,1.047120451927185,0,1.0536388085178396,1.051470181941986,37.27674534956437,-0.001037590835769641,0.0029779246875217985
2024-12-02 16:00:00+00:00,1.047120451927185,1.0500892400741577,1.046462893486023,1.0493179559707642,0,1.0532272987514515,1.0513394474983215,42.34627412482809,-0.0010948688505273544,0.003038397857121059
2024-12-02 20:00:00+00:00,1.049428105354309,1.051856517791748,1.0493179559707642,1.0503098964691162,0,1.0529494509150386,1.051299660205841,44.52584175997155,-0.0010168820813832294,0.0030369843755449566
2024-12-03 00:00:00+00:00,1.0503098964691162,1.0503098964691162,1.0485477447509766,1.0493179559707642,0,1.052603594253679,1.0512023162841797,42.78399868167165,-0.0009824911320539522,0.0030991945947919574
2024-12-03 04:00:00+00:00,1.0493179559707642,1.0513036251068115,1.0484378337860107,1.0499789714813232,0,1.0523536301801215,1.051104850769043,44.3464289254529,-0.0008695009414758198,0.003208339214324951
2024-12-03 08:00:00+00:00,1.0503098964691162,1.0532968044281006,1.0503098964691162,1.0526316165924072,0,1.0523801050765298,1.0510448479652406,50.221064410687895,-0.0005840864848774525,0.003317645617893764
2024-12-03 12:00:00+00:00,1.0524100065231323,1.0531858205795288,1.0497585535049438,1.051745891571045,0,1.0523197037902932,1.0510027289390564,48.384530854392494,-0.0004300410005181088,0.003354447228567941
2024-12-03 16:00:00+00:00,1.0520778894424438,1.053629755973816,1.0506409406661987,1.0507513284683228,0,1.0521703347120104,1.0509739851951598,46.335516158309886,-0.0003723760034147343,0.003368454320090158
2024-12-03 20:00:00+00:00,1.0507513284683228,1.0515247583389282,1.0506409406661987,1.0513036251068115,0,1.0520877909400868,1.0509717750549317,47.66104245283489,-0.0002785776277847261,0.003272277968270438
2024-12-04 00:00:00+00:00,1.0513036251068115,1.051414132118225,1.0490977764129639,1.049648404121399,0,1.051855468385926,1.050991587638855,44.14202132578158,-0.00030729229918851947,0.0031666925975254606
2024-12-04 04:00:00+00:00,1.049538254737854,1.0530749559402466,1.0493179559707642,1.0513036251068115,0,1.0518029118831533,1.0510752511024475,48.256359641306815,-0.0001993254503866096,0.00336301326751709
2024-12-04 08:00:00+00:00,1.0513036251068115,1.0516352653503418,1.048657774925232,1.0508617162704468,0,1.0517132742057527,1.0511347150802612,47.25560074793319,-0.00014472869622920667,0.003162128584725516
2024-12-04 12:00:00+00:00,1.0507513284683228,1.0542962551116943,1.0476689338684082,1.0531858205795288,0,1.051853516717541,1.0512208771705627,52.79965747595013,5.040502749148728e-05,0.003390346254621233
2024-12-04 16:00:00+00:00,1.0529640913009644,1.0545185804367065,1.051193118095398,1.0516352653503418,0,1.0518327308730457,1.0514202475547791,49.09216873388365,7.600876576572483e-05,0.0034146138599940707
2024-12-04 20:00:00+00:00,1.0516352653503418,1.0519671440124512,1.0508617162704468,1.0515247583389282,0,1.0518034001555108,1.0516260862350464,48.82901232402881,8.57394769257897e-05,0.002965688705444336
2024-12-05 00:00:00+00:00,1.0515247583389282,1.0526316165924072,1.0510826110839844,1.052520751953125,0,1.0518717193743312,1.051845338344574,51.35976000281215,0.00015543004957246752,0.0028173071997506277
2024-12-05 04:00:00+00:00,1.0526316165924072,1.0540739297866821,1.0520778894424438,1.0537407398223877,0,1.0520497213217652,1.0520759630203247,54.33866912878985,0.00027298954035041986,0.0027785556656973703
2024-12-05 08:00:00+00:00,1.053851842880249,1.0548522472381592,1.052520751953125,1.053851842880249,0,1.0522213519463826,1.052188639640808,54.61129341153407,0.00034300104238468415,0.0028192230633326937
2024-12-05 12:00:00+00:00,1.0539628267288208,1.0590976476669312,1.0527424812316895,1.0574177503585815,0,1.0527162470332585,1.0524274277687073,62.37577219734561,0.0005992360459105859,0.003068464142935617
2024-12-05 16:00:00+00:00,1.0574177503585815,1.0590976476669312,1.0560777187347412,1.0590976476669312,0,1.0533239994745607,1.0526450204849243,65.38035678580324,0.0008370335269834123,0.0030471852847508024
2024-12-05 20:00:00+00:00,1.0588732957839966,1.0592098236083984,1.0584250688552856,1.0588732957839966,0,1.053852503884983,1.052840530872345,64.63795988762217,0.0009273764858401115,0.0028584344046456473
2024-12-06 00:00:00+00:00,1.0588732957839966,1.0588732957839966,1.0569707155227661,1.0579770803451538,0,1.0542453206907136,1.0529872536659242,61.62751352475547,0.0008755714385102362,0.002780846187046596
2024-12-06 04:00:00+00:00,1.0578652620315552,1.0586491823196411,1.0570825338363647,1.0586491823196411,0,1.0546647360839447,1.0532331681251526,63.0185379732613,0.0008354772299771348,0.0028296198163713726
2024-12-06 08:00:00+00:00,1.0585371255874634,1.0596587657928467,1.0575296878814697,1.0590976476669312,0,1.0550869181394673,1.0534551548957825,63.9574159341731,0.0007886487642903997,0.002816242831093924
2024-12-06 12:00:00+00:00,1.0588732957839966,1.062925100326538,1.0548522472381592,1.0566357374191284,0,1.0552344247375303,1.0536322951316834,55.610770100834216,0.0005525233608637673,0.0031245180538722445
2024-12-06 16:00:00+00:00,1.0565240383148193,1.0575296878814697,1.0545185804367065,1.0557432174682617,0,1.0552828811880761,1.05371666431427,52.91471987475188,0.0003090238978447168,0.0031269192695617676
2024-12-06 20:00:00+00:00,1.0558546781539917,1.0571942329406738,1.0558546781539917,1.0566357374191284,0,1.0554117246386525,1.0538828206062316,55.25106223572571,0.00018687990972488747,0.002757183143070766
2024-12-09 00:00:00+00:00,1.056859016418457,1.056859016418457,1.054185152053833,1.054185152053833,0,1.0552949082020031,1.0540131449699401,48.1818448650374,-6.657293637370382e-05,0.0027106404304504395
2024-12-09 04:00:00+00:00,1.0540739297866821,1.056859016418457,1.0535187721252441,1.0566357374191284,0,1.0554226062226817,1.0541572976112366,54.45715944571582,-7.610821458846795e-05,0.002870270184108189
2024-12-09 08:00:00+00:00,1.0566357374191284,1.0587612390518188,1.0559661388397217,1.0571942329406738,0,1.0555913325767763,1.0543302273750306,55.77174219839385,-5.283611922672171e-05,0.0029592769486563547
2024-12-09 12:00:00+00:00,1.0570825338363647,1.0594342947006226,1.0560777187347412,1.0594342947006226,0,1.0559573289695234,1.0545127153396607,60.67476710631133,9.72130937066198e-05,0.0030564580644880024
2024-12-09 16:00:00+00:00,1.0594342947006226,1.0596587657928467,1.0555204153060913,1.0557432174682617,0,1.0559369373979748,1.0545705151557923,50.70101164877975,-5.987508240507368e-05,0.00318551915032523
2024-12-09 20:00:00+00:00,1.0558546781539917,1.0559661388397217,1.0549635887145996,1.0557432174682617,0,1.0559184878808594,1.054534785747528,50.70101164877975,-0.0001655438085983482,0.0028031894138881137
2024-12-10 00:00:00+00:00,1.0556317567825317,1.0563008785247803,1.0548522472381592,1.0558546781539917,0,1.055912410764015,1.0545236301422118,50.983196392505796,-0.000225954022110211,0.002690953867776053
2024-12-10 04:00:00+00:00,1.0560777187347412,1.0570825338363647,1.0549635887145996,1.0549635887145996,0,1.0558220467593087,1.0544924211502076,48.588695351582366,-0.0003182956853842021,0.002786253179822649
2024-12-10 08:00:00+00:00,1.055297613143921,1.055297613143921,1.0527424812316895,1.0534077882766724,0,1.05559211738001,1.0544523978233338,44.646045210170115,-0.0004675055029666683,0.0028328640120370047
2024-12-10 12:00:00+00:00,1.0534077882766724,1.053629755973816,1.0501995086669922,1.0506409406661987,0,1.0551205767405993,1.0543726205825805,38.64098668474281,-0.0007207580144721504,0.0029659782137189594
2024-12-10 16:00:00+00:00,1.0507513284683228,1.0534077882766724,1.0503098964691162,1.0529640913009644,0,1.0549151971749198,1.0543304038047792,45.29437741132021,-0.0006994720055974702,0.003035179206303188
2024-12-10 20:00:00+00:00,1.0529640913009644,1.0535187721252441,1.0526316165924072,1.0534077882766724,0,1.0547716344227058,1.0542881512641906,46.48784568301178,-0.0006255745221869198,0.0025219150951930453
2024-12-11 00:00:00+00:00,1.0534077882766724,1.054185152053833,1.0530749559402466,1.0531858205795288,0,1.0546206045328794,1.0542325448989869,45.94779861452082,-0.0005636303674118693,0.0023861357143947055
2024-12-11 04:00:00+00:00,1.0530749559402466,1.0532968044281006,1.0490977764129639,1.0493179559707642,0,1.0541155903841064,1.0540906548500062,37.72394353057642,-0.0007438135382039928,0.0025824223245893207
2024-12-11 08:00:00+00:00,1.0493179559707642,1.051414132118225,1.0489877462387085,1.0506409406661987,0,1.0537846713633532,1.0539506459236145,41.57581379958757,-0.0007333487489890502,0.0025647452899387906
2024-12-11 12:00:00+00:00,1.0507513284683228,1.053851842880249,1.048327922821045,1.0492078065872192,0,1.053348779479912,1.0537685394287108,38.77779670253368,-0.0007781557046964071,0.002720722130366734
2024-12-11 16:00:00+00:00,1.0492078065872192,1.051414132118225,1.0484378337860107,1.049428105354309,0,1.05297538194414,1.0536310839653016,39.4523508508174,-0.0007479652688999687,0.0027336648532322477
2024-12-11 20:00:00+00:00,1.049538254737854,1.0509721040725708,1.0492078065872192,1.0508617162704468,0,1.0527740804514074,1.0535156035423279,43.79251292397095,-0.000593215042602319,0.0026199306760515484
2024-12-12 00:00:00+00:00,1.0508617162704468,1.051193118095398,1.0504201650619507,1.0508617162704468,0,1.0525919505294112,1.0533665752410888,43.79251292397095,-0.0004586430577318227,0.002379545143672398
2024-12-12 04:00:00+00:00,1.0508617162704468,1.0532968044281006,1.0506409406661987,1.0519671440124512,0,1.0525324451468436,1.0532441353797912,47.17851848325754,-0.00027218173317058027,0.0024976389748709543
2024-12-12 08:00:00+00:00,1.051856517791748,1.0522992610931396,1.0497585535049438,1.0505305528640747,0,1.0523417887389608,1.0532021141052246,43.51016063698772,-0.00022457713623894927,0.002575644424983433
2024-12-12 12:00:00+00:00,1.0504201650619507,1.0522992610931396,1.0467915534973145,1.0475592613220215,0,1.0518863099373474,1.0531426882743835,37.08703680950457,-0.00036392989478114136,0.0028176988874162945
2024-12-12 16:00:00+00:00,1.0475592613220215,1.0519671440124512,1.0475592613220215,1.0475592613220215,0,1.0514742100692211,1.0530434584617614,37.08703680950457,-0.00042270844531581476,0.002950038228716169
2024-12-12 20:00:00+00:00,1.0476689338684082,1.0476689338684082,1.0461344718933105,1.0476689338684082,0,1.0511118028120008,1.053054428100586,37.48211396611464,-0.0004199408907598582,0.002814624990735735
2024-12-13 00:00:00+00:00,1.0475592613220215,1.048327922821045,1.0462440252304077,1.0462440252304077,0,1.050648204947087,1.0529929494857788,34.45474987270484,-0.0004757187655527648,0.002742196832384382
2024-12-13 04:00:00+00:00,1.0463534593582153,1.0467915534973145,1.0456969738006592,1.0463534593582153,0,1.0502391815576708,1.0529138207435609,34.8897012514886,-0.000466265382779089,0.0027570128440856934
2024-12-13 08:00:00+00:00,1.0462440252304077,1.0498688220977783,1.0462440252304077,1.0492078065872192,0,1.0501409553700087,1.05291161775589,45.1192848290531,-0.00024018521882401465,0.0029366271836417063
2024-12-13 12:00:00+00:00,1.0490977764129639,1.0524100065231323,1.0485477447509766,1.0492078065872192,0,1.0500520840573622,1.0528961944580078,45.11928482905311,-7.178942213807672e-05,0.0029125724520002094
2024-12-13 16:00:00+00:00,1.0492078065872192,1.0507513284683228,1.0489877462387085,1.0497585535049438,0,1.0500241287666556,1.0528387331962585,46.9832425934776,8.693434901069262e-05,0.002865229334150042
2024-12-13 20:00:00+00:00,1.0498688220977783,1.0507513284683228,1.049648404121399,1.0504201650619507,0,1.0500618465090648,1.0528122186660767,49.21470697368238,0.0002381523008816893,0.0025494439261300223
2024-12-16 00:00:00+00:00,1.051193118095398,1.052520751953125,1.051193118095398,1.0515247583389282,0,1.0502011714452422,1.0528276872634887,52.78757596496147,0.00040446591694362206,0.0024868931089128766
2024-12-16 04:00:00+00:00,1.0515247583389282,1.0524100065231323,1.0507513284683228,1.0508617162704468,0,1.050264080476214,1.0528188490867614,50.491325418880976,0.0004577945504261583,0.002479348863874163
2024-12-16 08:00:00+00:00,1.0507513284683228,1.052520751953125,1.048657774925232,1.0493179559707642,0,1.050173973380457,1.0528122401237487,45.525764977953195,0.00038026202424257076,0.0027000648634774344
2024-12-16 12:00:00+00:00,1.049428105354309,1.051414132118225,1.047998309135437,1.0508617162704468,0,1.050239472703313,1.0528034019470214,50.74260614993528,0.000420944299089497,0.0027543476649693082
2024-12-16 16:00:00+00:00,1.0509721040725708,1.0524100065231323,1.0498688220977783,1.0513036251068115,0,1.0503408205512654,1.0528122401237487,52.15510967048602,0.00046231168548022225,0.0027543817247663227
2024-12-16 20:00:00+00:00,1.051193118095398,1.0520778894424438,1.0509721040725708,1.0519671440124512,0,1.0504957084999498,1.0527878665924073,54.27529731084258,0.000515028874815072,0.002439958708626883
2024-12-17 00:00:00+00:00,1.0519671440124512,1.0534077882766724,1.051414132118225,1.0515247583389282,0,1.050593713246519,1.052785656452179,52.601625372173885,0.0005003462769444774,0.0022675139563424246
2024-12-17 04:00:00+00:00,1.0515247583389282,1.0515247583389282,1.0498688220977783,1.0498688220977783,0,1.0505246759942581,1.0527525377273559,46.78582303473625,0.00036560213172129666,0.0022761906896318707
2024-12-17 08:00:00+00:00,1.0500892400741577,1.0501995086669922,1.048218011856079,1.049428105354309,0,1.0504202406952152,1.0526906847953796,45.34875777253962,0.00023938843349851355,0.002268876348223005
2024-12-17 12:00:00+00:00,1.049538254737854,1.0513036251068115,1.0493179559707642,1.0500892400741577,0,1.0503887168265431,1.0526176548004151,47.93247085635253,0.0001949097564124913,0.0023325255938938688
2024-12-17 16:00:00+00:00,1.0503098964691162,1.051745891571045,1.0490977764129639,1.0492078065872192,0,1.0502762491847026,1.0525247740745545,44.885721543897525,0.00010510531485706488,0.002262762614658901
2024-12-17 20:00:00+00:00,1.0490977764129639,1.0499789714813232,1.0487676858901978,1.0497585535049438,0,1.0502269448342494,1.0523715901374817,47.14634956070188,8.275811077725884e-05,0.0020734071731567383
2024-12-18 00:00:00+00:00,1.0497585535049438,1.0506409406661987,1.049538254737854,1.0501995086669922,0,1.0502243318659392,1.052193627357483,48.95174732356711,9.666799781970586e-05,0.002026200294494629
2024-12-18 04:00:00+00:00,1.0501995086669922,1.0515247583389282,1.0497585535049438,1.0499789714813232,0,1.0502009642102617,1.0520157408714295,48.067404482771096,9.013872571168229e-05,0.002073577472141811
2024-12-18 08:00:00+00:00,1.0499789714813232,1.0506409406661987,1.0492078065872192,1.0497585535049438,0,1.0501588298573743,1.0518513703346253,47.15057343713628,7.094302312285521e-05,0.002025902271270752
2024-12-18 12:00:00+00:00,1.0499789714813232,1.0504201650619507,1.0474494695663452,1.0474494695663452,0,1.049900795543943,1.0516273760795594,38.80108445801106,-8.8640957957042e-05,0.0021196178027561735
2024-12-18 16:00:00+00:00,1.0476689338684082,1.049538254737854,1.0377750396728516,1.0379904508590698,0,1.0487664770025265,1.051205232143402,21.783638382229995,-0.0007839420389462678,0.002683920519692557
2024-12-18 20:00:00+00:00,1.037882685661316,1.0383137464523315,1.0346611738204956,1.0353038311004639,0,1.047484320249949,1.0507785940170289,19.206992743846115,-0.0013445859461703475,0.002700831208910261
2024-12-19 00:00:00+00:00,1.0354111194610596,1.0392849445343018,1.0354111194610596,1.0380982160568237,0,1.0465904055648896,1.0504256939888001,28.65907948140169,-0.0014385899659489678,0.0028036832809448242
2024-12-19 04:00:00+00:00,1.0380982160568237,1.0410159826278687,1.037882685661316,1.039933443069458,0,1.0459564091367533,1.0500916481018066,34.1110645439782,-0.001293117680214043,0.002948505537850516
2024-12-19 08:00:00+00:00,1.0396090745925903,1.042535424232483,1.0393929481506348,1.0405826568603516,0,1.0454446232056673,1.049819598197937,35.97507212172195,-0.0010779134995143672,0.003030564103807722
2024-12-19 12:00:00+00:00,1.0402579307556152,1.0414496660232544,1.0379904508590698,1.0383137464523315,0,1.044765492086302,1.049453158378601,32.51321317789595,-0.0010140551629420234,0.003159369741167341
2024-12-19 16:00:00+00:00,1.0383137464523315,1.0386372804641724,1.0358400344848633,1.0364842414855957,0,1.0439768015529014,1.0490389585494995,30.00586431129952,-0.0010180519633662087,0.003217637538909912
2024-12-19 20:00:00+00:00,1.0364842414855957,1.0371291637420654,1.0362694263458252,1.036591649055481,0,1.0432734536960042,1.0485821056365967,30.34548187846478,-0.0009384399507430278,0.0031372138432094027
2024-12-20 00:00:00+00:00,1.0366991758346558,1.0370217561721802,1.03616201877594,1.0364842414855957,0,1.0426268620569177,1.0481969261169433,30.187741168003356,-0.0008221670530266477,0.003009472574506487
2024-12-20 04:00:00+00:00,1.0364842414855957,1.0387451648712158,1.0347682237625122,1.0387451648712158,0,1.0422571766106603,1.0478569650650025,37.54707003646905,-0.0005359958064543782,0.003207019397190639
2024-12-20 08:00:00+00:00,1.038421630859375,1.0400415658950806,1.037882685661316,1.0395010709762573,0,1.0419946903597648,1.0475298929214478,39.83081366920546,-0.00025316217990633367,0.003282461847577776
2024-12-20 12:00:00+00:00,1.0393929481506348,1.0421009063720703,1.0389610528945923,1.0398253202438354,0,1.0417880836820572,1.0472271275520324,40.830329136697046,-1.4217438113466908e-05,0.0033805796078273226
2024-12-20 16:00:00+00:00,1.039933443069458,1.0449320077896118,1.039933443069458,1.0447137355804443,0,1.0420667171961893,1.047053246498108,53.39888696884585,0.00047599954300068734,0.0036429762840270996
2024-12-20 20:00:00+00:00,1.0447137355804443,1.0449320077896118,1.0426441431045532,1.0434056520462036,0,1.0421942348009525,1.046908540725708,50.31876220787688,0.0007014801305438604,0.0035942026547023226
2024-12-23 00:00:00+00:00,1.0437324047088623,1.0444954633712769,1.0429704189300537,1.0440592765808105,0,1.0423718578276056,1.046730444431305,51.81441501047394,0.0008728018213389776,0.0028629047530038016
2024-12-23 04:00:00+00:00,1.0441683530807495,1.0448229312896729,1.0414496660232544,1.0415581464767456,0,1.042294361508476,1.0464934515953064,46.09578243444504,0.0007978784358988931,0.002842954226902553
2024-12-23 08:00:00+00:00,1.0416667461395264,1.042209506034851,1.0390689373016357,1.0401498079299927,0,1.0420901183105253,1.0462327313423156,43.20427831239637,0.0006404618927819444,0.0027829153197152273
2024-12-23 12:00:00+00:00,1.040474534034729,1.0411244630813599,1.0387451648712158,1.0392849445343018,0,1.041822958903266,1.0460320711135864,41.48335456804379,0.00047281584417784624,0.002729058265686035
2024-12-23 16:00:00+00:00,1.0396090745925903,1.0419923067092896,1.0392849445343018,1.0413411855697632,0,1.0417770757286466,1.0458460760116577,46.898983449895084,0.0004928868402166158,0.0026979787009102957
2024-12-23 20:00:00+00:00,1.0415581464767456,1.0416667461395264,1.040474534034729,1.0407993793487549,0,1.0416839617877045,1.0456779074668885,45.69885039379181,0.000462638393170311,0.002536049910954067
2024-12-24 00:00:00+00:00,1.0406910181045532,1.0411244630813599,1.0391769409179688,1.0393929481506348,0,1.0414657700127454,1.0454772043228149,42.647980893713104,0.0003462035750278322,0.0024753553526742117
2024-12-24 04:00:00+00:00,1.0395010709762573,1.0400415658950806,1.0392849445343018,1.0392849445343018,0,1.0412580723481317,1.045245668888092,42.413811491520484,0.00026392606168451497,0.0024679899215698242
2024-12-24 08:00:00+00:00,1.0393929481506348,1.0407993793487549,1.0391769409179688,1.039717197418213,0,1.041111322354806,1.0450227785110473,43.745112372007824,0.00024124717528581818,0.0025224685668945312
2024-12-24 12:00:00+00:00,1.0398253202438354,1.0412328243255615,1.0391769409179688,1.0393929481506348,0,1.0409476676686946,1.044771294593811,42.94310725718625,0.00020828436724585177,0.0023852501596723285
2024-12-24 16:00:00+00:00,1.0395010709762573,1.0401498079299927,1.0386372804641724,1.0396090745925903,0,1.0408201826138275,1.0445528650283813,43.68423180371798,0.00020461455438143582,0.0023390821048191617
2024-12-24 20:00:00+00:00,1.0398253202438354,1.0407993793487549,1.0392849445343018,1.039717197418213,0,1.0407151364047214,1.0443960237503052,44.07559378037128,0.00021213850461109288,0.0022229807717459543
2024-12-25 00:00:00+00:00,1.0398253202438354,1.041775107383728,1.0395010709762573,1.0403661727905273,0,1.0406819017747981,1.0442521619796752,46.479747765387955,0.0002603165102214172,0.002020648547581264
2024-12-25 04:00:00+00:00,1.0400415658950806,1.0411244630813599,1.039933443069458,1.0409077405929565,0,1.0407034102336703,1.0441169381141662,48.47053936392357,0.0003240023053101672,0.0019423024994986398
2024-12-25 08:00:00+00:00,1.0410159826278687,1.0410159826278687,1.0410159826278687,1.0410159826278687,0,1.0407331790331178,1.0440123772621155,48.87982618866383,0.00036567726284620706,0.00184110232761928
2024-12-25 20:00:00+00:00,1.0406910181045532,1.0414496660232544,1.039933443069458,1.0401498079299927,0,1.0406776198804393,1.043888304233551,45.74839914530211,0.0003283531317640328,0.0017084564481462752
2024-12-26 00:00:00+00:00,1.0401498079299927,1.0406910181045532,1.0396090745925903,1.0403661727905273,0,1.0406479582528287,1.0437114715576172,46.66751526279892,0.0003118072574308842,0.0015614117894853865
2024-12-26 04:00:00+00:00,1.0402579307556152,1.040474534034729,1.0393929481506348,1.039933443069458,0,1.040579909187746,1.043525984287262,45.024573713970724,0.00026701778235305564,0.0014687180519104004
2024-12-26 08:00:00+00:00,1.0401498079299927,1.0405826568603516,1.0393929481506348,1.0403661727905273,0,1.0405595533403917,1.0433381366729737,47.03273979369893,0.00026149671598068333,0.001360314232962472
2024-12-26 12:00:00+00:00,1.0403661727905273,1.041775107383728,1.0396090745925903,1.0413411855697632,0,1.0406339945050938,1.0431565570831298,51.34529011119446,0.0003148889848408157,0.001429872853415353
2024-12-26 16:00:00+00:00,1.0412328243255615,1.0432968139648438,1.0409077405929565,1.042209506034851,0,1.0407840432222135,1.0429702520370483,54.869420651940715,0.0003948815299953472,0.0014614122254507883
2024-12-26 20:00:00+00:00,1.0419923067092896,1.0429704189300537,1.0419923067092896,1.0424268245697021,0,1.040940498588641,1.0428015542030336,55.73359772689752,0.00044490783438809293,0.0014772330011640275
2024-12-27 00:00:00+00:00,1.0424268245697021,1.0426441431045532,1.0410159826278687,1.0415581464767456,0,1.040999322197032,1.042646358013153,51.489392422322005,0.0004032096154225381,0.0014776417187282018
2024-12-27 04:00:00+00:00,1.0415581464767456,1.0426441431045532,1.0409077405929565,1.0424268245697021,0,1.0411352748039528,1.0424776601791381,55.166189332412046,0.00041616114848593065,0.0014548216547284807
2024-12-27 08:00:00+00:00,1.0421009063720703,1.044277310371399,1.0411244630813599,1.0441683530807495,0,1.041424139401743,1.042334954738617,61.47106261502226,0.0005174419057218166,0.0015719873564583914
2024-12-27 12:00:00+00:00,1.0441683530807495,1.0446046590805054,1.0418837070465088,1.042535424232483,0,1.0415299760522896,1.0421463203430177,53.8274931092209,0.0004522470646999558,0.0016581671578543527
2024-12-27 16:00:00+00:00,1.0426441431045532,1.043514609336853,1.041775107383728,1.043079137802124,0,1.0416775152665596,1.0419774079322814,55.79833472332182,0.00042400363669090556,0.001619986125401088
2024-12-27 20:00:00+00:00,1.043079137802124,1.043079137802124,1.0424268245697021,1.0424268245697021,0,1.0417488780573352,1.04182856798172,52.88193971915905,0.00034310717923061016,0.0015815070697239467
2024-12-30 00:00:00+00:00,1.0432968139648438,1.0434056520462036,1.0424268245697021,1.0427528619766235,0,1.0418444955734578,1.0416950631141662,54.171254617888756,0.0002951035904766851,0.0016436917441231863
2024-12-30 04:00:00+00:00,1.0427528619766235,1.0434056520462036,1.042535424232483,1.043079137802124,0,1.0419620805476164,1.0415548610687255,55.48402754807744,0.0002695756565723951,0.0015975492341177805
2024-12-30 08:00:00+00:00,1.0429704189300537,1.045478343963623,1.0413411855697632,1.0450413227081299,0,1.0422553417057605,1.0414715313911438,62.45026451605314,0.00036325872246535966,0.0018157788685389928
2024-12-30 12:00:00+00:00,1.0451505184173584,1.0460251569747925,1.0377750396728516,1.0383137464523315,0,1.0418799516816244,1.0412426352500916,39.58032164864999,-2.8638284175728026e-05,0.002327816826956613
2024-12-30 16:00:00+00:00,1.0382059812545776,1.0409077405929565,1.037882685661316,1.039933443069458,0,1.0416945699090372,1.0410373139381408,44.81964295849193,-0.00017157485792320047,0.0024589129856654574
2024-12-30 20:00:00+00:00,1.0398253202438354,1.041775107383728,1.0398253202438354,1.0407993793487549,0,1.0416093136652007,1.0408537220954894,47.44361413501424,-0.00019868705414244507,0.0024434668677193777
2024-12-31 00:00:00+00:00,1.0407993793487549,1.0416667461395264,1.0400415658950806,1.0411244630813599,0,1.0415631374191205,1.040681040287018,48.434957086844975,-0.00018584460630450956,0.0023889030729021344
2024-12-31 04:00:00+00:00,1.0412328243255615,1.0414496660232544,1.0401498079299927,1.0414496660232544,0,1.0415523306195142,1.040561044216156,49.46193464835532,-0.00014820139884964438,0.002411884920937674
2024-12-31 08:00:00+00:00,1.0413411855697632,1.0427528619766235,1.0409077405929565,1.0412328243255615,0,1.0415219014486616,1.0406258916854858,48.764533494454795,-0.00013124111649212805,0.0024273821285792758
2024-12-31 12:00:00+00:00,1.0415581464767456,1.0415581464767456,1.0356254577636719,1.0356254577636719,0,1.0409603353834245,1.04063232421875,35.01548734678205,-0.0004718451554496702,0.002727116857256208
2024-12-31 16:00:00+00:00,1.03616201877594,1.0364842414855957,1.0346611738204956,1.0357327461242676,0,1.0404624697396954,1.0405850148200988,35.39084124203755,-0.0006529372000609805,0.0026321325983319965
2024-12-31 20:00:00+00:00,1.0358400344848633,1.036591649055481,1.0347682237625122,1.0353038311004639,0,1.0399711708216732,1.040492422580719,34.53210952559232,-0.0007572881440269737,0.002568023545401437
2025-01-01 04:00:00+00:00,1.0351966619491577,1.0351966619491577,1.0351966619491577,1.0351966619491577,0,1.0395164556909575,1.040384702682495,34.30811024140648,-0.0007858099211265519,0.002451428345271519
2025-01-01 16:00:00+00:00,1.0355182886123657,1.036591649055481,1.0355182886123657,1.03616201877594,0,1.039196985508575,1.0403416681289672,38.19708601130422,-0.0006950711647349865,0.002504476479121617
2025-01-01 20:00:00+00:00,1.03616201877594,1.0362694263458252,1.0347682237625122,1.0354111194610596,0,1.038836426837383,1.0403202056884766,36.392356265110905,-0.0006422821416514888,0.0025417889867510113
2025-01-02 00:00:00+00:00,1.0354111194610596,1.0376672744750977,1.034982442855835,1.037451982498169,0,1.038704574995553,1.0403374123573303,44.12012638509193,-0.00043641892185728327,0.002671403544289725
2025-01-02 04:00:00+00:00,1.037451982498169,1.0377750396728516,1.0363768339157104,1.036591649055481,0,1.0385033439536413,1.040339560508728,41.81389368580485,-0.0003295563458743968,0.002475764070238386
2025-01-02 08:00:00+00:00,1.036806583404541,1.0373444557189941,1.0318852663040161,1.0333781242370605,0,1.0380152277901575,1.040232219696045,34.549385163893206,-0.00043977141882711995,0.0022764120783124652
2025-01-02 12:00:00+00:00,1.0335917472839355,1.033698558807373,1.0277491807937622,1.0277491807937622,0,1.0370375090285961,1.039997181892395,26.021403555806685,-0.0008334129461548675,0.002485292298453195
2025-01-02 16:00:00+00:00,1.0278549194335938,1.0278549194335938,1.0237510204315186,1.0253255367279053,0,1.0359220830951972,1.0397071862220764,23.349006545713678,-0.0011776111100869726,0.0026391574314662387
2025-01-02 20:00:00+00:00,1.025430679321289,1.0272213220596313,1.025430679321289,1.027010440826416,0,1.0350733552600753,1.039353120326996,28.821791015709408,-0.0012078937357474198,0.0026584863662719727
2025-01-03 00:00:00+00:00,1.027010440826416,1.0277491807937622,1.0269049406051636,1.0273269414901733,0,1.0343356015677037,1.0390315461158752,29.835221209052776,-0.0011244079945076342,0.0026259422302246094
2025-01-03 04:00:00+00:00,1.0273269414901733,1.0287007093429565,1.0267994403839111,1.0283833742141724,0,1.0337687227721293,1.0387180280685424,33.251401915539674,-0.0009242074167310908,0.002629952771323068
2025-01-03 08:00:00+00:00,1.0287007093429565,1.0305029153823853,1.0275379419326782,1.0300782918930054,0,1.0334172531645938,1.0384884309768676,38.43077075616693,-0.0006184940118077243,0.002417973109654018
2025-01-03 12:00:00+00:00,1.0300782918930054,1.0308215618133545,1.0276435613632202,1.0290182828903198,0,1.032998303614663,1.0382658004760743,36.52207894842549,-0.00043707652464742165,0.002514754022870745
2025-01-03 16:00:00+00:00,1.0291242599487305,1.0309277772903442,1.0287007093429565,1.0305029153823853,0,1.0327606475925415,1.0380901598930359,40.94593136441737,-0.00017968625392433043,0.002543585641043527
2025-01-03 20:00:00+00:00,1.0302904844284058,1.0312467813491821,1.0301843881607056,1.0312467813491821,0,1.0326164698550786,1.0378882718086242,43.08614131100137,6.49650146324959e-05,0.002611815929412842
2025-01-06 00:00:00+00:00,1.0307153463363647,1.0320981740951538,1.029866099357605,1.0318852663040161,0,1.0325468314216442,1.0377099895477295,44.9309642404011,0.0002819334612583599,0.002671607903071812
2025-01-06 04:00:00+00:00,1.0318852663040161,1.0330578088760376,1.0310341119766235,1.0330578088760376,0,1.03259549594111,1.0375832867622377,48.248547531339554,0.0005036167329936034,0.0027089289256504606
2025-01-06 08:00:00+00:00,1.0329511165618896,1.043079137802124,1.0329511165618896,1.0423181056976318,0,1.0335214587750645,1.0376439499855041,65.78153326802659,0.00123162789968055,0.0032405853271484375
2025-01-06 12:00:00+00:00,1.0426441431045532,1.0437324047088623,1.0360547304153442,1.0396090745925903,0,1.034101231710067,1.0376417875289916,59.4374711430884,0.0014721703585213733,0.0036891187940325055
2025-01-06 16:00:00+00:00,1.039717197418213,1.040474534034729,1.0379904508590698,1.0391769409179688,0,1.03458463258701,1.0376374673843385,58.4687998772572,0.0015365181426776336,0.003476611205509731
2025-01-06 20:00:00+00:00,1.0389610528945923,1.040474534034729,1.038421630859375,1.0386372804641724,0,1.0349705990515017,1.03761803150177,57.21476001570339,0.0014766931575270089,0.003198291574205671
2025-01-07 00:00:00+00:00,1.0386372804641724,1.0395010709762573,1.0379904508590698,1.0395010709762573,0,1.0354020725681452,1.037613708972931,58.74017179494674,0.0014283744902936844,0.003013057368142264
2025-01-07 04:00:00+00:00,1.0396090745925903,1.042535424232483,1.0392849445343018,1.0416667461395264,0,1.035998708146372,1.0376397204399108,62.363227924019974,0.0014696283872006005,0.003109821251460484
2025-01-07 08:00:00+00:00,1.041775107383728,1.043623447418213,1.0406910181045532,1.0416667461395264,0,1.0365385212885772,1.0376549005508422,62.363227924019974,0.0014233041246794768,0.0032589776175362723
2025-01-07 12:00:00+00:00,1.0416667461395264,1.0419923067092896,1.0360547304153442,1.0372368097305298,0,1.0366050249497154,1.0375793170928955,51.61171707135603,0.001038563772400526,0.0035472852843148367
2025-01-07 16:00:00+00:00,1.0375596284866333,1.0380982160568237,1.0353038311004639,1.0357327461242676,0,1.0365219507758632,1.037490975856781,48.55120352862404,0.0006462347662709266,0.003535100391932896
2025-01-07 20:00:00+00:00,1.0358400344848633,1.0358400344848633,1.0341261625289917,1.0346611738204956,0,1.036344733922971,1.0373768758773805,46.43838095445768,0.00029584355851312773,0.0034305197851998465
2025-01-08 00:00:00+00:00,1.0344470739364624,1.0357327461242676,1.0344470739364624,1.0350896120071411,0,1.0362251985024158,1.0372799992561341,47.42353865561714,8.515911429677269e-05,0.0033632772309439523
2025-01-08 04:00:00+00:00,1.034982442855835,1.0360547304153442,1.033271312713623,1.033271312713623,0,1.0359438760463404,1.037138102054596,43.746038716397656,-0.00017049104243917646,0.0034862075533185688
2025-01-08 08:00:00+00:00,1.0335917472839355,1.0341261625289917,1.0278549194335938,1.0297601222991943,0,1.0353549471180408,1.0369064807891846,37.67111429326105,-0.0005485710058554508,0.0037747195788792203
2025-01-08 12:00:00+00:00,1.0300782918930054,1.0311404466629028,1.0283833742141724,1.0302904844284058,0,1.0348726173380756,1.0366681003570557,39.04798456633904,-0.0007243952779915947,0.0038271035466875348
2025-01-08 16:00:00+00:00,1.0303966999053955,1.0327378511428833,1.029866099357605,1.0312467813491821,0,1.0345272996248476,1.0364444994926452,41.554994195789675,-0.0007353993955909553,0.0033087985856192453
2025-01-08 20:00:00+00:00,1.0311404466629028,1.0323113203048706,1.0310341119766235,1.0316723585128784,0,1.0342554004713267,1.036246783733368,42.68481067439352,-0.0006747137504557646,0.0028516224452427457
2025-01-09 00:00:00+00:00,1.0316723585128784,1.032417893409729,1.0308215618133545,1.0313531160354614,0,1.0339789924298157,1.036025309562683,42.02846732169427,-0.0006182704330398058,0.0027882116181509836
2025-01-09 04:00:00+00:00,1.0313531160354614,1.0314594507217407,1.0292301177978516,1.0292301177978516,0,1.033526718655343,1.0357265448570252,37.859346428295,-0.0006811472917509079,0.002800813743046352
2025-01-09 08:00:00+00:00,1.0293360948562622,1.0318852663040161,1.0288065671920776,1.0302904844284058,0,1.033218505871825,1.0354816460609435,41.007038475803114,-0.0006108082349845054,0.0029128193855285645
2025-01-09 12:00:00+00:00,1.0305029153823853,1.031991720199585,1.0297601222991943,1.0301843881607056,0,1.0329295422802898,1.0352237510681153,40.784431091607104,-0.0005337080943785908,0.0028400421142578125
2025-01-09 16:00:00+00:00,1.0301843881607056,1.0306090116500854,1.0295480489730835,1.0302904844284058,0,1.0326782034372533,1.0349810242652893,41.12859887603141,-0.0004416538935847992,0.0027063659259251188
2025-01-09 20:00:00+00:00,1.0301843881607056,1.0309277772903442,1.029866099357605,1.0299721956253052,0,1.0324204884075439,1.0347254109382629,40.370536796976765,-0.00037112905610805135,0.0023580874715532574
2025-01-10 00:00:00+00:00,1.0299721956253052,1.0306090116500854,1.0295480489730835,1.0301843881607056,0,1.0322075264792736,1.0344675159454346,41.14930087089682,-0.0002830954770700316,0.002234271594456264
2025-01-10 04:00:00+00:00,1.0301843881607056,1.0302904844284058,1.0283833742141724,1.029866099357605,0,1.031984533420067,1.034164011478424,40.299110060153794,-0.0002219114715692901,0.0022480743271963938
2025-01-10 08:00:00+00:00,1.0299721956253052,1.0314594507217407,1.0295480489730835,1.0305029153823853,0,1.0318434269402879,1.0340077948570252,42.84357408643176,-0.00011930528532134825,0.0022927692958286832
2025-01-10 12:00:00+00:00,1.0305029153823853,1.0313531160354614,1.02228581905365,1.025430679321289,0,1.0312326890718118,1.0337177395820618,31.373840087458433,-0.0003601817103493152,0.002741617815835135
2025-01-10 16:00:00+00:00,1.0253255367279053,1.0253255367279053,1.0232272148132324,1.024800181388855,0,1.0306200692924825,1.0333977556228637,30.288383059833222,-0.0005194369638955088,0.0024510622024536133
2025-01-10 20:00:00+00:00,1.024800181388855,1.0252203941345215,1.0239607095718384,1.024800181388855,0,1.0300657942540419,1.0330712699890137,30.288383059833222,-0.0005777644178723441,0.0023441059248788016
2025-01-13 00:00:00+00:00,1.0246951580047607,1.0252203941345215,1.0216591358184814,1.021763563156128,0,1.02927510557805,1.0326775479316712,25.38308638131072,-0.0007622477003969797,0.0023933563913617817
2025-01-13 04:00:00+00:00,1.0218679904937744,1.022704005241394,1.0210332870483398,1.021763563156128,0,1.028559720585486,1.0322881627082825,25.38308638131072,-0.0008206048954821654,0.002421464238848005
2025-01-13 08:00:00+00:00,1.0218679904937744,1.0233319997787476,1.0182262659072876,1.0198878049850464,0,1.0277338238616345,1.03197340965271,22.744226230820573,-0.0009146857016487223,0.002672135829925537
2025-01-13 12:00:00+00:00,1.0198878049850464,1.0221813917160034,1.0190563201904297,1.0199917554855347,0,1.0269964840162915,1.0316585898399353,23.22060353473998,-0.0008978003676441849,0.002736117158617292
2025-01-13 16:00:00+00:00,1.0199917554855347,1.022390365600586,1.019575834274292,1.0210332870483398,0,1.026428560495534,1.031373178958893,28.01043465250764,-0.0007503682621810351,0.0027172480310712543
2025-01-13 20:00:00+00:00,1.0210332870483398,1.0278549194335938,1.0210332870483398,1.0266940593719482,0,1.0264538461028117,1.0312031269073487,47.26593126676413,-0.00023234120904816425,0.003045107637132917
2025-01-14 00:00:00+00:00,1.0264832973480225,1.0264832973480225,1.0241703987121582,1.0251153707504272,0,1.0263263722597276,1.0309821939468384,43.75128621385623,2.9335811338505186e-05,0.0031495860644749235
2025-01-14 04:00:00+00:00,1.0251153707504272,1.0265886783599854,1.0245901346206665,1.0256409645080566,0,1.026261095330997,1.0307867908477784,45.21197370908241,0.0002508435789177286,0.0032165050506591797
2025-01-14 08:00:00+00:00,1.0256409645080566,1.0275379419326782,1.0255358219146729,1.0258514881134033,0,1.0262220851197976,1.030554780960083,45.81888875914106,0.000414883469530232,0.003283730575016567
2025-01-14 12:00:00+00:00,1.02574622631073,1.0296540260314941,1.0243802070617676,1.0296540260314941,0,1.0265489366351974,1.0304160284996033,55.42397061775011,0.0007625927245583477,0.003524209771837507
2025-01-14 16:00:00+00:00,1.0295480489730835,1.0307153463363647,1.0281718969345093,1.0299721956253052,0,1.026874961300922,1.0303479099273682,56.12484729254592,0.0009830925358126,0.0035693560327802387
2025-01-14 20:00:00+00:00,1.0300782918930054,1.0311404466629028,1.0299721956253052,1.0308215618133545,0,1.0272508280163917,1.03040935754776,58.02233713370059,0.0011439600266250846,0.003005138465336391
2025-01-15 00:00:00+00:00,1.0308215618133545,1.0308215618133545,1.029866099357605,1.0305029153823853,0,1.0275605506226768,1.0305129051208497,57.02594095811507,0.0011818710416101785,0.0029159954616001676
2025-01-15 04:00:00+00:00,1.0303966999053955,1.0310341119766235,1.0289124250411987,1.0308215618133545,0,1.027871123117027,1.0305891275405883,57.80625529784123,0.001178704780003873,0.002977567059653146
2025-01-15 08:00:00+00:00,1.0307153463363647,1.031991720199585,1.0297601222991943,1.0303966999053955,0,1.0281116542397288,1.030650522708893,56.33738543734149,0.001099822586054036,0.002882591315678188
2025-01-15 12:00:00+00:00,1.0303966999053955,1.0351966619491577,1.0296540260314941,1.0308215618133545,0,1.0283697406753123,1.0306992864608764,57.50038137922206,0.0010293389182032464,0.0031591568674360004
2025-01-15 16:00:00+00:00,1.0306090116500854,1.0309277772903442,1.027010440826416,1.0296540260314941,0,1.028492053566377,1.0306908011436462,53.298977551498936,0.0008638449821010301,0.00307427133832659
2025-01-15 20:00:00+00:00,1.0295480489730835,1.0300782918930054,1.0289124250411987,1.0297601222991943,0,1.0286128220171216,1.0307056379318238,53.63054378416179,0.0007267872606242193,0.002934328147343227
2025-01-16 00:00:00+00:00,1.029866099357605,1.0301843881607056,1.0287007093429565,1.0292301177978516,0,1.0286716120914767,1.030680181980133,51.65747942214338,0.0005724866395967001,0.0028392672538757324
2025-01-16 04:00:00+00:00,1.0293360948562622,1.0303966999053955,1.0283833742141724,1.0299721956253052,0,1.0287954771899366,1.0306546902656555,54.19825140159072,0.0004953437062586172,0.002495816775730678
2025-01-16 08:00:00+00:00,1.0300782918930054,1.0300782918930054,1.028489112854004,1.0293360948562622,0,1.0288469645867295,1.0306037068367004,51.69036892557564,0.0003815245499537718,0.002429068088531494
2025-01-16 12:00:00+00:00,1.0290182828903198,1.0307153463363647,1.0266940593719482,1.0303966999053955,0,1.0289945584266025,1.0305504846572875,55.396362297558234,0.0003580942657584357,0.002573549747467041
2025-01-16 16:00:00+00:00,1.0305029153823853,1.0317788124084473,1.0291242599487305,1.0305029153823853,0,1.0291382114700105,1.0303141808509826,55.7623627625299,0.00033082314755951403,0.002620152064732143
2025-01-16 20:00:00+00:00,1.0303966999053955,1.0307153463363647,1.029866099357605,1.0303966999053955,0,1.0292580675114757,1.0301299333572387,55.27391707053341,0.00028826340601827415,0.0023041112082345144
2025-01-17 00:00:00+00:00,1.0303966999053955,1.0312467813491821,1.0300782918930054,1.0303966999053955,0,1.029366508691849,1.0299543285369872,55.27391707053341,0.00024447351652491446,0.002205899783543178
2025-01-17 04:00:00+00:00,1.0303966999053955,1.0303966999053955,1.0280661582946777,1.0288065671920776,0,1.029313180929966,1.0297577142715455,47.97723728895049,0.00010017237297371641,0.0022889205387660433
2025-01-17 08:00:00+00:00,1.0289124250411987,1.0311404466629028,1.0289124250411987,1.0307153463363647,0,1.0294467204924802,1.0295819997787476,55.56087438429256,0.00012350129455218585,0.002387378896985735
2025-01-17 12:00:00+00:00,1.0308215618133545,1.0329511165618896,1.0269049406051636,1.0303966999053955,0,1.0295371947222818,1.029356598854065,54.14196008538657,0.00010824397182904698,0.0026676995413643973
2025-01-17 16:00:00+00:00,1.0300782918930054,1.0301843881607056,1.0276435613632202,1.0279605388641357,0,1.029387037021506,1.0290824747085572,44.73559322346487,-6.578019264964069e-05,0.0027049524443490164
2025-01-17 20:00:00+00:00,1.0278549194335938,1.0283833742141724,1.0272213220596313,1.0274324417114258,0,1.0292008850872125,1.028886387348175,42.991911524370515,-0.00020827559730567937,0.0023920536041259766
2025-01-20 00:00:00+00:00,1.028489112854004,1.0308215618133545,1.0281718969345093,1.0308215618133545,0,1.0293552352516069,1.0287881636619567,55.08995883759572,-7.307718547040049e-05,0.0023543238639831543
2025-01-20 04:00:00+00:00,1.0309277772903442,1.031991720199585,1.0302904844284058,1.0317788124084473,0,1.0295860521236868,1.0287305164337157,57.813156705009874,7.405733361757778e-05,0.002392564501081194
2025-01-20 08:00:00+00:00,1.0318852663040161,1.0328444242477417,1.0307153463363647,1.0328444242477417,0,1.0298963732783586,1.0286856126785278,60.672032715999066,0.000227706708681228,0.002438664436340332
2025-01-20 12:00:00+00:00,1.0328444242477417,1.0431879758834839,1.0315659046173096,1.0402579307556152,0,1.0308831882761926,1.0288253450393676,73.91567037166615,0.0007819737333822979,0.0031250034059797016
2025-01-20 16:00:00+00:00,1.0401498079299927,1.0423181056976318,1.0357327461242676,1.0423181056976318,0,1.0319722280306154,1.0290765047073365,76.30375859235144,0.0012148651558149537,0.0034818734441484723
2025-01-20 20:00:00+00:00,1.0423181056976318,1.043514609336853,1.0410159826278687,1.0423181056976318,0,1.0329575497131884,1.029317057132721,76.30375859235144,0.0014147433432117442,0.003373111997331892
2025-01-21 00:00:00+00:00,1.0424268245697021,1.043623447418213,1.035947322845459,1.0390689373016357,0,1.033539586626374,1.02947350025177,65.35884057873596,0.0012475165816031898,0.003731795719691685
2025-01-21 04:00:00+00:00,1.0390689373016357,1.0400415658950806,1.0369141101837158,1.0377750396728516,0,1.0339429631069907,1.0295955538749695,61.57130007822779,0.000980899322993814,0.0038945249148777555
2025-01-21 08:00:00+00:00,1.0375596284866333,1.0375596284866333,1.034554123878479,1.0356254577636719,0,1.0341032006933413,1.0296810007095336,55.78731492045455,0.0006091191039254993,0.0040411267961774555
2025-01-21 12:00:00+00:00,1.0354111194610596,1.0412328243255615,1.0348752737045288,1.0402579307556152,0,1.0346893654611768,1.029901556968689,63.70112453116257,0.0006223407060309554,0.004328770296914237
2025-01-21 16:00:00+00:00,1.0402579307556152,1.043623447418213,1.0401498079299927,1.0421009063720703,0,1.0353952265003095,1.0301377654075623,66.28655695839119,0.000696743246608289,0.004410181726728167
2025-01-21 20:00:00+00:00,1.0418837070465088,1.0437324047088623,1.0398253202438354,1.0409077405929565,0,1.0359202278424664,1.0303522324562073,63.15050856319032,0.0006102450403457026,0.00425738947732108
2025-01-22 00:00:00+00:00,1.0411244630813599,1.0427528619766235,1.0409077405929565,1.0414496660232544,0,1.0364468410025414,1.0305754160881042,63.983953210721836,0.0005367703376415634,0.004192531108856201
2025-01-22 04:00:00+00:00,1.0414496660232544,1.0424268245697021,1.0403661727905273,1.0413411855697632,0,1.0369129690565626,1.0308027958869934,63.67349681675942,0.00043257938777384883,0.004256716796330043
2025-01-22 08:00:00+00:00,1.0413411855697632,1.0459157228469849,1.0412328243255615,1.0446046590805054,0,1.0376455109636047,1.0310912013053894,68.60818042158357,0.0005288022395879932,0.004349129540579659
2025-01-22 12:00:00+00:00,1.044386386871338,1.0448229312896729,1.041775107383728,1.0423181056976318,0,1.038090519985893,1.03134024143219,62.229671557622545,0.000390201420997046,0.004445314407348633
2025-01-22 16:00:00+00:00,1.042209506034851,1.0426441431045532,1.0414496660232544,1.0423181056976318,0,1.0384931471965348,1.0315765452384948,62.229671557622545,0.00025671650614564594,0.004378557205200195
2025-01-22 20:00:00+00:00,1.042209506034851,1.042535424232483,1.0407993793487549,1.0411244630813599,0,1.0387437487093754,1.0318904209136963,58.9136197512817,5.667504840676466e-05,0.003672412463596889
2025-01-23 00:00:00+00:00,1.0411244630813599,1.041775107383728,1.0401498079299927,1.0411244630813599,0,1.038970483411469,1.0322169065475464,58.91361975128171,-9.854994792758915e-05,0.003318122455051967
2025-01-23 04:00:00+00:00,1.0411244630813599,1.0415581464767456,1.0396090745925903,1.0403661727905273,0,1.0391034062094746,1.0325282263755797,56.68802705977292,-0.0002657154032784121,0.0032788685389927457
2025-01-23 08:00:00+00:00,1.0403661727905273,1.042209506034851,1.0393929481506348,1.040474534034729,0,1.0392339898118799,1.032902445793152,56.93837473765579,-0.0003756885221557942,0.0029317566326686312
2025-01-23 12:00:00+00:00,1.0405826568603516,1.041775107383728,1.0390689373016357,1.039933443069458,0,1.0393006044078397,1.0332658433914184,55.22193636751487,-0.000484639872551399,0.002901664802006313
2025-01-23 16:00:00+00:00,1.0400415658950806,1.0440592765808105,1.0388531684875488,1.042535424232483,0,1.039608682486377,1.0337187957763672,61.268468522945085,-0.0003855512756959041,0.003043464251926967
2025-01-23 20:00:00+00:00,1.0424268245697021,1.0431879758834839,1.0415581464767456,1.041775107383728,0,1.0398150086670772,1.034154462814331,58.77111437869859,-0.0003749569131145402,0.002705769879477365
2025-01-24 00:00:00+00:00,1.041775107383728,1.0455876588821411,1.0415581464767456,1.0450413227081299,0,1.0403127528614633,1.0346346235275268,65.31226223996333,-0.0001625659169224099,0.0027454750878470285
2025-01-24 04:00:00+00:00,1.0448229312896729,1.047120451927185,1.0446046590805054,1.0463534593582153,0,1.0408880582421063,1.0350278115272522,67.54026765435124,4.0839197484226434e-05,0.002646097115107945
2025-01-24 08:00:00+00:00,1.0463534593582153,1.051745891571045,1.0462440252304077,1.0487676858901978,0,1.0416384989704959,1.0355008578300475,71.20499043151365,0.0002981890238526702,0.0029072931834629606
2025-01-24 12:00:00+00:00,1.0487676858901978,1.052188515663147,1.0466820001602173,1.052188515663147,0,1.0426432624650341,1.0360318088531495,75.43674305850783,0.0006394190815743632,0.003153426306588309
2025-01-24 16:00:00+00:00,1.0519671440124512,1.0522992610931396,1.049538254737854,1.0497585535049438,0,1.0433209092307398,1.0365099501609802,67.81299238746409,0.0006404945618390355,0.003016148294721331
2025-01-24 20:00:00+00:00,1.049648404121399,1.0499789714813232,1.0490977764129639,1.0493179559707642,0,1.0438920565393135,1.0369032287597657,66.50067452390417,0.0005538081505118888,0.002861389092036656
2025-01-27 00:00:00+00:00,1.047120451927185,1.0481081008911133,1.0462440252304077,1.047120451927185,0,1.0441995227667298,1.0372461938858033,60.23918676557407,0.0003032746209147212,0.002995635781969343
2025-01-27 04:00:00+00:00,1.047120451927185,1.0473397970199585,1.0456969738006592,1.0460251569747925,0,1.0443733926913072,1.037550265789032,57.341149491746066,3.2827458471456576e-05,0.0029889770916530062
2025-01-27 08:00:00+00:00,1.0461344718933105,1.0520778894424438,1.0456969738006592,1.0515247583389282,0,1.0450544751339377,1.0379707026481628,66.14757167902073,0.00018487215952191086,0.0033286639622279574
2025-01-27 12:00:00+00:00,1.0516352653503418,1.0535187721252441,1.049648404121399,1.0501995086669922,0,1.045544478327562,1.0383582615852356,62.784074793825134,0.0001577887310386314,0.0034658993993486676
2025-01-27 16:00:00+00:00,1.0501995086669922,1.0509721040725708,1.0484378337860107,1.049428105354309,0,1.0459143475682047,1.0387388896942138,60.844671397804056,5.4836567652544275e-05,0.0034457359995160785
2025-01-27 20:00:00+00:00,1.049428105354309,1.049648404121399,1.0432968139648438,1.0447137355804443,0,1.0458000035693704,1.0390167331695557,50.564680150372965,-0.00034202761811789753,0.0037061231476919992
2025-01-28 00:00:00+00:00,1.0439503192901611,1.0458062887191772,1.0429704189300537,1.0432968139648438,0,1.0455616045594156,1.0392895889282228,47.942870867560494,-0.0006910909009447122,0.003536820411682129
2025-01-28 04:00:00+00:00,1.0431879758834839,1.0447137355804443,1.0429704189300537,1.0437324047088623,0,1.0453873950498391,1.039569034576416,48.82140709362218,-0.0008720968828373802,0.003544926643371582
2025-01-28 08:00:00+00:00,1.0437324047088623,1.0447137355804443,1.0423181056976318,1.0427528619766235,0,1.0451364871381044,1.0398394894599914,46.90440528986696,-0.0010266019988885585,0.003428220748901367
2025-01-28 12:00:00+00:00,1.0426441431045532,1.044277310371399,1.041775107383728,1.0426441431045532,0,1.0448991210396708,1.0400929284095763,46.68529711003145,-0.001098483694177922,0.0034272500446864535
2025-01-28 16:00:00+00:00,1.0426441431045532,1.0440592765808105,1.042535424232483,1.0438413619995117,0,1.0447983820834652,1.0403830337524413,49.48381941147386,-0.0010289649088468977,0.003143106188092913
2025-01-28 20:00:00+00:00,1.0437324047088623,1.0438413619995117,1.0429704189300537,1.043079137802124,0,1.0446346445328614,1.0406366825103759,47.76478924777821,-0.0009971651926190016,0.0028119938714163645
2025-01-29 00:00:00+00:00,1.0429704189300537,1.0441683530807495,1.0429704189300537,1.0440592765808105,0,1.044579847585047,1.0409078097343445,50.16233811209151,-0.0008772077760010016,0.0027003458568028043
2025-01-29 04:00:00+00:00,1.0440592765808105,1.0446046590805054,1.041775107383728,1.0418837070465088,0,1.0443230722956625,1.0411375498771667,45.202817485033144,-0.0009076737849386539,0.0028395141874040875
2025-01-29 08:00:00+00:00,1.0419923067092896,1.0431879758834839,1.0398253202438354,1.040474534034729,0,1.04395654484224,1.0413391065597535,42.286469215395094,-0.0009798467965127402,0.0028601373944963726
2025-01-29 12:00:00+00:00,1.0403661727905273,1.0429704189300537,1.0386372804641724,1.0423181056976318,0,1.0438005030189441,1.0416093373298645,47.09539167830363,-0.0008645616856279318,0.003052302769252232
2025-01-29 16:00:00+00:00,1.042209506034851,1.043079137802124,1.0395010709762573,1.0419923067092896,0,1.0436282938465962,1.041834876537323,46.36021793131783,-0.0007742985472182016,0.002852099282400949
2025-01-29 20:00:00+00:00,1.0416667461395264,1.0429704189300537,1.0409077405929565,1.0427528619766235,0,1.0435449193827893,1.0420819997787476,48.38578502743702,-0.0006333570655786163,0.0027229785919189453
2025-01-30 00:00:00+00:00,1.0426441431045532,1.0431879758834839,1.042209506034851,1.0427528619766235,0,1.0434694853441067,1.0423778462409974,48.38578502743702,-0.00051513307706538,0.0026118499892098562
2025-01-30 04:00:00+00:00,1.0427528619766235,1.043079137802124,1.0413411855697632,1.0426441431045532,0,1.043390881321292,1.04268208026886,48.084754487065666,-0.0004231095619118474,0.002282304423195975
2025-01-30 08:00:00+00:00,1.0429704189300537,1.0429704189300537,1.0395010709762573,1.0395010709762573,0,1.0430204231931934,1.042855670452118,40.28215137610978,-0.0005450130043305794,0.0023275528635297504
2025-01-30 12:00:00+00:00,1.0396090745925903,1.0466820001602173,1.0392849445343018,1.0431879758834839,0,1.0430363805922687,1.0430838537216187,50.4410472020043,-0.00035749596619703394,0.002731391361781529
2025-01-30 16:00:00+00:00,1.0434056520462036,1.0437324047088623,1.0413411855697632,1.0431879758834839,0,1.043050818239051,1.0432907247543335,50.4410472020043,-0.0002203449705967162,0.002731076308659145
2025-01-30 20:00:00+00:00,1.043079137802124,1.043514609336853,1.0387451648712158,1.039933443069458,0,1.0427539253657565,1.0432842350006104,42.9594085055278,-0.00032914658677422426,0.0028930221285138813
2025-01-31 00:00:00+00:00,1.039933443069458,1.040474534034729,1.0386372804641724,1.0387451648712158,0,1.0423721386519909,1.043212776184082,40.592030692857854,-0.00045378924053144,0.002915407930101667
2025-01-31 04:00:00+00:00,1.0387451648712158,1.0414496660232544,1.0386372804641724,1.0407993793487549,0,1.0422223520516827,1.0431824016571045,46.11981049298692,-0.00037386419089407026,0.0030540823936462402
2025-01-31 08:00:00+00:00,1.0405826568603516,1.0409077405929565,1.0369141101837158,1.0377750396728516,0,1.041798798491794,1.0431565237045288,40.19056296453593,-0.0004931592206041036,0.0032537749835423063
2025-01-31 12:00:00+00:00,1.0379904508590698,1.0400415658950806,1.0363768339157104,1.0400415658950806,0,1.0416314430063927,1.0432018542289734,45.81296995454976,-0.0003922931831207004,0.0033134307180132183
2025-01-31 16:00:00+00:00,1.039933443069458,1.043514609336853,1.036806583404541,1.037882685661316,0,1.0412744184973377,1.0432469987869262,41.78382201727946,-0.0004402470042552003,0.0035523857389177594
2025-01-31 20:00:00+00:00,1.0377750396728516,1.0385295152664185,1.0354111194610596,1.0362694263458252,0,1.040797752578146,1.0431672286987306,39.02200642309433,-0.0005431407467978561,0.003465618406023298
2025-02-03 00:00:00+00:00,1.0246951580047607,1.0266940593719482,1.0215548276901245,1.022390365600586,0,1.0390446681040926,1.0427730178833008,24.201365958666713,-0.0014566127721781109,0.004261084965297154
2025-02-03 04:00:00+00:00,1.022599458694458,1.025430679321289,1.022494912147522,1.0228086709976196,0,1.037498382665381,1.042411036491394,25.124395901809763,-0.0019145094276226695,0.004330916064126151
2025-02-03 08:00:00+00:00,1.022599458694458,1.02574622631073,1.0215548276901245,1.025430679321289,0,1.0363490775849913,1.0420906567573547,30.811771411252607,-0.0019178578410595569,0.004560410976409912
2025-02-03 12:00:00+00:00,1.0255358219146729,1.033164620399475,1.024800181388855,1.0316723585128784,0,1.0359036757685995,1.041897280216217,42.088615423934094,-0.001400758568561394,0.005033731460571289
2025-02-03 16:00:00+00:00,1.0317788124084473,1.0323113203048706,1.0277491807937622,1.0287007093429565,0,1.0352176789661574,1.041579201221466,38.842642415420435,-0.0011693404474913509,0.00511178800037929
2025-02-03 20:00:00+00:00,1.0287007093429565,1.0351966619491577,1.0287007093429565,1.0329511165618896,0,1.0350018158800367,1.0413918614387512,45.33640148145637,-0.000665553127770177,0.005047423498971122
2025-02-04 00:00:00+00:00,1.033271312713623,1.033271312713623,1.0312467813491821,1.0317788124084473,0,1.0346948631684567,1.0411810755729676,43.95027301577623,-0.0003620072759085665,0.005021231515066964
2025-02-04 04:00:00+00:00,1.0316723585128784,1.031991720199585,1.0279605388641357,1.0313531160354614,0,1.0343766015367428,1.0409856486320495,43.43099428062548,-0.00015140941977453536,0.004968498434339251
2025-02-04 08:00:00+00:00,1.0317788124084473,1.0351966619491577,1.0312467813491821,1.0325244665145874,0,1.034200207725109,1.040813648700714,45.344562412699666,9.215543752816692e-05,0.005119400365012032
2025-02-04 12:00:00+00:00,1.0325244665145874,1.0387451648712158,1.0323113203048706,1.0382059812545776,0,1.0345817099660106,1.040770444869995,53.55178761149732,0.0006312334058737466,0.005378076008387974
2025-02-04 16:00:00+00:00,1.0383137464523315,1.0389610528945923,1.0370217561721802,1.0385295152664185,0,1.0349576914231924,1.040731544494629,53.97561735845873,0.000983901387828257,0.005231337887900216
2025-02-04 20:00:00+00:00,1.038421630859375,1.0389610528945923,1.037451982498169,1.037451982498169,0,1.0351952429541424,1.0406819152832032,52.265092536899445,0.0011095884442601281,0.005077362060546875
2025-02-05 00:00:00+00:00,1.0376672744750977,1.0388531684875488,1.0373444557189941,1.0383137464523315,0,1.0354922432873033,1.0405974817276,53.53337336890763,0.001207651940502345,0.004705982548849923
2025-02-05 04:00:00+00:00,1.0383137464523315,1.0410159826278687,1.0376672744750977,1.0405826568603516,0,1.0359770445799745,1.0405736327171327,56.788670801484685,0.0013703091901388507,0.004722433430807931
2025-02-05 08:00:00+00:00,1.0405826568603516,1.0434056520462036,1.0392849445343018,1.041775107383728,0,1.036529241037475,1.0405083084106446,58.43670859720033,0.0014931054243488076,0.003965726920536586
2025-02-05 12:00:00+00:00,1.0415581464767456,1.0440592765808105,1.0405826568603516,1.0424268245697021,0,1.0370909156595918,1.0404297757148742,59.34922742556104,0.001546568937189391,0.003996891634804862
2025-02-05 16:00:00+00:00,1.0424268245697021,1.0426441431045532,1.0407993793487549,1.0410159826278687,0,1.0374647315613323,1.0402747416496276,56.45939921497072,0.001418620749317321,0.0038292748587472098
2025-02-05 20:00:00+00:00,1.0409077405929565,1.0410159826278687,1.0400415658950806,1.0403661727905273,0,1.037741059297446,1.0400382947921754,55.12795958918861,0.001229008444753806,0.0033014161246163504
2025-02-06 00:00:00+00:00,1.0403661727905273,1.0406910181045532,1.0392849445343018,1.0395010709762573,0,1.037908679457333,1.0398331451416016,53.325017181377504,0.000994145466950235,0.0030759828431265695
2025-02-06 04:00:00+00:00,1.0395010709762573,1.0396090745925903,1.0380982160568237,1.038421630859375,0,1.037957531971813,1.0396152186393737,51.080212072168095,0.0007272877208470068,0.002719904695238386
2025-02-06 08:00:00+00:00,1.0382059812545776,1.0383137464523315,1.035947322845459,1.0366991758346558,0,1.037837688530179,1.0394067931175233,47.63432031934849,0.0004116720527780723,0.0027520315987723215
2025-02-06 12:00:00+00:00,1.0360547304153442,1.037882685661316,1.0357327461242676,1.0371291637420654,0,1.03777020997893,1.0392288732528687,48.56710824612011,0.00021846655421778633,0.00261765718460083
2025-02-06 16:00:00+00:00,1.0372368097305298,1.0398253202438354,1.0369141101837158,1.0387451648712158,0,1.0378630628258145,1.0389732813835144,52.02581601230513,0.0001873041935180699,0.002543466431753976
2025-02-06 20:00:00+00:00,1.0386372804641724,1.0392849445343018,1.038421630859375,1.0388531684875488,0,1.0379573586031225,1.0387463545799256,52.256897356941025,0.00016267713231757434,0.002145571368081229
2025-02-07 00:00:00+00:00,1.0388531684875488,1.0393929481506348,1.0377750396728516,1.0382059812545776,0,1.0379810369508802,1.038521912097931,50.6815247516573,9.487197164619385e-05,0.00212261506489345
2025-02-07 04:00:00+00:00,1.0383137464523315,1.0392849445343018,1.0375596284866333,1.0391769409179688,0,1.0380949325667934,1.0384111762046815,52.972133300052775,0.0001066081955156589,0.0021380611828395297
2025-02-07 08:00:00+00:00,1.0392849445343018,1.0402579307556152,1.0379904508590698,1.0385295152664185,0,1.0381363213953292,1.038315830230713,51.26245639072201,6.40596343959676e-05,0.002192258834838867
2025-02-07 12:00:00+00:00,1.038421630859375,1.0389610528945923,1.0333781242370605,1.0356254577636719,0,1.0378971915256474,1.038153691291809,44.348240039328715,-0.00015444209010674652,0.002351846013750349
2025-02-07 16:00:00+00:00,1.0354111194610596,1.0357327461242676,1.0310341119766235,1.033484935760498,0,1.0374769766908714,1.0379683327674867,40.05933477461016,-0.0004226945705948396,0.0023931264877319336
2025-02-07 20:00:00+00:00,1.0333781242370605,1.0340192317962646,1.0325244665145874,1.0328444242477417,0,1.037035781220097,1.0377723383903503,38.84863150317446,-0.0006113770511796537,0.002251565456390381
2025-02-10 00:00:00+00:00,1.0312467813491821,1.0320981740951538,1.0301843881607056,1.0313531160354614,0,1.0364945750120365,1.0375225734710694,36.11203306552076,-0.000793197955715563,0.0023097991943359375
2025-02-10 04:00:00+00:00,1.0314594507217407,1.0327378511428833,1.0313531160354614,1.0315659046173096,0,1.0360251778315863,1.037292308807373,36.796172030628,-0.0008506274701454417,0.0023391076496669222
2025-02-10 08:00:00+00:00,1.0315659046173096,1.0338054895401,1.0310341119766235,1.032417893409729,0,1.0356816269342666,1.0370594811439515,39.58572781808149,-0.0007843493048552686,0.0024366293634687152
2025-02-10 12:00:00+00:00,1.0323113203048706,1.0328444242477417,1.0307153463363647,1.0317788124084473,0,1.03530993031276,1.0368573832511903,38.22295750289539,-0.0007373768735765109,0.0024807878902980258
2025-02-10 16:00:00+00:00,1.0317788124084473,1.031991720199585,1.0307153463363647,1.0309277772903442,0,1.0348925824058632,1.0366664481163026,36.42468267251873,-0.0007168130603488613,0.0023952211652483258
2025-02-10 20:00:00+00:00,1.0309277772903442,1.0314594507217407,1.0300782918930054,1.0303966999053955,0,1.0344644031201045,1.0364280200004579,35.30832364993226,-0.0006918269293538224,0.002340308257511684
2025-02-11 00:00:00+00:00,1.0302904844284058,1.0309277772903442,1.0295480489730835,1.0300782918930054,0,1.0340466782413331,1.036189739704132,34.62317336418984,-0.0006502299134948594,0.0022309167044503348
2025-02-11 04:00:00+00:00,1.0300782918930054,1.0313531160354614,1.0300782918930054,1.0306090116500854,0,1.033719281423119,1.0359468626976014,36.82371103103133,-0.0005447307450853597,0.002260310309273856
2025-02-11 08:00:00+00:00,1.0307153463363647,1.0327378511428833,1.0303966999053955,1.032417893409729,0,1.0335953397075581,1.0357401633262635,43.77070919316362,-0.0003218985216450459,0.0023119705063956125
2025-02-11 12:00:00+00:00,1.0325244665145874,1.034554123878479,1.031991720199585,1.0343401432037354,0,1.0336662733738606,1.035574083328247,50.05581161718692,-2.9236890846949352e-05,0.002371762480054583
2025-02-11 16:00:00+00:00,1.0342330932617188,1.0373444557189941,1.0342330932617188,1.03616201877594,0,1.0339039634121538,1.0355073022842407,55.17037360090672,0.0002855116418210826,0.00243203980582101
2025-02-11 20:00:00+00:00,1.03616201877594,1.0387451648712158,1.0360547304153442,1.0366991758346558,0,1.0341701741190588,1.035377526283264,56.58212840334388,0.0005149657055279575,0.002225433077130999
2025-02-12 00:00:00+00:00,1.0366991758346558,1.0370217561721802,1.0357327461242676,1.0363768339157104,0,1.0343803321949303,1.0352413034439087,55.4535704863472,0.00062290555952634,0.0019818884985787527
2025-02-12 04:00:00+00:00,1.0364842414855957,1.0382059812545776,1.0358400344848633,1.0376672744750977,0,1.0346933743168512,1.0351959800720214,58.98082946045227,0.0007505285577344685,0.0020441157477242605
2025-02-12 08:00:00+00:00,1.0376672744750977,1.0387451648712158,1.036806583404541,1.0377750396728516,0,1.034986866255518,1.0351765775680541,59.27086740372088,0.0008066121759208167,0.0019925832748413086
2025-02-12 12:00:00+00:00,1.0377750396728516,1.0382059812545776,1.0320981740951538,1.0375596284866333,0,1.0352318912299099,1.0351117825508118,58.382233147362406,0.000792453506582457,0.0023299455642700195
2025-02-12 16:00:00+00:00,1.0377750396728516,1.0431879758834839,1.0354111194610596,1.0393929481506348,0,1.035628182365217,1.0351441407203674,63.41024097451337,0.0008639496078995628,0.0026874797684805734
2025-02-12 20:00:00+00:00,1.0393929481506348,1.0400415658950806,1.038421630859375,1.0393929481506348,0,1.0359867314876376,1.0351311683654785,63.410240974513364,0.000866417222379098,0.0026511124202183317
2025-02-13 00:00:00+00:00,1.0395010709762573,1.0424268245697021,1.0390689373016357,1.0421009063720703,0,1.0365690338575835,1.0352155327796937,69.68441134649139,0.0009963305894840754,0.0027997919491359164
2025-02-13 04:00:00+00:00,1.0421009063720703,1.0441683530807495,1.0421009063720703,1.0427528619766235,0,1.0371579698689206,1.0353452014923095,70.97483467905363,0.0010658340891620648,0.0028488125119890484
2025-02-13 08:00:00+00:00,1.0428615808486938,1.0431879758834839,1.0398253202438354,1.0405826568603516,0,1.0374841305347713,1.0357090473175048,61.57841978321128,0.0009112974103619192,0.002990450177873884
2025-02-13 12:00:00+00:00,1.040474534034729,1.0438413619995117,1.0380982160568237,1.0437324047088623,0,1.038079204265637,1.0361275219917296,68.16578356968213,0.0009618676948311554,0.0033096160207475933
2025-02-13 16:00:00+00:00,1.043623447418213,1.0447137355804443,1.0383137464523315,1.0439503192901611,0,1.0386383580774965,1.036497914791107,68.56730910845624,0.0009490490315615767,0.0035995330129350933
2025-02-13 20:00:00+00:00,1.0439503192901611,1.0481081008911133,1.0438413619995117,1.0463534593582153,0,1.039373129628041,1.0367915368080138,72.662345259526,0.0010344642901714079,0.003721271242414202
2025-02-14 00:00:00+00:00,1.0465724468231201,1.0469011068344116,1.0456969738006592,1.0461344718933105,0,1.0400170669866382,1.037140212059021,71.74508372870068,0.001007277252156242,0.00358504056930542
2025-02-14 04:00:00+00:00,1.0461344718933105,1.0474494695663452,1.0450413227081299,1.0467915534973145,0,1.0406622561781311,1.0374170207977296,72.8524692440727,0.0009645513582545511,0.0035648771694728305
2025-02-14 08:00:00+00:00,1.0469011068344116,1.0490977764129639,1.0465724468231201,1.0470107793807983,0,1.041266877435528,1.0377216601371766,73.22945011175062,0.0008841844356533282,0.003653185708182199
2025-02-14 12:00:00+00:00,1.0469011068344116,1.0516352653503418,1.0460251569747925,1.051193118095398,0,1.0422122336888489,1.0381184601783753,79.17174200264066,0.001035339179520655,0.00388491153717041
2025-02-14 16:00:00+00:00,1.0510826110839844,1.051193118095398,1.0497585535049438,1.0501995086669922,0,1.0429729265439103,1.0384719610214233,74.9171388548244,0.0009910067712198684,0.0038489103317260742
2025-02-14 20:00:00+00:00,1.0500892400741577,1.0500892400741577,1.0492078065872192,1.049538254737854,0,1.0435981958957143,1.0386986064910888,72.13873961423826,0.0008454222278829414,0.0034834742546081543
2025-02-17 00:00:00+00:00,1.0490977764129639,1.0508617162704468,1.0488777160644531,1.0497585535049438,0,1.0441848966204028,1.0389231872558593,72.50458886587877,0.0006983383355507918,0.0030696988105773926
2025-02-17 04:00:00+00:00,1.0497585535049438,1.0500892400741577,1.0485477447509766,1.0485477447509766,0,1.0446004059661718,1.0391451025009155,67.27571793488215,0.0004651034680046486,0.003064095973968506
2025-02-17 08:00:00+00:00,1.048657774925232,1.0492078065872192,1.0474494695663452,1.0485477447509766,0,1.0449763429932961,1.0393497824668885,67.27571793488215,0.0002663083164990464,0.0029498423848833355
2025-02-17 12:00:00+00:00,1.0484378337860107,1.0487676858901978,1.0470107793807983,1.048327922821045,0,1.0452955410721292,1.0395046877861023,66.26943404413117,8.4884989588788e-05,0.0029276609420776367
2025-02-17 16:00:00+00:00,1.048327922821045,1.0487676858901978,1.047998309135437,1.0484378337860107,0,1.0455948070448797,1.039637942314148,66.53893273256529,-5.529019065459318e-05,0.00274242673601423
2025-02-17 20:00:00+00:00,1.0484378337860107,1.0493179559707642,1.0477787256240845,1.0487676858901978,0,1.0458969859825291,1.039764759540558,67.38122647958676,-0.00014810146988862138,0.0024421470505850656
2025-02-18 00:00:00+00:00,1.0487676858901978,1.0488777160644531,1.046462893486023,1.0465724468231201,0,1.045961315586395,1.0398758888244628,57.0826909199519,-0.0003671685192092903,0.002157492297036307
2025-02-18 04:00:00+00:00,1.0465724468231201,1.047120451927185,1.045478343963623,1.0465724468231201,0,1.0460195185613212,1.0400000143051147,57.0826909199519,-0.0005129545024150665,0.0019700186593191965
2025-02-18 08:00:00+00:00,1.0466820001602173,1.0472300052642822,1.0459157228469849,1.0465724468231201,0,1.0460721783957783,1.040141441822052,57.082690919951894,-0.0006039978638596312,0.001977886472429548
2025-02-18 12:00:00+00:00,1.0465724468231201,1.0470107793807983,1.0444954633712769,1.0469011068344116,0,1.0461511239613623,1.0403110313415527,58.27516856168207,-0.0006336060196571952,0.001985541411808559
2025-02-18 16:00:00+00:00,1.0469011068344116,1.047120451927185,1.0439503192901611,1.0448229312896729,0,1.0460246294212014,1.0404735064506532,49.003374150265934,-0.0007753101763959777,0.0020315987723214285
2025-02-18 20:00:00+00:00,1.0446046590805054,1.045478343963623,1.0444954633712769,1.0450413227081299,0,1.0459309811628137,1.0406317496299744,49.90538002009843,-0.0008315169416998245,0.001701082502092634
2025-02-19 00:00:00+00:00,1.0450413227081299,1.045478343963623,1.0444954633712769,1.045369029045105,0,1.045877461913508,1.040764226913452,51.29742665365919,-0.0008223177288687084,0.0016688193593706404
2025-02-19 04:00:00+00:00,1.045369029045105,1.046462893486023,1.0451505184173584,1.045478343963623,0,1.0458394506801858,1.0408967304229737,51.7787977515916,-0.000784668555686222,0.0016917245728628977
2025-02-19 08:00:00+00:00,1.045478343963623,1.0456969738006592,1.042209506034851,1.0427528619766235,0,1.045545489851275,1.0409876680374146,40.91939638967781,-0.0009102828279407788,0.0017991151128496443
2025-02-19 12:00:00+00:00,1.042535424232483,1.044277310371399,1.042535424232483,1.0427528619766235,0,1.0452795252917844,1.0410591864585876,40.91939638967781,-0.0009556339452533274,0.0018134287425449916
2025-02-19 16:00:00+00:00,1.0426441431045532,1.043514609336853,1.0403661727905273,1.0428615808486938,0,1.0450492448686328,1.0411458277702332,41.48711926193378,-0.00093918402400108,0.0019127215657915389
2025-02-19 20:00:00+00:00,1.0427528619766235,1.043079137802124,1.0423181056976318,1.0423181056976318,0,1.0447891363761566,1.0412796807289124,39.44651162308966,-0.0009243416496596146,0.001841587679726737
2025-02-20 00:00:00+00:00,1.0424268245697021,1.0440592765808105,1.042209506034851,1.0434056520462036,0,1.04465737596378,1.0414780950546265,45.24992749238477,-0.0008050901730298445,0.0019187586648123606
2025-02-20 04:00:00+00:00,1.0434056520462036,1.043623447418213,1.0427528619766235,1.0432968139648438,0,1.0445277986305481,1.0416871428489685,44.78731501805812,-0.0007011639492734389,0.0018709983144487654
2025-02-20 08:00:00+00:00,1.043514609336853,1.0449320077896118,1.0431879758834839,1.0440592765808105,0,1.0444831774829542,1.0419412660598755,48.7409144597061,-0.0005550888120406023,0.0018230846949986049
2025-02-20 12:00:00+00:00,1.0441683530807495,1.0477787256240845,1.0437324047088623,1.0476689338684082,0,1.0447865828529974,1.0422633266448975,62.44970756608956,-0.00020728658040908743,0.001994814191545759
2025-02-20 16:00:00+00:00,1.0475592613220215,1.0505305528640747,1.0467915534973145,1.0504201650619507,0,1.0453231144919453,1.0426233720779419,69.20895820667764,0.00019441161835404756,0.0021680082593645367
2025-02-20 20:00:00+00:00,1.0503098964691162,1.0507513284683228,1.0498688220977783,1.0503098964691162,0,1.0457980461088188,1.0429939937591552,68.6753828718183,0.00042577574703784357,0.0020513789994376047
2025-02-21 00:00:00+00:00,1.0503098964691162,1.0506409406661987,1.0487676858901978,1.0505305528640747,0,1.0462487610378908,1.04338604927063,69.18731495485866,0.0005583977211454585,0.001958744866507394
2025-02-21 04:00:00+00:00,1.0504201650619507,1.0507513284683228,1.0490977764129639,1.049538254737854,0,1.046562046152173,1.043768880367279,64.11293945554758,0.0005434971374703005,0.0020066499710083008
2025-02-21 08:00:00+00:00,1.049428105354309,1.049648404121399,1.0466820001602173,1.0472300052642822,0,1.0466256613057072,1.0441119146347047,54.16176789172309,0.00035169370518207477,0.0021483302116394043
2025-02-21 12:00:00+00:00,1.0472300052642822,1.0493179559707642,1.0458062887191772,1.0458062887191772,0,1.0465476258212758,1.0444158601760865,49.09964856093863,0.00011471289139165124,0.002305422510419573
2025-02-21 16:00:00+00:00,1.0458062887191772,1.0470107793807983,1.045259714126587,1.0465724468231201,0,1.0465499897262134,1.0446989512443543,51.71500730116341,1.3299262303037183e-06,0.0021813937595912387
2025-02-21 20:00:00+00:00,1.0463534593582153,1.0466820001602173,1.0461344718933105,1.0462440252304077,0,1.0465208502504224,1.0449370288848876,50.51676673065133,-9.849712978194248e-05,0.0020960824830191477
2025-02-24 00:00:00+00:00,1.0476689338684082,1.0530749559402466,1.0475592613220215,1.0522992610931396,0,1.0470711750925858,1.0452597737312317,66.10869348166901,0.00022302009497269994,0.0023591177804129465
2025-02-24 04:00:00+00:00,1.0522992610931396,1.0522992610931396,1.0489877462387085,1.0493179559707642,0,1.0472851542238408,1.0455121493339539,56.644950002958836,0.00021457404534220778,0.002541295119694301
2025-02-24 08:00:00+00:00,1.0493179559707642,1.049538254737854,1.0467915534973145,1.0472300052642822,0,1.047279901941978,1.0457292127609252,51.124987827529075,5.6278897786574134e-05,0.002605361597878592
2025-02-24 12:00:00+00:00,1.047120451927185,1.0477787256240845,1.0455876588821411,1.047120451927185,0,1.0472647162262836,1.045918276309967,50.84501663262668,-6.151224085889652e-05,0.002699681690761021
2025-02-24 16:00:00+00:00,1.047120451927185,1.0488777160644531,1.0469011068344116,1.0477787256240845,0,1.0473136695022647,1.0461183500289917,52.52726442034735,-9.86003189186581e-05,0.002716294356754848
2025-02-24 20:00:00+00:00,1.0477787256240845,1.048218011856079,1.0463534593582153,1.0463534593582153,0,1.0472222209171171,1.0462942266464232,48.64541642569595,-0.00021590298656762753,0.0025604537555149625
2025-02-25 00:00:00+00:00,1.046462893486023,1.0478885173797607,1.0462440252304077,1.0475592613220215,0,1.0472543200032984,1.046457552909851,51.885067845476485,-0.000208932690942757,0.002410846097128732
2025-02-25 04:00:00+00:00,1.0476689338684082,1.048218011856079,1.0467915534973145,1.0467915534973145,0,1.0472102470027285,1.0466055250167847,49.733890721302224,-0.0002499044882788077,0.002449699810573033
2025-02-25 08:00:00+00:00,1.046462893486023,1.0492078065872192,1.0460251569747925,1.0492078065872192,0,1.04740049077268,1.0467476630210877,55.92735998676396,-0.00011501512123406824,0.0025432280131748746
2025-02-25 12:00:00+00:00,1.0493179559707642,1.052188515663147,1.0490977764129639,1.0500892400741577,0,1.0476565621347254,1.0468943905830383,57.96220104244989,2.5343034416330074e-05,0.0026458842413766043
2025-02-25 16:00:00+00:00,1.0500892400741577,1.0519671440124512,1.048657774925232,1.0513036251068115,0,1.0480039014654003,1.0471088099479675,60.657314019380074,0.00018296154227709523,0.00267038175037929
2025-02-25 20:00:00+00:00,1.051414132118225,1.052520751953125,1.051193118095398,1.0522992610931396,0,1.048412983334709,1.047280147075653,62.7650519973472,0.0003287588224172313,0.0025143793651035856
2025-02-26 00:00:00+00:00,1.0522992610931396,1.0527424812316895,1.0504201650619507,1.0507513284683228,0,1.0486356828712435,1.0474161672592164,57.59850944340026,0.0002964299373132927,0.002555183001926967
2025-02-26 04:00:00+00:00,1.0506409406661987,1.0507513284683228,1.0489877462387085,1.0497585535049438,0,1.048742622931596,1.0474842691421509,54.49993760925816,0.00018890299750459933,0.0026420439992632183
2025-02-26 08:00:00+00:00,1.049538254737854,1.051414132118225,1.0489877462387085,1.049428105354309,0,1.0488079069718543,1.0475501418113708,53.46886678797469,8.171771543048637e-05,0.0023274336542401996
2025-02-26 12:00:00+00:00,1.0493179559707642,1.0510826110839844,1.0477787256240845,1.0508617162704468,0,1.0490035078574347,1.0476315450668334,57.24775523307297,9.275728468166491e-05,0.002326888697487967
2025-02-26 16:00:00+00:00,1.0509721040725708,1.0527424812316895,1.0485477447509766,1.049428105354309,0,1.0490439457142797,1.0476798915863037,52.643592705710134,-5.871623712351039e-06,0.0024303197860717773
2025-02-26 20:00:00+00:00,1.0493179559707642,1.049538254737854,1.048218011856079,1.0489877462387085,0,1.049038593383273,1.04763578414917,51.27933950463561,-0.00010466792679704267,0.0023681180817740305
2025-02-27 00:00:00+00:00,1.0490977764129639,1.0490977764129639,1.0467915534973145,1.0467915534973145,0,1.0488245895846104,1.0475676250457764,45.01399236826682,-0.00031020472484325347,0.0023916619164603098
2025-02-27 04:00:00+00:00,1.0469011068344116,1.048327922821045,1.0461344718933105,1.047998309135437,0,1.0487458962084988,1.0475368261337281,48.72141674915619,-0.00035399458364875677,0.002415154661451067
2025-02-27 08:00:00+00:00,1.0478885173797607,1.0489877462387085,1.0473397970199585,1.047998309135437,0,1.0486746974396357,1.047501621246338,48.72141674915619,-0.00037031455810114186,0.0024154015949794222
2025-02-27 12:00:00+00:00,1.0478885173797607,1.048657774925232,1.0412328243255615,1.0415581464767456,0,1.0479969306812653,1.0473618292808533,34.37578671753175,-0.0007787135348911484,0.002843865326472691
2025-02-27 16:00:00+00:00,1.041775107383728,1.0419923067092896,1.0402579307556152,1.0405826568603516,0,1.0472908093649878,1.0472025275230408,32.800392467795504,-0.0010609335725529933,0.002740417207990374
2025-02-27 20:00:00+00:00,1.0407993793487549,1.0411244630813599,1.0393929481506348,1.039717197418213,0,1.0465695129891044,1.047030313014984,31.424411229836394,-0.00123983270405388,0.002643329756600516
2025-02-28 00:00:00+00:00,1.039717197418213,1.0405826568603516,1.0383137464523315,1.0390689373016357,0,1.0458551724474408,1.0468429350852966,30.395838819910963,-0.0013279071220762986,0.002569011279514858
2025-02-28 04:00:00+00:00,1.0391769409179688,1.0402579307556152,1.0385295152664185,1.039933443069458,0,1.0452911982209663,1.046666250228882,33.520883533888394,-0.0012548696091441952,0.0025976385389055523
2025-02-28 08:00:00+00:00,1.039933443069458,1.0409077405929565,1.0395010709762573,1.0400415658950806,0,1.0447912332375486,1.046535632610321,33.92048040927132,-0.001130089496912731,0.002532235213688442
2025-02-28 12:00:00+00:00,1.0400415658950806,1.0423181056976318,1.0400415658950806,1.040474534034729,0,1.0443801190277562,1.0464136743545531,35.59008191512126,-0.0009561127339334317,0.0025688750403267996
2025-02-28 16:00:00+00:00,1.0401498079299927,1.0413411855697632,1.0362694263458252,1.0370217561721802,0,1.0436793225653205,1.0462226605415343,29.24430695266389,-0.0010062206704878189,0.0027578302792140414
2025-02-28 20:00:00+00:00,1.0370217561721802,1.0380982160568237,1.036591649055481,1.0380982160568237,0,1.0431477886121303,1.0460466027259827,33.24081420529912,-0.0009028150622880969,0.002629450389317104
2025-03-03 00:00:00+00:00,1.0412328243255615,1.042535424232483,1.0405826568603516,1.0419923067092896,0,1.0430377427166218,1.045989990234375,45.281387903104616,-0.000526738519888984,0.0026467697960989816
2025-03-03 04:00:00+00:00,1.0419923067092896,1.0423181056976318,1.040474534034729,1.0409077405929565,0,1.0428348853715108,1.0459073185920715,42.95752725671627,-0.0003159973725364853,0.002684150423322405
2025-03-03 08:00:00+00:00,1.0405826568603516,1.0459157228469849,1.0392849445343018,1.045478343963623,0,1.0430866433326644,1.0459095048904419,53.733554359778125,0.0001416872801871757,0.0029930472373962402
2025-03-03 12:00:00+00:00,1.0456969738006592,1.0500892400741577,1.0456969738006592,1.048657774925232,0,1.0436172272938613,1.045973093509674,59.46947469549875,0.0006410544451173022,0.003165721893310547
2025-03-03 16:00:00+00:00,1.0489877462387085,1.0501995086669922,1.0476689338684082,1.0476689338684082,0,1.044003104110485,1.0460714149475097,57.098518194103164,0.0008728992740977906,0.0032287665775844027
2025-03-03 20:00:00+00:00,1.0472300052642822,1.049538254737854,1.047120451927185,1.048657774925232,0,1.0444464060928418,1.046189513206482,58.86467438018518,0.0010491341348856386,0.0028711131640842985
2025-03-04 00:00:00+00:00,1.048657774925232,1.0497585535049438,1.0477787256240845,1.047998309135437,0,1.0447846825730889,1.0462922477722167,57.17420460607951,0.0010736929412199512,0.002888645444597517
2025-03-04 04:00:00+00:00,1.047998309135437,1.0501995086669922,1.0474494695663452,1.049538254737854,0,1.0452374037316379,1.0464366507530212,60.05871735902409,0.0011398108552930892,0.002961397171020508
2025-03-04 08:00:00+00:00,1.049428105354309,1.0547411441802979,1.0490977764129639,1.0547411441802979,0,1.0461425218696054,1.0466633605957032,67.92046343057586,0.0014596738617192891,0.003202429839542934
2025-03-04 12:00:00+00:00,1.0547411441802979,1.0561892986297607,1.0501995086669922,1.0529640913009644,0,1.0467921951487824,1.0468567061424254,63.33501986219295,0.0014730411242774087,0.0035068137305123465
2025-03-04 16:00:00+00:00,1.0529640913009644,1.0604453086853027,1.051856517791748,1.0604453086853027,0,1.04809249167607,1.0471844267845154,71.92749807228975,0.0018810858789287284,0.00401982239314488
2025-03-04 20:00:00+00:00,1.0606703758239746,1.064056158065796,1.0606703758239746,1.0625863075256348,0,1.0494728550903143,1.04748277425766,73.81849341966077,0.002170028812172888,0.004115130220140729
2025-03-05 00:00:00+00:00,1.0622477531433105,1.0628122091293335,1.0605578422546387,1.062134861946106,0,1.0506787605051515,1.047717068195343,72.70636376534438,0.0021987844840612885,0.0039138879094805035
2025-03-05 04:00:00+00:00,1.0622477531433105,1.0676915645599365,1.0619093179702759,1.0676915645599365,0,1.0522990275579882,1.0480647015571594,77.24969063841144,0.002441366908322608,0.0042192935943603516
2025-03-05 08:00:00+00:00,1.0673497915267944,1.0723860263824463,1.0663254261016846,1.0680338144302368,0,1.0537975786886786,1.0484147667884827,77.4981422286253,0.002466916665729243,0.004335250173296247
2025-03-05 12:00:00+00:00,1.068376064300537,1.077702283859253,1.068376064300537,1.076774001121521,0,1.0559858093965684,1.048959481716156,82.69543572861173,0.0028854092983869044,0.004894171442304339
2025-03-05 16:00:00+00:00,1.0765421390533447,1.0793308019638062,1.0765421390533447,1.0793308019638062,0,1.0582091420220197,1.0496014976501464,83.8691868065487,0.003127067166537434,0.004619734627859933
2025-03-05 20:00:00+00:00,1.0794472694396973,1.07991361618042,1.0788650512695312,1.0796804428100586,0,1.0602540278113566,1.0502789807319641,84.02872507234353,0.0030972373121525894,0.00436528239931379
2025-03-06 00:00:00+00:00,1.0797970294952393,1.0822510719299316,1.079097867012024,1.079214334487915,0,1.0620597713043622,1.05093181848526,82.85230459342594,0.0028396895066029864,0.004409755979265485
2025-03-06 04:00:00+00:00,1.079214334487915,1.08236825466156,1.0787487030029297,1.080263614654541,0,1.063793470671046,1.0516122102737426,83.41520830610422,0.0025431499087712906,0.004495595182691302
2025-03-06 08:00:00+00:00,1.0801469087600708,1.0817828178405762,1.078515887260437,1.080263614654541,0,1.0653620558123311,1.0521714973449707,83.41520830610422,0.0021649571446677902,0.004587531089782715
2025-03-06 12:00:00+00:00,1.0801469087600708,1.0853049755096436,1.079214334487915,1.0820168256759644,0,1.0669482243707724,1.0528254747390746,84.40710663023334,0.0018623627037660647,0.0048261455127171105
2025-03-06 16:00:00+00:00,1.0820168256759644,1.0835410356521606,1.0771219730377197,1.0804970264434814,0,1.0682385864729351,1.0534908151626587,79.94358671655029,0.0014098937584955274,0.004881552287510463
2025-03-06 20:00:00+00:00,1.0803803205490112,1.0806137323379517,1.077934741973877,1.079097867012024,0,1.069272803667134,1.0541303634643555,75.96109094404773,0.000891691064415924,0.004645066601889474
2025-03-07 00:00:00+00:00,1.079097867012024,1.0816657543182373,1.078515887260437,1.0808473825454712,0,1.07037514451269,1.0547917366027832,77.47229766086558,0.0005583615076450166,0.004256572042192731
2025-03-07 04:00:00+00:00,1.080964207649231,1.0842459201812744,1.0806137323379517,1.0833063125610352,0,1.071606684326818,1.0555307936668397,79.4296287715205,0.0004023810940245072,0.004258096218109131
2025-03-07 08:00:00+00:00,1.0830715894699097,1.087311029434204,1.0830715894699097,1.0851871967315674,0,1.0729000664606037,1.0562833523750306,80.80357082715803,0.00032792979521824306,0.004399887153080532
2025-03-07 12:00:00+00:00,1.0851871967315674,1.0889687538146973,1.0838934183120728,1.0874292850494385,0,1.0742838015643021,1.057096107006073,82.31955551453495,0.00033078601271237934,0.004349393504006522
2025-03-07 16:00:00+00:00,1.0874292850494385,1.0874292850494385,1.0829542875289917,1.0845986604690552,0,1.0752661690790406,1.0578039240837098,74.33780185695275,5.746474146871988e-05,0.004236136163984027
2025-03-07 20:00:00+00:00,1.0847163200378418,1.0854227542877197,1.0834236145019531,1.0834236145019531,0,1.0760430686431275,1.0584706115722655,71.24940016559512,-0.00026910709099157645,0.0036883269037519184
2025-03-10 00:00:00+00:00,1.0862481594085693,1.087311029434204,1.0833063125610352,1.0833063125610352,0,1.0767348061591187,1.05911066532135,70.93258578696603,-0.0005438198063326318,0.0037751879010881695
2025-03-10 04:00:00+00:00,1.0834236145019531,1.0847163200378418,1.081548810005188,1.082602620124817,0,1.0772936455844233,1.0597167325019836,68.95182599628762,-0.0008078099334147982,0.003926541124071393
2025-03-10 08:00:00+00:00,1.0824854373931885,1.0875475406646729,1.0808473825454712,1.0855406522750854,0,1.0780790747930578,1.0604125189781188,72.4153049346941,-0.000816993033604177,0.004179894924163818
2025-03-10 12:00:00+00:00,1.0853049755096436,1.0862481594085693,1.0824854373931885,1.0840108394622803,0,1.078644004761555,1.0610975646972656,68.15222976753012,-0.0009492519679419444,0.004190121378217425
2025-03-10 16:00:00+00:00,1.0840108394622803,1.0848339796066284,1.0821340084075928,1.0834236145019531,0,1.0790992056892121,1.0617774748802185,66.53310136519843,-0.0010894019269265792,0.004149624279567173
2025-03-10 20:00:00+00:00,1.0834236145019531,1.0845986604690552,1.0828369855880737,1.0841283798217773,0,1.0795781746542183,1.0624428081512451,67.53012741922993,-0.0011422161661391863,0.0038404124123709543
2025-03-11 00:00:00+00:00,1.0842459201812744,1.0863661766052246,1.0842459201812744,1.0856584310531616,0,1.080157246692213,1.0631674146652221,69.64446833335055,-0.0010822502979351608,0.003541750567299979
2025-03-11 04:00:00+00:00,1.0857763290405273,1.090274691581726,1.0838934183120728,1.089680790901184,0,1.0810642509025912,1.0639812755584717,74.36955893888575,-0.0007932195724440309,0.00380619934626988
2025-03-11 08:00:00+00:00,1.0893245935440063,1.0921800136566162,1.0886130332946777,1.090274691581726,0,1.0819414357291754,1.0648509383201599,74.98861172234098,-0.0005927552470657328,0.003835993153708322
2025-03-11 12:00:00+00:00,1.0906314849853516,1.0932546854019165,1.090274691581726,1.0928961038589478,0,1.0829847374558206,1.06574889421463,77.56442828452722,-0.00032756923407595544,0.003789407866341727
2025-03-11 16:00:00+00:00,1.0928961038589478,1.09505033493042,1.0921800136566162,1.0925379991531372,0,1.083894571903184,1.0666396880149842,76.40680158251276,-0.00022511762677615305,0.0036916136741638184
2025-03-11 20:00:00+00:00,1.0922993421554565,1.0932546854019165,1.0913456678390503,1.0917030572891235,0,1.0846382371780354,1.0676425862312318,73.64691403997791,-0.0002599530196714314,0.0034654481070382254
2025-03-12 00:00:00+00:00,1.0917030572891235,1.0918222665786743,1.0899182558059692,1.0900371074676514,0,1.085152415300856,1.0686316752433778,68.34246402629216,-0.00043145161668329234,0.003281806196485247
2025-03-12 04:00:00+00:00,1.0900371074676514,1.0911074876785278,1.0890873670578003,1.0906314849853516,0,1.0856742314612842,1.0696499609947205,69.19496074304509,-0.0005343856468288648,0.003283304827553885
2025-03-12 08:00:00+00:00,1.090274691581726,1.0927767753601074,1.090274691581726,1.090274691581726,0,1.086112370520374,1.0706740760803222,68.01100913713532,-0.0006484322959344297,0.003175973892211914
2025-03-12 12:00:00+00:00,1.090274691581726,1.0932546854019165,1.088020920753479,1.0924185514450073,0,1.0867129591798628,1.0717237782478333,71.19975512025363,-0.0006024018476385416,0.0033235635076250348
2025-03-12 16:00:00+00:00,1.0926573276519775,1.0927767753601074,1.0883761644363403,1.0894432067871094,0,1.0869729827615053,1.072711811065674,61.96747902771516,-0.0007837738455439757,0.0031593101365225656
2025-03-12 20:00:00+00:00,1.0894432067871094,1.089680790901184,1.0886130332946777,1.0888501405715942,0,1.0871517596957996,1.0736793231964112,60.28936457521297,-0.0009443516474864902,0.002966812678745815
2025-03-13 00:00:00+00:00,1.0888501405715942,1.0900371074676514,1.0886130332946777,1.0888501405715942,0,1.087313510255399,1.0747158908843994,60.289364575212964,-0.0010434778277394353,0.0028756771768842426
2025-03-13 04:00:00+00:00,1.0887316465377808,1.089561939239502,1.0863661766052246,1.08695650100708,0,1.0872795093746066,1.0756930565834046,54.79448591324438,-0.001217360319942653,0.002978112016405378
2025-03-13 08:00:00+00:00,1.08695650100708,1.0887316465377808,1.0850694179534912,1.0850694179534912,0,1.0870690244773575,1.0765545988082885,49.91241213819951,-0.0014257903810112466,0.00307985714503697
2025-03-13 12:00:00+00:00,1.0860122442245483,1.0874292850494385,1.082602620124817,1.086130142211914,0,1.0869796071187439,1.0774590468406677,52.47559919334672,-0.0014535761000084137,0.002968813691820417
2025-03-13 16:00:00+00:00,1.0860122442245483,1.088020920753479,1.0850694179534912,1.0851871967315674,0,1.0868089013675841,1.0782532238960265,50.024818389808175,-0.001491237399584398,0.00292485100882394
2025-03-13 20:00:00+00:00,1.0850694179534912,1.085894227027893,1.0850694179534912,1.0857763290405273,0,1.0867105611459595,1.0789955949783325,51.5473813429588,-0.0014319417972088007,0.002770909241267613
2025-03-14 00:00:00+00:00,1.0857763290405273,1.086130142211914,1.0837758779525757,1.0848339796066284,0,1.0865318390945946,1.079738895893097,48.977003861330346,-0.001409455762516173,0.0027340480259486605
2025-03-14 04:00:00+00:00,1.0849517583847046,1.0854227542877197,1.0834236145019531,1.0841283798217773,0,1.086302938211469,1.0804483079910279,47.08381854823451,-0.0013928987625236706,0.0027404853275844027
2025-03-14 08:00:00+00:00,1.0841283798217773,1.0913456678390503,1.0841283798217773,1.0897995233535767,0,1.0866359463202413,1.0812843322753907,60.3498867927343,-0.0009708023526479133,0.0031200051307678223
2025-03-14 12:00:00+00:00,1.0903936624526978,1.0913456678390503,1.08695650100708,1.0874292850494385,0,1.0867115023896887,1.0820421528816224,54.230557098386136,-0.0008276182362487359,0.0032892227172851562
2025-03-14 16:00:00+00:00,1.0875475406646729,1.0893245935440063,1.0874292850494385,1.0886130332946777,0,1.0868926005711164,1.08271959066391,56.5975329551274,-0.000638063461762754,0.0032458816255841938
2025-03-14 20:00:00+00:00,1.0886130332946777,1.0889687538146973,1.088139295578003,1.088139295578003,0,1.087011333428915,1.0834230947494508,55.36356037098925,-0.0005337038378434521,0.002931288310459682
2025-03-17 00:00:00+00:00,1.0883761644363403,1.0892059803009033,1.0877841711044312,1.0886130332946777,0,1.0871638762732734,1.0839864492416382,56.387567553728545,-0.00042653150004241065,0.0027185167585100445
2025-03-17 04:00:00+00:00,1.0887316465377808,1.089561939239502,1.087311029434204,1.088020920753479,0,1.0872454995571026,1.084495141506195,54.698527032789116,-0.0003902622805827924,0.002803027629852295
2025-03-17 08:00:00+00:00,1.088020920753479,1.0914647579193115,1.0874292850494385,1.0906314849853516,0,1.087567974359793,1.08506507396698,60.3392234723904,-0.00019505821819433035,0.002989556108202253
2025-03-17 12:00:00+00:00,1.0906314849853516,1.0930156707763672,1.0890873670578003,1.0925379991531372,0,1.0880413100543973,1.085562002658844,63.876734076002016,4.504395198727095e-05,0.0030418804713657926
2025-03-17 16:00:00+00:00,1.0922993421554565,1.0928961038589478,1.0914647579193115,1.0925379991531372,0,1.0884695661590391,1.086052086353302,63.876734076002016,0.00017892888930062995,0.0028825317110334125
2025-03-17 20:00:00+00:00,1.0922993421554565,1.0930156707763672,1.0921800136566162,1.0921800136566162,0,1.0888229421111895,1.086360206604004,62.65965361953825,0.00021596683997258254,0.002597459724971226
2025-03-18 00:00:00+00:00,1.0921800136566162,1.0924185514450073,1.0909883975982666,1.0911074876785278,0,1.0890405178795075,1.0865957403182984,59.03069864036067,0.0001442688487283848,0.0024887919425964355
2025-03-18 04:00:00+00:00,1.091226577758789,1.0936132669448853,1.0907504558563232,1.0936132669448853,0,1.0894760177904959,1.0868743968009948,64.24137475366322,0.00023620606607105605,0.002634363515036447
2025-03-18 08:00:00+00:00,1.0938525199890137,1.0957703590393066,1.091941475868225,1.091941475868225,0,1.089710823321708,1.087128939628601,58.86242433790168,0.00015874602003323047,0.0027396934373038156
2025-03-18 12:00:00+00:00,1.091941475868225,1.0936132669448853,1.089680790901184,1.0930156707763672,0,1.0900255706983424,1.0873839807510377,61.11534910263588,0.00015405223082453397,0.002877788884299142
2025-03-18 16:00:00+00:00,1.0928961038589478,1.0954102277755737,1.0927767753601074,1.0949305295944214,0,1.0904927096408261,1.0876773190498352,64.81456186855462,0.0002485110684570849,0.0025503720555986676
2025-03-18 20:00:00+00:00,1.0949305295944214,1.095170259475708,1.0942115783691406,1.0942115783691406,0,1.0908468876149513,1.0879212141036987,62.413746768545636,0.0002315151524345839,0.0023053373609270367
2025-03-19 00:00:00+00:00,1.0942115783691406,1.0948106050491333,1.0934937000274658,1.0942115783691406,0,1.0911673343534454,1.0881955051422119,62.413746768545636,0.00019090662779408778,0.0022640228271484375
2025-03-19 04:00:00+00:00,1.0940918922424316,1.0940918922424316,1.088020920753479,1.0894432067871094,0,1.09100313172808,1.0884024119377136,48.573953408041746,-0.00016711450591291128,0.002646965639931815
2025-03-19 08:00:00+00:00,1.0901559591293335,1.0913456678390503,1.0894432067871094,1.0911074876785278,0,1.0910130703900274,1.0886076140403746,52.530407021531744,-0.00029441791347874485,0.00268129791532244
2025-03-19 12:00:00+00:00,1.091226577758789,1.0920606851577759,1.088020920753479,1.088020920753479,0,1.0907281037579752,1.0887019062042236,45.53375659748979,-0.0005729554358813748,0.0028090732438223703
2025-03-19 16:00:00+00:00,1.0882576704025269,1.0915838479995728,1.0866022109985352,1.0901559591293335,0,1.0906736137933426,1.088801281452179,50.450044930459875,-0.0005971456413697248,0.00287665639604841
2025-03-19 20:00:00+00:00,1.0901559591293335,1.0915838479995728,1.0899182558059692,1.0914647579193115,0,1.0907489608529586,1.0888819909095764,53.236601544965545,-0.000512015450015754,0.002715034144265311
2025-03-20 00:00:00+00:00,1.0915838479995728,1.0920606851577759,1.0907504558563232,1.0913456678390503,0,1.0908057900897292,1.0890169310569764,52.9448349337622,-0.0004527855622198172,0.0027063829558236258
2025-03-20 04:00:00+00:00,1.091226577758789,1.0913456678390503,1.08695650100708,1.0882576704025269,0,1.0905631120242814,1.0891136121749878,45.917515780260906,-0.000601331153195323,0.002960205078125
2025-03-20 08:00:00+00:00,1.0882576704025269,1.0887316465377808,1.0836584568023682,1.0853049755096436,0,1.0900623371181253,1.08915358543396,40.3963081351334,-0.0008623141360673842,0.003220421927315848
2025-03-20 12:00:00+00:00,1.0853049755096436,1.0856584310531616,1.0820168256759644,1.0849517583847046,0,1.08957561533399,1.0892005681991577,39.78009720351793,-0.0010122315520493044,0.003276050090789795
2025-03-20 16:00:00+00:00,1.0850694179534912,1.0856584310531616,1.0842459201812744,1.0856584310531616,0,1.0892025501643872,1.0892029237747192,41.69631536044192,-0.0010147295327502636,0.003103452069418771
2025-03-20 20:00:00+00:00,1.0855406522750854,1.0863661766052246,1.0851871967315674,1.085894227027893,0,1.0888874717704353,1.0892405915260315,42.35543768645573,-0.0009524343958062654,0.002906773771558489
2025-03-21 00:00:00+00:00,1.0860122442245483,1.086130142211914,1.0836584568023682,1.0837758779525757,0,1.0884006533115915,1.0892476367950439,38.17956871876863,-0.0010008590487261663,0.0028952189854213168
2025-03-21 04:00:00+00:00,1.0838934183120728,1.084481120109558,1.0822510719299316,1.0840108394622803,0,1.0879825758021333,1.089245285987854,38.899131926268616,-0.0009636782766114663,0.0029860309192112516
2025-03-21 08:00:00+00:00,1.0842459201812744,1.0854227542877197,1.0824854373931885,1.0854227542877197,0,1.0877387832769512,1.0892405724525451,43.17910875424104,-0.0007974839312935418,0.0031017746244158062
2025-03-21 12:00:00+00:00,1.0853049755096436,1.0862481594085693,1.0804970264434814,1.08119797706604,0,1.0871158493521025,1.0890709161758423,35.22748721957369,-0.0009170414508175555,0.003070380006517683
2025-03-21 16:00:00+00:00,1.080964207649231,1.0829542875289917,1.0808473825454712,1.0820168256759644,0,1.0866302280496132,1.0889057588577271,37.62508581175847,-0.0008854727598496912,0.0030849831444876535
2025-03-21 20:00:00+00:00,1.0818997621536255,1.0821340084075928,1.0814317464828491,1.0821340084075928,0,1.0862020166551352,1.0886905169487,37.978895653591195,-0.0008035964764930258,0.002846590110233852
2025-03-24 00:00:00+00:00,1.0837758779525757,1.0842459201812744,1.08236825466156,1.08236825466156,0,1.085836896465271,1.0884871220588683,38.727103195379016,-0.0006851781794802807,0.0026416097368512836
2025-03-24 04:00:00+00:00,1.08236825466156,1.0853049755096436,1.0820168256759644,1.0841283798217773,0,1.085674180594462,1.0883356285095216,44.17657768981782,-0.00045112405231662695,0.002757506711142404
2025-03-24 08:00:00+00:00,1.0843634605407715,1.0860122442245483,1.0831888914108276,1.0837758779525757,0,1.0854933898666634,1.08821040391922,43.345140995004044,-0.00029065584972212634,0.002865586962018694
2025-03-24 12:00:00+00:00,1.0834236145019531,1.0837758779525757,1.0794472694396973,1.0797970294952393,0,1.0849508793550993,1.0879937148094176,35.274944396196744,-0.0004154843913652725,0.0028612613677978516
2025-03-24 16:00:00+00:00,1.0797970294952393,1.081548810005188,1.078515887260437,1.0804970264434814,0,1.0845267028873262,1.0877981615066528,37.48032640960634,-0.0004130477306380873,0.0027155280113220215
2025-03-24 20:00:00+00:00,1.0804970264434814,1.0808473825454712,1.0797970294952393,1.0804970264434814,0,1.0841429241783886,1.0875597310066223,37.48032640960634,-0.0003747021909708292,0.002530438559395926
2025-03-25 00:00:00+00:00,1.0804970264434814,1.0810810327529907,1.0797970294952393,1.0806137323379517,0,1.0838068106697756,1.0873831415176392,37.88953260947799,-0.00030755787858025734,0.002521259444100516
2025-03-25 04:00:00+00:00,1.0807305574417114,1.08119797706604,1.0788650512695312,1.079097867012024,0,1.0833583398452278,1.0871880960464477,34.711546617399264,-0.000329368763861898,0.0026036841528756277
2025-03-25 08:00:00+00:00,1.079097867012024,1.0830715894699097,1.0781670808792114,1.0820168256759644,0,1.0832305765910122,1.0870514297485352,44.38490775631612,-0.00012202087653533132,0.0027774572372436523
2025-03-25 12:00:00+00:00,1.0821340084075928,1.0833063125610352,1.0801469087600708,1.0804970264434814,0,1.0829702384817235,1.0869222402572631,40.980357690538305,-6.490327790283947e-05,0.00284383978162493
2025-03-25 16:00:00+00:00,1.0806137323379517,1.0818997621536255,1.0794472694396973,1.0797970294952393,0,1.0826680281020584,1.086816792488098,39.47833051154241,-5.2475518410828766e-05,0.002809209483010428
2025-03-25 20:00:00+00:00,1.0797970294952393,1.0797970294952393,1.0788650512695312,1.0789813995361328,0,1.0823169206195893,1.0866738176345825,37.7424728748554,-7.59697942864933e-05,0.0024649841444832937
2025-03-26 00:00:00+00:00,1.079097867012024,1.0800302028656006,1.0781670808792114,1.0787487030029297,0,1.0819770903703836,1.0865450477600098,37.23939025485634,-8.337309731115726e-05,0.002447571073259626
2025-03-26 04:00:00+00:00,1.0789813995361328,1.0793308019638062,1.0781670808792114,1.0789813995361328,0,1.0816917864814073,1.086409149169922,38.127549745546226,-5.041247449999453e-05,0.002480532441820417
2025-03-26 08:00:00+00:00,1.079097867012024,1.0804970264434814,1.0789813995361328,1.079563856124878,0,1.081489126447452,1.086303746700287,40.401078948066946,2.85553946012488e-05,0.002437940665653774
2025-03-26 12:00:00+00:00,1.0796804428100586,1.0797970294952393,1.0771219730377197,1.078399658203125,0,1.0811948913765637,1.0861891722679138,37.43976610995678,2.0687594305109167e-05,0.0023941482816423687
2025-03-26 16:00:00+00:00,1.078515887260437,1.0794472694396973,1.074806571006775,1.075384497642517,0,1.0806415205447497,1.0859008717536927,31.084867160535396,-0.00015936594082793885,0.002523958683013916
2025-03-26 20:00:00+00:00,1.0755001306533813,1.0760787725448608,1.0736525058746338,1.0744600296020508,0,1.0800528071216355,1.0856414866447448,29.43515566551534,-0.0003041171153166382,0.002388077122824533
2025-03-27 00:00:00+00:00,1.0744600296020508,1.078283429145813,1.0744600296020508,1.0781670808792114,0,1.0798732141461664,1.0854325675964356,42.59202563952393,-0.00012288747111739457,0.0024445397513253348
2025-03-27 04:00:00+00:00,1.0781670808792114,1.0789813995361328,1.0758472681045532,1.076774001121521,0,1.079578051000962,1.0852052617073058,39.603673719170565,-7.203808488323929e-05,0.0025933810642787387
2025-03-27 08:00:00+00:00,1.076774001121521,1.0800302028656006,1.0759629011154175,1.0788650512695312,0,1.0795101462646353,1.085010302066803,45.7558593182165,0.00011693909307914675,0.0027921880994524273
2025-03-27 12:00:00+00:00,1.079097867012024,1.0822510719299316,1.0781670808792114,1.0801469087600708,0,1.0795707903118197,1.0848528218269349,49.173814796554666,0.00033067828615221525,0.002917264189038958
2025-03-27 16:00:00+00:00,1.0800302028656006,1.0810810327529907,1.079214334487915,1.0797970294952393,0,1.0795923369007168,1.0846361327171326,48.27960298721418,0.000443845958492096,0.002700277737208775
2025-03-27 20:00:00+00:00,1.0796804428100586,1.0804970264434814,1.0796804428100586,1.0803803205490112,0,1.0796673829624592,1.08439297914505,49.91479132456216,0.0005465860486028094,0.002532933439527239
2025-03-28 00:00:00+00:00,1.080263614654541,1.080263614654541,1.079214334487915,1.0794472694396973,0,1.0796464197698152,1.0841311645507812,47.33664137463405,0.0005393893323304023,0.002441040107182094
2025-03-28 04:00:00+00:00,1.079563856124878,1.080263614654541,1.078515887260437,1.079097867012024,0,1.0795941766500257,1.0838695216178893,46.370750188127126,0.0004996813373626134,0.0024993079049246652
2025-03-28 08:00:00+00:00,1.0793308019638062,1.0797970294952393,1.0770059823989868,1.07758629322052,0,1.0794029496567394,1.0835990977287293,42.3452184189633,0.00036637152522893813,0.0025655882699148996
2025-03-28 12:00:00+00:00,1.07758629322052,1.0847163200378418,1.0768898725509644,1.0827198028564453,0,1.0797188404376639,1.0833812284469604,56.23937925602603,0.0006046208934972353,0.0030414972986493793
2025-03-28 16:00:00+00:00,1.0828369855880737,1.0835410356521606,1.081548810005188,1.0828369855880737,0,1.0800158066424648,1.0831991386413575,56.497099848189215,0.0007417586148743222,0.003075540065765381
2025-03-28 20:00:00+00:00,1.0828369855880737,1.0838934183120728,1.0828369855880737,1.0830715894699097,0,1.0803068335784118,1.0830002570152282,57.04255661359923,0.0008141354544375994,0.0029599240847996305
2025-03-30 21:00:00+01:00,1.08236825466156,1.0830715894699097,1.0816657543182373,1.0827198028564453,0,1.08053664017632,1.0827560424804688,55.91050983403912,0.0008028496635015761,0.0027288624218532015
2025-03-31 01:00:00+01:00,1.0827198028564453,1.0848339796066284,1.082602620124817,1.0836584568023682,0,1.0808339560454674,1.0825449800491334,58.28913221601612,0.0008202404214053563,0.002714940479823521
2025-03-31 05:00:00+01:00,1.0836584568023682,1.0850694179534912,1.0824854373931885,1.0834236145019531,0,1.0810805901841802,1.0823292207717896,57.453979233448194,0.0007779341495207215,0.002626410552433559
2025-03-31 09:00:00+01:00,1.0834236145019531,1.0836584568023682,1.080964207649231,1.08236825466156,0,1.0812032248963117,1.0821877217292786,53.728420282706026,0.0006462921187591606,0.002594990389687674
2025-03-31 13:00:00+01:00,1.0822510719299316,1.08236825466156,1.0787487030029297,1.0796804428100586,0,1.0810581980309542,1.0819591808319091,45.61566586730599,0.000359904753721495,0.0025630082402910504
2025-03-31 17:00:00+01:00,1.07991361618042,1.0822510719299316,1.079214334487915,1.0817828178405762,0,1.0811272094413944,1.081834418773651,51.75238336558301,0.0002964171503085913,0.002488204411097935
2025-03-31 21:00:00+01:00,1.0816657543182373,1.08236825466156,1.0813149213790894,1.0820168256759644,0,1.0812119347970677,1.0816716361045837,52.396268217538626,0.00025605650008380044,0.0024301069123404367
2025-04-01 01:00:00+01:00,1.0821340084075928,1.0830715894699097,1.0820168256759644,1.0830715894699097,0,1.0813890447659098,1.0815037727355956,55.29243055083444,0.0002841022713326774,0.002447119780949184
2025-04-01 05:00:00+01:00,1.0829542875289917,1.0833063125610352,1.080263614654541,1.0804970264434814,0,1.0813040906399642,1.0812867999076843,47.66899255106056,0.00012129097118477672,0.0025811706270490375
2025-04-01 09:00:00+01:00,1.0803803205490112,1.0829542875289917,1.0781670808792114,1.078399658203125,0,1.081027478026932,1.0810896396636962,42.525158223844834,-0.00012243399663699854,0.002798276288168771
2025-04-01 13:00:00+01:00,1.078399658203125,1.081548810005188,1.078283429145813,1.0803803205490112,0,1.0809658439814158,1.0809911465644837,48.20880844542084,-0.00014356818141363222,0.0028321572712489535
2025-04-01 17:00:00+01:00,1.080263614654541,1.0807305574417114,1.0788650512695312,1.079214334487915,0,1.0807990335534634,1.080876398086548,45.36476749880718,-0.00022456341605193831,0.0024063757487705778
2025-04-01 21:00:00+01:00,1.079214334487915,1.0810810327529907,1.079214334487915,1.0797970294952393,0,1.0807036045955374,1.0807591700553894,47.046049014292635,-0.0002267239270058772,0.002397409507206508
2025-04-02 01:00:00+01:00,1.0797970294952393,1.0804970264434814,1.079097867012024,1.07991361618042,0,1.0806283676036215,1.08063955783844,47.39485841213167,-0.00020858829739663136,0.0024218899863106863
2025-04-02 05:00:00+01:00,1.07991361618042,1.0800302028656006,1.078515887260437,1.0794472694396973,0,1.0805158820642,1.0805529856681824,46.08713999181188,-0.00021540817423529914,0.002429638590131487
2025-04-02 09:00:00+01:00,1.0794472694396973,1.08119797706604,1.079097867012024,1.0804970264434814,0,1.0805140862907983,1.0804827094078064,49.467174334439235,-0.00014026701195242667,0.0024202636310032438
2025-04-02 13:00:00+01:00,1.0807305574417114,1.0875475406646729,1.0801469087600708,1.0871928930282593,0,1.0811501631229374,1.0805181121826173,64.67858593379279,0.000342947937921721,0.002764310155596052
2025-04-02 17:00:00+01:00,1.08695650100708,1.08695650100708,1.0850694179534912,1.0853049755096436,0,1.081545859540719,1.0806002521514892,59.26191418940005,0.0005080260100924759,0.0027235405785696848
2025-04-02 21:00:00+01:00,1.0853049755096436,1.0914647579193115,1.0810810327529907,1.0907504558563232,0,1.0824224877612527,1.0807749247550964,67.67181979984741,0.000931890810900703,0.003206695829119001
2025-04-03 01:00:00+01:00,1.0903936624526978,1.0926573276519775,1.0883761644363403,1.0915838479995728,0,1.0832949982601403,1.080963921546936,68.73556823170432,0.0011992817643009337,0.0032955833843776156
2025-04-03 05:00:00+01:00,1.0917030572891235,1.0993843078613281,1.0909883975982666,1.0972130298614502,0,1.0846205250793126,1.081260817050934,74.7735789090648,0.0016579035562015525,0.0038200531687055317
2025-04-03 09:00:00+01:00,1.0976948738098145,1.1138337850570679,1.0974539518356323,1.109139323234558,0,1.0869556487131455,1.0817610359191894,82.48948765038165,0.0026104316686312024,0.004931909697396415
2025-04-03 13:00:00+01:00,1.1092623472213745,1.1135857105255127,1.1046061515808105,1.1054610013961792,0,1.088718063254387,1.0821947383880615,74.88205499439606,0.0028207978072013916,0.005355971200125558
2025-04-03 17:00:00+01:00,1.1053388118743896,1.1058276891708374,1.1019283533096313,1.1024142503738403,0,1.0900224620276682,1.0826470828056336,69.19017345358584,0.002588839663250066,0.005292551858084542
2025-04-03 21:00:00+01:00,1.1027790307998657,1.107419729232788,1.1025358438491821,1.1047282218933105,0,1.0914230105863008,1.0831317067146302,70.9935186818707,0.002428009157189762,0.0054168445723397395
2025-04-04 01:00:00+01:00,1.1049723625183105,1.1100010871887207,1.1039965152740479,1.1096316576004028,0,1.0931571674447866,1.0837143993377685,74.41144393478493,0.0024799107084644886,0.0057124921253749305
2025-04-04 05:00:00+01:00,1.1097548007965088,1.110987663269043,1.1002310514450073,1.1002310514450073,0,1.093830870682903,1.0841067457199096,59.85088236095519,0.0017439250739378614,0.006347485951014927
2025-04-04 09:00:00+01:00,1.1002310514450073,1.1081559658050537,1.0974539518356323,1.1060723066329956,0,1.094996721725769,1.084646234512329,64.49934897131635,0.0015214138235470666,0.007011975560869489
2025-04-04 13:00:00+01:00,1.1063170433044434,1.109139323234558,1.0964912176132202,1.1018069982528687,0,1.0956453194902547,1.0850420379638672,59.116963824543426,0.0009839578909122595,0.007807246276310512
2025-04-04 17:00:00+01:00,1.1019283533096313,1.1019283533096313,1.0928961038589478,1.0948106050491333,0,1.0955658228768146,1.0853283095359803,51.52207772201686,0.00010074096883409388,0.00830239909035819
2025-04-04 21:00:00+01:00,1.0948106050491333,1.0972130298614502,1.0936132669448853,1.0962508916854858,0,1.0956310675252594,1.0856573867797852,52.86458270313275,-0.00041471296369547696,0.008030908448355538
2025-04-06 21:00:00+01:00,1.098538875579834,1.1002310514450073,1.098538875579834,1.0987803936004639,0,1.0959310033419456,1.0860533666610719,55.21053176912153,-0.0006021828430303813,0.008163528782980782
2025-04-07 01:00:00+01:00,1.0981770753860474,1.0981770753860474,1.0925379991531372,1.0954102277755737,0,1.0958814056689579,1.0863865971565247,51.530619008631085,-0.0009493817070262145,0.007867719445909773
2025-04-07 05:00:00+01:00,1.0952903032302856,1.1048502922058105,1.0952903032302856,1.100473165512085,0,1.0963187161302081,1.0868164324760436,56.248476054145996,-0.0008381500650016752,0.008244778428758894
2025-04-07 09:00:00+01:00,1.1008366346359253,1.102292776107788,1.0939722061157227,1.0970927476882935,0,1.0963924334214543,1.087167010307312,52.569209677072266,-0.000982338922656663,0.008239396980830602
2025-04-07 13:00:00+01:00,1.0968520641326904,1.0989010334014893,1.0906314849853516,1.0917030572891235,0,1.0959458261707562,1.087433078289032,47.26118210278311,-0.00140504991563654,0.007642882210867745
2025-04-07 17:00:00+01:00,1.0915838479995728,1.095170259475708,1.0909883975982666,1.0921800136566162,0,1.0955871773598858,1.087768988609314,47.76383996738124,-0.0016025758943571354,0.007300189563206264
2025-04-07 21:00:00+01:00,1.091941475868225,1.0922993421554565,1.0905125141143799,1.0918222665786743,0,1.0952286144283419,1.0881162333488463,47.39892413828171,-0.0016982218597348248,0.0071492961474827355
2025-04-08 01:00:00+01:00,1.0920606851577759,1.0982975959777832,1.0920606851577759,1.096611499786377,0,1.0953603177957738,1.0884851217269897,52.61786815262121,-0.0013926586382617123,0.00725428547177996
2025-04-08 05:00:00+01:00,1.096611499786377,1.0993843078613281,1.0926573276519775,1.0926573276519775,0,1.0951028901630313,1.0888027882575988,48.35227714246522,-0.0014064529521744529,0.00730588606425694
2025-04-08 09:00:00+01:00,1.0926573276519775,1.095170259475708,1.0914647579193115,1.0937328338623047,0,1.0949724086105812,1.0891001439094543,49.550250104512166,-0.001295503349065186,0.006802235330854144
2025-04-08 13:00:00+01:00,1.0940918922424316,1.0970927476882935,1.089561939239502,1.0913456678390503,0,1.0946270047275783,1.0893241190910339,46.94732839013438,-0.001330209775316007,0.0065757206508091515
2025-04-08 17:00:00+01:00,1.0911074876785278,1.098056435585022,1.0901559591293335,1.0960105657577515,0,1.0947587724447376,1.089648389816284,52.228478725945756,-0.0010013131477096169,0.006236604281834194
2025-04-08 21:00:00+01:00,1.0958904027938843,1.0987803936004639,1.0943313837051392,1.0979359149932861,0,1.0950613574493613,1.0899995017051696,54.25261434638131,-0.0006343078764681582,0.005909230027879987
2025-04-09 01:00:00+01:00,1.098056435585022,1.1042402982711792,1.0975743532180786,1.1021713018417358,0,1.0957384950105398,1.0904539823532104,58.42575617647998,-0.00011378894870460389,0.006128243037632534
2025-04-09 05:00:00+01:00,1.1024142503738403,1.109139323234558,1.1015641689300537,1.1015641689300537,0,1.0962933210981125,1.0909033083915711,57.61441522217153,0.00016688395255216653,0.00638502836227417
2025-04-09 09:00:00+01:00,1.1019283533096313,1.1059499979019165,1.1002310514450073,1.1036310195922852,0,1.096992149526129,1.0914242029190064,59.66775787285165,0.0004527796961991109,0.006347639220101493
2025-04-09 13:00:00+01:00,1.1039965152740479,1.109385371208191,1.1035091876983643,1.1043622493743896,0,1.097694063797392,1.0918570518493653,60.39869860405372,0.0006406937081392602,0.006084510258265904
2025-04-09 17:00:00+01:00,1.1041183471679688,1.1053388118743896,1.0924185514450073,1.0942115783691406,0,1.097362398518511,1.0920845437049866,47.52327040211497,6.142614914381173e-05,0.0064130595752171105
2025-04-09 21:00:00+01:00,1.0936132669448853,1.096611499786377,1.0933741331100464,1.0954102277755737,0,1.097176477495374,1.0923313164711,48.90832330442602,-0.00024418268112784717,0.0060536180223737445
2025-04-10 01:00:00+01:00,1.0955302715301514,1.0991426706314087,1.0955302715301514,1.098659634590149,0,1.0973177305520192,1.092650113105774,52.56350357655792,-0.00023081591344075434,0.0060215166636875695
2025-04-10 05:00:00+01:00,1.0984183549880981,1.1031439304351807,1.0967316627502441,1.1031439304351807,0,1.097872606731368,1.0930398225784301,57.12244025181428,6.111168056666789e-05,0.00635190520967756
2025-04-10 09:00:00+01:00,1.1029006242752075,1.1088933944702148,1.1020498275756836,1.1075423955917358,0,1.098793539003784,1.093522198200226,61.074113682229296,0.0005067156771225764,0.006378207887922015
2025-04-10 13:00:00+01:00,1.1072970628738403,1.12271249294281,1.1072970628738403,1.119444727897644,0,1.1007603188984374,1.0942637276649476,69.31528105776768,0.0015030061313073204,0.006998811449323382
2025-04-10 17:00:00+01:00,1.11906898021698,1.1243535280227661,1.1163206100463867,1.120824933052063,0,1.102671234532116,1.0950866174697875,70.10566016005166,0.0021173057684633566,0.0073079126221793035
2025-04-10 21:00:00+01:00,1.1205737590789795,1.1263798475265503,1.1185681819915771,1.1263798475265503,0,1.1049291976744429,1.095978558063507,73.10796870553452,0.0027215727876274748,0.00732797384262085
2025-04-11 01:00:00+01:00,1.1265066862106323,1.1361054182052612,1.1257457733154297,1.134429931640625,0,1.107738791385508,1.0970268201828004,76.75183736735855,0.003440907762876537,0.007503628730773926
2025-04-11 05:00:00+01:00,1.1340440511703491,1.137268304824829,1.1252391338348389,1.1368803977966309,0,1.1105141824722815,1.0981029963493347,77.74058580804278,0.0038294593145446173,0.00804506880896432
2025-04-11 09:00:00+01:00,1.1363636255264282,1.147315263748169,1.132502794265747,1.1328877210617065,0,1.1126449956712743,1.0991508102416991,72.34190973883467,0.003570399270922062,0.008626963411058699
2025-04-11 13:00:00+01:00,1.133529782295227,1.1415525674819946,1.1321182250976562,1.1330161094665527,0,1.1145851017470152,1.1002431392669678,72.40826339128287,0.0031738682687607583,0.00875976255961827
2025-04-11 17:00:00+01:00,1.13275945186615,1.1345586776733398,1.1282861232757568,1.1345586776733398,0,1.1164873470733319,1.1013267064094543,73.23897196622043,0.0027949757067977626,0.008799305983952113
2025-04-11 21:00:00+01:00,1.1341726779937744,1.1363636255264282,1.1341726779937744,1.1363636255264282,0,1.1183803259736267,1.1024696922302246,74.21712317983523,0.002457374892685136,0.00853607484272548
2025-04-13 21:00:00+01:00,1.1341726779937744,1.1350737810134888,1.1330161094665527,1.1346874237060547,0,1.1199333829005245,1.103567500114441,71.59977677245053,0.0019355928446896063,0.007852307387760707
2025-04-14 01:00:00+01:00,1.1346874237060547,1.1411616802215576,1.1346874237060547,1.1375269889831543,0,1.1216089644322036,1.1047197675704956,73.31653651842178,0.0016094963435216957,0.008083513804844447
2025-04-14 05:00:00+01:00,1.1376564502716064,1.1424654722213745,1.1358473300933838,1.1393414735794067,0,1.1232977748271753,1.1059176516532898,74.38218969896732,0.0013540596474759213,0.008289635181427002
2025-04-14 09:00:00+01:00,1.1390818357467651,1.141291856765747,1.1375269889831543,1.1385631561279297,0,1.1247516206653425,1.1070789742469787,73.03480465093287,0.0009877488168056527,0.008100535188402449
2025-04-14 13:00:00+01:00,1.1386927366256714,1.139211654663086,1.1300712823867798,1.1361054182052612,0,1.1258329347167635,1.1080572247505187,68.79686380004829,0.0004617188751921443,0.008264592715672084
2025-04-14 17:00:00+01:00,1.1359764337539673,1.137268304824829,1.1332728862762451,1.1357183456420898,0,1.1267744024239374,1.1090654921531677,68.12638987044215,-5.751877046076409e-06,0.007448877607073102
2025-04-14 21:00:00+01:00,1.135589361190796,1.1367511749267578,1.1337867975234985,1.1340440511703491,0,1.1274667499235955,1.1099313640594481,65.16789326988575,-0.0004941476599010369,0.00708683899470738
2025-04-15 01:00:00+01:00,1.1339154243469238,1.135589361190796,1.131861925125122,1.1350737810134888,0,1.128191229075014,1.1108011627197265,66.14175278134059,-0.0007963655554342197,0.006795108318328857
2025-04-15 05:00:00+01:00,1.1350737810134888,1.1370097398757935,1.1326310634613037,1.1358473300933838,0,1.128920381552954,1.1115738487243652,66.89064032565476,-0.0009805817762198032,0.006367896284375872
2025-04-15 09:00:00+01:00,1.1363636255264282,1.1379153728485107,1.1319899559020996,1.1328877210617065,0,1.1292982234109306,1.1120488166809082,61.30374782337243,-0.0013171863997727962,0.00593191385269165
2025-04-15 13:00:00+01:00,1.1328877210617065,1.1343011856079102,1.128668189048767,1.1290504932403564,0,1.129274630061352,1.1125206065177917,54.90117502233211,-0.0017846651979820383,0.005276237215314593
2025-04-15 17:00:00+01:00,1.1293054819107056,1.129433035850525,1.126887559890747,1.1285407543182373,0,1.1292047371334364,1.1130431365966797,54.09296692571665,-0.0020932472014225205,0.004784175327845982
2025-04-15 21:00:00+01:00,1.1287955045700073,1.1301988363265991,1.1282861232757568,1.1295605897903442,0,1.1292386278626656,1.1135397839546204,55.50429080961019,-0.002183674595449112,0.004472758088793073
2025-04-16 01:00:00+01:00,1.1296881437301636,1.1345586776733398,1.1296881437301636,1.1345586776733398,0,1.129745299273206,1.1140383243560792,61.7161490991907,-0.0018737667421783472,0.004673268113817487
2025-04-16 05:00:00+01:00,1.1346874237060547,1.1394712924957275,1.1336582899093628,1.1388224363327026,0,1.1306097885169675,1.114810152053833,66.06810894928998,-0.0013717748755467402,0.004849374294281006
2025-04-16 09:00:00+01:00,1.1390818357467651,1.1390818357467651,1.1345586776733398,1.1364928483963013,0,1.131170079934047,1.1154185628890991,61.9260719451704,-0.0011933491378365545,0.004710010119846889
2025-04-16 13:00:00+01:00,1.1367511749267578,1.1386927366256714,1.1346874237060547,1.1385631561279297,0,1.1318741824287026,1.1161536860466004,64.08125297370134,-0.0009435708065719008,0.0045233794621058875
2025-04-16 17:00:00+01:00,1.1386927366256714,1.1415525674819946,1.1366219520568848,1.139211654663086,0,1.1325729893081677,1.1170417070388794,64.75426286506746,-0.0007507497974410336,0.004606647150857108
2025-04-16 21:00:00+01:00,1.1388224363327026,1.1411616802215576,1.1385631561279297,1.1398608684539795,0,1.1332670730363403,1.1179139065742492,65.45214924735629,-0.0006019797736976987,0.004139372280665806
2025-04-17 01:00:00+01:00,1.1399909257888794,1.1399909257888794,1.1361054182052612,1.1367511749267578,0,1.1335988922639992,1.1186733222007752,59.38646071775736,-0.0007271314745383841,0.004131521497453962
2025-04-17 05:00:00+01:00,1.1367511749267578,1.1381744146347046,1.1348161697387695,1.138044834136963,0,1.1340223152995197,1.119526014328003,61.00546113658971,-0.0007347423822593102,0.004159654889787946
2025-04-17 09:00:00+01:00,1.1381744146347046,1.1390818357467651,1.1359764337539673,1.1361054182052612,0,1.1342207060524474,1.1202386593818665,57.31660004803514,-0.0008729346976285406,0.0041152238845825195
2025-04-17 13:00:00+01:00,1.1358473300933838,1.1388224363327026,1.134429931640625,1.1364928483963013,0,1.134437100561386,1.1210266613960267,57.86472130257072,-0.0009352451616366636,0.004116211618695941
2025-04-17 17:00:00+01:00,1.1366219520568848,1.1379153728485107,1.134429931640625,1.1375269889831543,0,1.1347313756491735,1.1219431400299071,59.36472272374719,-0.000903324774269432,0.0039419276373726985
2025-04-17 21:00:00+01:00,1.1375269889831543,1.138044834136963,1.1363636255264282,1.1376564502716064,0,1.1350099541846432,1.1228526687622071,59.55881786628498,-0.0008696912937110127,0.0036596570696149555
2025-04-18 01:00:00+01:00,1.1376564502716064,1.1385631561279297,1.137268304824829,1.1376564502716064,0,1.1352620014310206,1.1237693524360657,59.55881786628498,-0.0008430269167606641,0.003570326736995152
2025-04-18 05:00:00+01:00,1.1375269889831543,1.1379153728485107,1.1363636255264282,1.137268304824829,0,1.1354530779447165,1.1245824885368347,58.585784733993854,-0.0008449775364030689,0.0035445434706551687
2025-04-18 09:00:00+01:00,1.1371389627456665,1.1385631561279297,1.1370097398757935,1.1384334564208984,0,1.1357369235138768,1.125498011112213,60.66333580915933,-0.0007637075636243475,0.0032984954970223562
2025-04-18 13:00:00+01:00,1.1384334564208984,1.1399909257888794,1.138044834136963,1.1394712924957275,0,1.1360925777026245,1.1264127802848816,62.46934290583731,-0.0006409211771458063,0.003022287573133196
2025-04-18 17:00:00+01:00,1.1396011114120483,1.1399909257888794,1.1390818357467651,1.1397310495376587,0,1.1364390988297706,1.1273804879188538,62.92810754060168,-0.0005467441692779068,0.0027641398566109793
2025-04-18 21:00:00+01:00,1.1398608684539795,1.1401208639144897,1.1394712924957275,1.1396011114120483,0,1.1367402428852256,1.1282522988319397,62.51643498184036,-0.0004990591746770034,0.0025244440351213726
2025-04-20 21:00:00+01:00,1.1437721252441406,1.1461317539215088,1.1437721252441406,1.145213007926941,0,1.1375471728891984,1.1291978406906127,71.26097573708279,-0.00011544626991198854,0.0026387316840035574
2025-04-21 01:00:00+01:00,1.145737886428833,1.1527377367019653,1.145737886428833,1.1519410610198975,0,1.1389180193778365,1.130193235874176,77.91351163816088,0.0005301037492490323,0.0029906034469604492
2025-04-21 05:00:00+01:00,1.151543140411377,1.156203031539917,1.1506155729293823,1.1560693979263306,0,1.1405514840015027,1.1312833404541016,80.84370997217756,0.0011388740511367322,0.003112171377454485
2025-04-21 09:00:00+01:00,1.1558021306991577,1.1575413942337036,1.1518083810806274,1.1547343730926514,0,1.1419022353435169,1.1323054075241088,77.27345232914091,0.0013414240864309535,0.0032817976815359934
2025-04-21 13:00:00+01:00,1.1547343730926514,1.1552680730819702,1.1486331224441528,1.151145339012146,0,1.1427825309310053,1.133241069316864,68.51348829261629,0.0011318421396794504,0.0035339082990373883
2025-04-21 17:00:00+01:00,1.1508804559707642,1.1530035734176636,1.1498217582702637,1.1516757011413574,0,1.1436294995224676,1.1343903517723084,69.07145855560134,0.0009352410281306687,0.0034474304744175504
2025-04-21 21:00:00+01:00,1.1518083810806274,1.1527377367019653,1.1508804559707642,1.151543140411377,0,1.1443831796071258,1.1355130100250244,68.74355542752471,0.0007126444160936666,0.0033311332975115094
2025-04-22 01:00:00+01:00,1.1512778997421265,1.154334545135498,1.1486331224441528,1.1539349555969238,0,1.1452928725585352,1.1366185164451599,71.38331109136116,0.0006448987229427947,0.0036182914461408344
2025-04-22 05:00:00+01:00,1.1538017988204956,1.155001163482666,1.1488970518112183,1.1507480144500732,0,1.1458124098815388,1.1375705981254578,63.667635105541855,0.00032026887618756897,0.0039618100438799176
2025-04-22 09:00:00+01:00,1.151012897491455,1.151543140411377,1.1487650871276855,1.1488970518112183,0,1.1461061853034131,1.1383976912498475,59.63588806045167,-6.382427864300676e-05,0.004049403326851981
2025-04-22 13:00:00+01:00,1.1488970518112183,1.1492931842803955,1.1461317539215088,1.1467890739440918,0,1.146171222316811,1.1389445781707763,55.33803678642457,-0.0004813097281121939,0.004164261477334159
2025-04-22 17:00:00+01:00,1.1465259790420532,1.1471836566925049,1.1423349380493164,1.1423349380493164,0,1.1458058619103828,1.1393747782707215,47.54154720051061,-0.0010464688658638139,0.004371591976710728
2025-04-22 21:00:00+01:00,1.1424654722213745,1.1432491540908813,1.1310937404632568,1.1353315114974976,0,1.1448083047282034,1.1395538115501405,38.38437080600424,-0.001834865094534361,0.005174900804247175
2025-04-23 01:00:00+01:00,1.1354604959487915,1.1416828632354736,1.1354604959487915,1.1384334564208984,0,1.144201176317984,1.139633882045746,43.56896174932895,-0.002072769745637984,0.005582170827048165
2025-04-23 05:00:00+01:00,1.1383039951324463,1.1411616802215576,1.1375269889831543,1.1386927366256714,0,1.1436765630139543,1.1396701288223268,43.99317528561611,-0.002129853545618599,0.005375317164829799
2025-04-23 09:00:00+01:00,1.1393414735794067,1.1442956924438477,1.1384334564208984,1.141291856765747,0,1.1434494481331727,1.1398382115364074,48.197165372507186,-0.0019164324266421058,0.005256567682538714
2025-04-23 13:00:00+01:00,1.1418131589889526,1.1422044038772583,1.133529782295227,1.1353315114974976,0,1.1426763113107274,1.1398845195770264,40.65985638404085,-0.00208652910146514,0.005477079323359898
2025-04-23 17:00:00+01:00,1.1353315114974976,1.1367511749267578,1.131861925125122,1.1330161094665527,0,1.1417562920874729,1.1398536682128906,38.163089347910585,-0.002250723166665498,0.005416810512542725
2025-04-23 21:00:00+01:00,1.13275945186615,1.1348161697387695,1.1310937404632568,1.1332728862762451,0,1.1409483486768797,1.139791853427887,38.61328433201645,-0.00223332996838932,0.005208773272378104
2025-04-24 01:00:00+01:00,1.1328877210617065,1.1359764337539673,1.132502794265747,1.1343011856079102,0,1.1403152855274539,1.139784128665924,40.48202673398289,-0.002048706195801043,0.005229617868150983
2025-04-24 05:00:00+01:00,1.1341726779937744,1.1383039951324463,1.133529782295227,1.1383039951324463,0,1.1401237340612627,1.1397996687889098,47.21787047910177,-0.0015744481149225472,0.005437970161437988
2025-04-24 09:00:00+01:00,1.1386927366256714,1.1396011114120483,1.137268304824829,1.1375269889831543,0,1.1398764250062048,1.1397633790969848,46.12658251827661,-0.0012449624370810077,0.00519735472542899
2025-04-24 13:00:00+01:00,1.1376564502716064,1.1389521360397339,1.1352026462554932,1.1364928483963013,0,1.1395541796147854,1.1397219729423522,44.647574103285265,-0.0010370616783057134,0.0050291674477713445
2025-04-24 17:00:00+01:00,1.1364928483963013,1.1399909257888794,1.1363636255264282,1.1388224363327026,0,1.1394844897783967,1.139776313304901,48.642489088664284,-0.0006992375232126293,0.005089827946254185
2025-04-24 21:00:00+01:00,1.1386927366256714,1.1401208639144897,1.1373976469039917,1.1375269889831543,0,1.1392980611312309,1.1398124861717225,46.62720797567171,-0.0005274367802291497,0.0050585269927978516
2025-04-25 01:00:00+01:00,1.1373976469039917,1.1373976469039917,1.1330161094665527,1.1330161094665527,0,1.1386997800203091,1.1397919273376464,40.35721346500199,-0.0006727016083364554,0.005034395626613072
2025-04-25 05:00:00+01:00,1.132502794265747,1.1371389627456665,1.1321182250976562,1.1363636255264282,0,1.13847728911613,1.1398177242279053,46.14484837917376,-0.0005060443014096082,0.004524775913783482
2025-04-25 09:00:00+01:00,1.1361054182052612,1.1370097398757935,1.1340440511703491,1.1353315114974976,0,1.138177691247689,1.1398074078559874,44.70444669159031,-0.00043096107792455624,0.004282942840031215
2025-04-25 13:00:00+01:00,1.1354604959487915,1.1384334564208984,1.1337867975234985,1.1383039951324463,0,1.1381897201890945,1.1399157333374024,49.58528262678382,-0.000160664387590831,0.004355226244245257
2025-04-25 17:00:00+01:00,1.1383039951324463,1.1390818357467651,1.1362345218658447,1.1362345218658447,0,1.1380035108249753,1.140059413909912,46.50740638336732,-0.00010358080118897826,0.004139874662671771
2025-04-25 21:00:00+01:00,1.1366219520568848,1.1368803977966309,1.1361054182052612,1.1368803977966309,0,1.1378965476794185,1.14022620677948,47.60060382390614,-9.604149807959086e-06,0.0035756145204816547
2025-04-27 21:00:00+01:00,1.1353315114974976,1.1358473300933838,1.1346874237060547,1.1348161697387695,0,1.1376031783517377,1.1403313183784485,44.47244215856051,-7.036066684828319e-05,0.0033830233982631137
2025-04-28 01:00:00+01:00,1.1349449157714844,1.1368803977966309,1.1348161697387695,1.1359764337539673,0,1.1374482502948071,1.140359673500061,46.59680077422391,-1.8976061863268173e-05,0.003264580454145159
2025-04-28 05:00:00+01:00,1.1358473300933838,1.1384334564208984,1.133529782295227,1.1350737810134888,0,1.1372221103632532,1.1402847003936767,45.14962277784591,-3.160451774408802e-05,0.0033667257853916715
2025-04-28 09:00:00+01:00,1.1349449157714844,1.1362345218658447,1.1339154243469238,1.1354604959487915,0,1.1370543375618758,1.1402640533447266,45.92447963642164,-1.3366495523745633e-06,0.0031913604055132183
2025-04-28 13:00:00+01:00,1.135589361190796,1.1406410932540894,1.134429931640625,1.1389521360397339,0,1.1372350802740527,1.1402718329429626,52.45529266859437,0.0002523832281186248,0.003468385764530727
2025-04-28 17:00:00+01:00,1.139211654663086,1.1427265405654907,1.1389521360397339,1.1425960063934326,0,1.1377456446663747,1.1403395199775697,58.13741655435943,0.0006419978284095864,0.0034701653889247347
2025-04-28 21:00:00+01:00,1.1425960063934326,1.1428571939468384,1.1406410932540894,1.1411616802215576,0,1.138070981385916,1.1403655362129212,55.334106644170674,0.0007708224853823752,0.0033693654196602957
2025-04-29 01:00:00+01:00,1.141291856765747,1.1422044038772583,1.1390818357467651,1.1393414735794067,0,1.1381919806424388,1.140417342185974,51.91313041516573,0.0007030530063419009,0.003397890499659947
2025-04-29 05:00:00+01:00,1.1394712924957275,1.141291856765747,1.1379153728485107,1.1406410932540894,0,1.138425229462596,1.1404692673683166,54.09532913912763,0.0007131123466273145,0.00331686224256243
2025-04-29 09:00:00+01:00,1.1406410932540894,1.1411616802215576,1.1375269889831543,1.1376564502716064,0,1.1383520123967874,1.1405002880096435,48.63659718706885,0.0004963889945838094,0.0032178589275905062
2025-04-29 13:00:00+01:00,1.1377859115600586,1.1416828632354736,1.1375269889831543,1.1399909257888794,0,1.1385080993865104,1.1405702495574952,52.660412924476006,0.0004872059860279981,0.0033028721809387207
2025-04-29 17:00:00+01:00,1.1401208639144897,1.1420739889144897,1.1379153728485107,1.1384334564208984,0,1.1385009905326426,1.14058837890625,49.854320497158206,0.00035910136125056756,0.0032680119786943707
2025-04-29 21:00:00+01:00,1.1385631561279297,1.1402509212493896,1.1384334564208984,1.1393414735794067,0,1.1385810365370963,1.140622079372406,51.47769369534911,0.0003196975530869917,0.003194451332092285
2025-04-30 01:00:00+01:00,1.1393414735794067,1.1398608684539795,1.1361054182052612,1.137268304824829,0,1.1384560144692613,1.1406143164634706,47.682215021083174,0.00014697433532152984,0.003407342093331473
2025-04-30 05:00:00+01:00,1.137268304824829,1.1402509212493896,1.1370097398757935,1.1383039951324463,0,1.1384415364371836,1.1406350302696229,49.67831632404694,9.780866917791331e-05,0.0034822140421186176
2025-04-30 09:00:00+01:00,1.138044834136963,1.1388224363327026,1.1361054182052612,1.1377859115600586,0,1.1383790959726954,1.140622079372406,48.67781222179178,2.928268328070774e-05,0.00352884190423148
2025-04-30 13:00:00+01:00,1.1377859115600586,1.1389521360397339,1.1330161094665527,1.1352026462554932,0,1.1380765769520094,1.1405367064476013,43.92730051118565,-0.0001796475452169937,0.003602581364767892
2025-04-30 17:00:00+01:00,1.1352026462554932,1.1368803977966309,1.1334012746810913,1.133529782295227,0,1.1376435488894587,1.1404126811027526,41.128158672937566,-0.00040711882505140495,0.0036854403359549387
2025-04-30 21:00:00+01:00,1.133144497871399,1.1337867975234985,1.1322463750839233,1.1326310634613037,0,1.1371661693248725,1.1402732801437379,39.66579803669123,-0.0005839548167234237,0.00335181610924857
2025-05-01 01:00:00+01:00,1.1328877210617065,1.1332728862762451,1.130454421043396,1.1314777135849,0,1.1366244116353512,1.139998574256897,37.80790890784323,-0.0007347025629701806,0.003283534731183733
2025-05-01 05:00:00+01:00,1.1316057443618774,1.131733775138855,1.1291780471801758,1.1314777135849,0,1.1361342499162606,1.139589307308197,37.80790890784323,-0.0007859176260083085,0.003307793821607317
2025-05-01 09:00:00+01:00,1.131733775138855,1.1343011856079102,1.131733775138855,1.132502794265747,0,1.135788396997164,1.1391179752349854,40.672269402415864,-0.000704853233725253,0.0032864298139299664
2025-05-01 13:00:00+01:00,1.1321182250976562,1.1337867975234985,1.1270145177841187,1.128413438796997,0,1.1350860200257196,1.1385915565490723,33.95390258477646,-0.0008699130346370046,0.003528986658368792
2025-05-01 17:00:00+01:00,1.1282861232757568,1.1296881437301636,1.1277772188186646,1.1291780471801758,0,1.1345233559451917,1.1381522107124329,36.079942145259885,-0.0008688346630565304,0.003405860492161342
2025-05-01 21:00:00+01:00,1.1291780471801758,1.1303266286849976,1.1289230585098267,1.1299434900283813,0,1.1340871782388287,1.1377175664901733,38.22383712676573,-0.0007616471300565238,0.0032092673437935965
2025-05-02 01:00:00+01:00,1.1301988363265991,1.131861925125122,1.1277772188186646,1.131733775138855,0,1.1338630446102598,1.137321379184723,43.03621069868392,-0.0005264323911190459,0.0032039880752563477
2025-05-02 05:00:00+01:00,1.1316057443618774,1.1340440511703491,1.130454421043396,1.1334012746810913,0,1.1338190665217676,1.1369107055664063,47.16469669390148,-0.00022993906729817828,0.00333057131086077
2025-05-02 09:00:00+01:00,1.1328877210617065,1.1358473300933838,1.1321182250976562,1.1349449157714844,0,1.1339262902598357,1.1365946435928345,50.72497607201125,8.2039537003099e-05,0.0033286895070757183
2025-05-02 13:00:00+01:00,1.1349449157714844,1.1383039951324463,1.1316057443618774,1.1332728862762451,0,1.1338640613090174,1.136282160282135,47.028378563817675,0.00018196601207002162,0.003575623035430908
2025-05-02 17:00:00+01:00,1.1334012746810913,1.1343011856079102,1.1296881437301636,1.1308379173278809,0,1.1335758571203378,1.135963137149811,42.20473040561856,9.464025883965457e-05,0.003711053303309849
2025-05-02 21:00:00+01:00,1.1307101249694824,1.1308379173278809,1.1298158168792725,1.1303266286849976,0,1.1332664067931624,1.1357229709625245,41.24802941350319,1.707527560830535e-05,0.0033600585801260813
2025-05-04 21:00:00+01:00,1.1308379173278809,1.1330161094665527,1.1305822134017944,1.132502794265747,0,1.1331936817905515,1.1356663966178895,46.77793007245944,0.00012116237066784902,0.0033036555562700543
2025-05-05 01:00:00+01:00,1.13237464427948,1.1349449157714844,1.131861925125122,1.133529782295227,0,1.1332256913624252,1.135568323135376,49.20762389547792,0.0002600350715109647,0.0034138389996119906
2025-05-05 05:00:00+01:00,1.133529782295227,1.1350737810134888,1.131733775138855,1.131733775138855,0,1.1330836041030377,1.1354291439056396,45.31180701521346,0.00023268114943829268,0.0034510919025966097
2025-05-05 09:00:00+01:00,1.131733775138855,1.1359764337539673,1.1316057443618774,1.1345586776733398,0,1.1332240873002093,1.1352944803237914,51.77856173646135,0.0003969388720386096,0.0035807320049830844
2025-05-05 13:00:00+01:00,1.1346874237060547,1.1367511749267578,1.131733775138855,1.131733775138855,0,1.1330821528086519,1.1352225255966186,45.92970295891844,0.00031122233563535447,0.0037374411310468402
2025-05-05 17:00:00+01:00,1.1313496828079224,1.13237464427948,1.1301988363265991,1.1319899559020996,0,1.1329781340556468,1.1352020025253295,46.519690438406606,0.00026923837840473613,0.0034091217177254812
2025-05-05 21:00:00+01:00,1.1319899559020996,1.13237464427948,1.1313496828079224,1.1316057443618774,0,1.1328474302752878,1.1351686596870423,45.714048076610936,0.00021538403351211701,0.003345838614872524
2025-05-06 01:00:00+01:00,1.1314777135849,1.1321182250976562,1.1282861232757568,1.131861925125122,0,1.1327535726419387,1.1351198744773865,46.380833852959135,0.0001972901303040908,0.0035193051610674176
2025-05-06 05:00:00+01:00,1.131861925125122,1.1350737810134888,1.131733775138855,1.1341726779937744,0,1.1328887255325897,1.135037248134613,52.096393360525504,0.000333227019251293,0.003466112273080008
2025-05-06 09:00:00+01:00,1.1340440511703491,1.1350737810134888,1.1309658288955688,1.1328877210617065,0,1.1328886298686962,1.134944462776184,48.97037260248624,0.00032835209727577995,0.0035031352724347797
2025-05-06 13:00:00+01:00,1.133144497871399,1.1367511749267578,1.1322463750839233,1.1348161697387695,0,1.1330722050944175,1.1349109292030335,53.481774672292886,0.00043979826968163914,0.003558542047228132
2025-05-06 17:00:00+01:00,1.1346874237060547,1.1383039951324463,1.133529782295227,1.1376564502716064,0,1.1335087998731974,1.1348876094818114,59.202608910890625,0.0006754986476295989,0.0034211107662745883
2025-05-06 21:00:00+01:00,1.1377859115600586,1.1383039951324463,1.1330161094665527,1.1343011856079102,0,1.1335842651812653,1.1348230934143066,51.19322764825406,0.0005797985325424078,0.0034693138939993723
2025-05-07 01:00:00+01:00,1.1343011856079102,1.1353315114974976,1.1328877210617065,1.1349449157714844,0,1.1337138509517624,1.1348616695404052,52.520398833790765,0.0005352847962432868,0.0035708631787981305
2025-05-07 05:00:00+01:00,1.1348161697387695,1.138044834136963,1.1346874237060547,1.1363636255264282,0,1.1339662104350638,1.1348616695404052,55.39890245769971,0.0005734245388359509,0.003618572439466204
2025-05-07 09:00:00+01:00,1.1366219520568848,1.1376564502716064,1.1350737810134888,1.1361054182052612,0,1.1341699445084161,1.1348771476745605,54.74833799132374,0.0005530466516748488,0.0035828351974487305
2025-05-07 13:00:00+01:00,1.1361054182052612,1.1373976469039917,1.1345586776733398,1.1350737810134888,0,1.134256024175566,1.1348125433921814,52.11506673834526,0.0004464402977194037,0.003547046865735735
2025-05-07 17:00:00+01:00,1.1346874237060547,1.1366219520568848,1.1308379173278809,1.1309658288955688,0,1.1339426722441377,1.134707169532776,43.20396623396816,9.403533303485285e-05,0.00364800010408674
2025-05-07 21:00:00+01:00,1.1309658288955688,1.1319899559020996,1.1296881437301636,1.1308379173278809,0,1.1336469812997323,1.134586319923401,42.9576586532017,-0.0001401752241039802,0.0034540295600891113
2025-05-08 01:00:00+01:00,1.1305822134017944,1.1339154243469238,1.1305822134017944,1.1330161094665527,0,1.1335868982680009,1.1345503187179566,48.35695370685786,-0.0001405364732280498,0.003536701202392578
2025-05-08 05:00:00+01:00,1.133144497871399,1.1334012746810913,1.1276500225067139,1.1300712823867798,0,1.1332520777078845,1.1344322156906128,42.49993893986419,-0.00032092537639073423,0.003874293395451137
2025-05-08 09:00:00+01:00,1.1299434900283813,1.1308379173278809,1.128031611442566,1.1299434900283813,0,1.1329369741193602,1.1343296098709106,42.260726306608646,-0.00042418781234624113,0.0038010222571236746
2025-05-08 13:00:00+01:00,1.1299434900283813,1.1322463750839233,1.123974323272705,1.125112533569336,0,1.1321917893050724,1.1341226506233215,34.3822383728002,-0.0007728738209443331,0.004153311252593994
2025-05-08 17:00:00+01:00,1.1252391338348389,1.1252391338348389,1.1215791702270508,1.1232168674468994,0,1.1313370348423892,1.1338079452514649,31.87139083503179,-0.0010680229657995194,0.004121312073298863
2025-05-08 21:00:00+01:00,1.12296462059021,1.1235954761505127,1.1222084760665894,1.1228384971618652,0,1.1305276503013868,1.1334127950668336,31.378826737490044,-0.0012148795197169887,0.0038986120905194965
2025-05-09 01:00:00+01:00,1.1230907440185547,1.1234692335128784,1.1200717687606812,1.1224603652954102,0,1.1297593374436747,1.1330387687683106,30.865439413775363,-0.0012583065158273637,0.0038002729415893555
2025-05-09 05:00:00+01:00,1.1225864887237549,1.1261261701583862,1.1222084760665894,1.1254924535751343,0,1.1293529675514327,1.132761788368225,39.42385408486012,-0.0010141291360596908,0.003702402114868164
2025-05-09 09:00:00+01:00,1.1256190538406372,1.1262530088424683,1.1246063709259033,1.1257457733154297,0,1.129009425243242,1.132463881969452,40.09112342411069,-0.0007775101980840278,0.0036454626492091586
2025-05-09 13:00:00+01:00,1.1257457733154297,1.129433035850525,1.125112533569336,1.1273956298828125,0,1.1288557304470108,1.132258665561676,44.387788814830685,-0.0004671368799597155,0.0037142549242292133
2025-05-09 17:00:00+01:00,1.1273956298828125,1.1277772188186646,1.1252391338348389,1.1259993314743042,0,1.1285836924496102,1.1319788336753844,41.66432596913685,-0.00032013982216760276,0.0037110703332083566
2025-05-09 21:00:00+01:00,1.1258726119995117,1.1259993314743042,1.124985933303833,1.124985933303833,0,1.128241048721441,1.1317098832130432,39.75769895966371,-0.0002580842058194704,0.003580672400338309
2025-05-11 21:00:00+01:00,1.12296462059021,1.1238480806350708,1.12271249294281,1.1230907440185547,0,1.1277505435116422,1.1313848686218262,36.40270178780032,-0.00030820692014237776,0.0033299156597682406
2025-05-12 01:00:00+01:00,1.1233429908752441,1.12447988986969,1.12271249294281,1.1235954761505127,0,1.1273548228105823,1.1311114120483399,37.905555498835795,-0.00027215347925654875,0.00329174314226423
2025-05-12 05:00:00+01:00,1.1234692335128784,1.123721718788147,1.1102476119995117,1.110864281654358,0,1.125784295081418,1.130562617778778,23.086323398610133,-0.0010280420977806016,0.004016092845371791
2025-05-12 09:00:00+01:00,1.110864281654358,1.1147029399871826,1.1075423955917358,1.1112345457077026,0,1.1243986046648737,1.1300315904617309,24.01671965656172,-0.0014022321331202117,0.004116756575448173
2025-05-12 13:00:00+01:00,1.1112345457077026,1.1135857105255127,1.1103708744049072,1.1107407808303833,0,1.1230978595377794,1.1295423531532287,23.606618038537178,-0.0015695095684298936,0.004145937306540353
2025-05-12 17:00:00+01:00,1.110987663269043,1.1113580465316772,1.107051968574524,1.1095085144042969,0,1.1218036361917334,1.1290619277954101,22.57077632498428,-0.0016418814488148381,0.0038626534598214285
2025-05-12 21:00:00+01:00,1.1095085144042969,1.1102476119995117,1.1086474657058716,1.1098779439926147,0,1.1206678559822936,1.1286068654060364,23.652376845522085,-0.0015450158347144758,0.0037155236516680035
2025-05-13 01:00:00+01:00,1.1100010871887207,1.1119760274887085,1.1100010871887207,1.1119760274887085,0,1.1198400627924283,1.1282168316841126,29.661751836189765,-0.0012333132357448713,0.0037663153239658903
2025-05-13 05:00:00+01:00,1.1119760274887085,1.1125946044921875,1.1104941368103027,1.1117286682128906,0,1.1190675490229485,1.1278218507766724,29.368255924021767,-0.0009501646500284094,0.0036736726760864258
2025-05-13 09:00:00+01:00,1.1120996475219727,1.1120996475219727,1.1101243495941162,1.110987663269043,0,1.118298036094005,1.1273915481567383,28.45977804580322,-0.0007290939792317201,0.003534930092947824
2025-05-13 13:00:00+01:00,1.1111111640930176,1.118067979812622,1.1111111640930176,1.117817997932434,0,1.1182523181738553,1.127179639339447,45.266854306709725,-7.367447435947198e-05,0.003923049994877407
2025-05-13 17:00:00+01:00,1.1179429292678833,1.119444727897644,1.1168192625045776,1.1193194389343262,0,1.1183539487224716,1.12698246717453,48.15047190468053,0.000479718666321809,0.003801975931440081
2025-05-13 21:00:00+01:00,1.1191942691802979,1.1199462413787842,1.1188185214996338,1.11906898021698,0,1.1184220469600437,1.126764976978302,47.69902227712108,0.0008272583524315943,0.003701235566820417
2025-05-14 01:00:00+01:00,1.11906898021698,1.1199462413787842,1.1185681819915771,1.1198208332061768,0,1.1185552646977706,1.1265267181396483,49.23764442645022,0.0010896341790383457,0.003727282796587263
2025-05-14 05:00:00+01:00,1.1203227043151855,1.121956706047058,1.1185681819915771,1.1218308210372925,0,1.1188672224443919,1.1262953090667724,53.20134403379052,0.001362684503695144,0.0038069316319056918
2025-05-14 09:00:00+01:00,1.1217050552368164,1.1267606019973755,1.1217050552368164,1.121956706047058,0,1.119161458977979,1.1260355448722839,53.44651915522258,0.001504766773640043,0.004041799477168492
2025-05-14 13:00:00+01:00,1.1222084760665894,1.1238480806350708,1.1201971769332886,1.1206992864608765,0,1.119307918738255,1.1257840728759765,50.595216220654684,0.0014656036812721856,0.0033401421138218473
2025-05-14 17:00:00+01:00,1.120824933052063,1.1214534044265747,1.1169440746307373,1.1170687675476074,0,1.1190946662439076,1.125508689880371,43.396546178354875,0.0011601064388161654,0.0031507696424211773
2025-05-14 21:00:00+01:00,1.117193579673767,1.11906898021698,1.1168192625045776,1.1185681819915771,0,1.1190445248865428,1.1252735209465028,46.76534389690777,0.0010284270262542698,0.0030818326132638113
2025-05-15 01:00:00+01:00,1.1184431314468384,1.1203227043151855,1.1179429292678833,1.1199462413787842,0,1.1191304026477087,1.1250223898887635,49.72676239235874,0.0010025075250182664,0.002944239548274449
2025-05-15 05:00:00+01:00,1.1201971769332886,1.1230907440185547,1.118943691253662,1.1201971769332886,0,1.1192320001987162,1.1247557377815247,50.2692740563138,0.0009700197031037986,0.003126161439078195
2025-05-15 09:00:00+01:00,1.1199462413787842,1.1215791702270508,1.1184431314468384,1.1184431314468384,0,1.1191568698413943,1.1244899249076843,46.49252046427492,0.000804953973195365,0.003200301102229527
2025-05-15 13:00:00+01:00,1.1185681819915771,1.1224603652954102,1.117817997932434,1.11906898021698,0,1.119148499400974,1.124180130958557,47.993876705453616,0.0007154886359956062,0.0033818653651646207
2025-05-15 17:00:00+01:00,1.1191942691802979,1.1193194389343262,1.1174432039260864,1.1188185214996338,0,1.1191170729341795,1.1239218258857726,47.42043897871329,0.0006205434411659348,0.0033747894423348562
2025-05-15 21:00:00+01:00,1.1188185214996338,1.1200717687606812,1.1185681819915771,1.1195701360702515,0,1.1191602218042818,1.1236734294891357,49.37525981603663,0.0005896763939251509,0.0029764516013009207
2025-05-16 01:00:00+01:00,1.1193194389343262,1.121076226234436,1.1193194389343262,1.1203227043151855,0,1.1192709344243679,1.1234477686882018,51.326531235263694,0.0005993072593004612,0.002914403166089739
2025-05-16 05:00:00+01:00,1.1203227043151855,1.1222084760665894,1.1199462413787842,1.121076226234436,0,1.1194428669777077,1.1232320547103882,53.26874490192179,0.0006325114846472231,0.0029954399381365094
2025-05-16 09:00:00+01:00,1.120824933052063,1.121076226234436,1.1191942691802979,1.1196954250335693,0,1.1194669201258851,1.122942509651184,49.380279815198165,0.0005411012779967438,0.003031432628631592
2025-05-16 13:00:00+01:00,1.1196954250335693,1.1206992864608765,1.1144545078277588,1.1144545078277588,0,1.1189895475260636,1.122573845386505,38.03228789677986,0.00012880016886726413,0.0032354508127485004
2025-05-16 17:00:00+01:00,1.1147029399871826,1.116071343421936,1.1134617328643799,1.115200161933899,0,1.118628653660143,1.1221815252304077,40.14002668769276,-8.126020204246706e-05,0.0030607410839625765
2025-05-16 21:00:00+01:00,1.1153244972229004,1.1169440746307373,1.114951491355896,1.1166945695877075,0,1.118444455177054,1.1217622876167297,44.23393120551609,-0.00010557937391349019,0.0029422896248953684
2025-05-18 21:00:00+01:00,1.1193194389343262,1.1196954250335693,1.1185681819915771,1.11906898021698,0,1.1185039337522853,1.1214576435089112,50.07618457025615,4.419566133918732e-05,0.002834541457039969
2025-05-19 01:00:00+01:00,1.1193194389343262,1.1201971769332886,1.117817997932434,1.1184431314468384,0,1.1184981430565286,1.1211276078224182,48.630035047763684,0.00010366784144252199,0.0028437886919294086
2025-05-19 05:00:00+01:00,1.1184431314468384,1.1247328519821167,1.118067979812622,1.1241008043289185,0,1.1190317298443753,1.120882351398468,59.903178390230686,0.0005041857038532609,0.003149867057800293
2025-05-19 09:00:00+01:00,1.123974323272705,1.1290504932403564,1.123974323272705,1.1275228261947632,0,1.1198404056872693,1.120710699558258,64.91794186239913,0.0009536454184363801,0.0032162325722830637
2025-05-19 13:00:00+01:00,1.1276500225067139,1.1276500225067139,1.123721718788147,1.123721718788147,0,1.1202100545540195,1.1204836583137512,56.46967137146247,0.0009470827304318985,0.0032728229250226703
2025-05-19 17:00:00+01:00,1.1238480806350708,1.12447988986969,1.1228384971618652,1.1243535280227661,0,1.1206046710748523,1.1203514122962952,57.46062801365,0.0009357778528812818,0.003058467592511858
2025-05-19 21:00:00+01:00,1.1243535280227661,1.1256190538406372,1.1234692335128784,1.1235954761505127,0,1.1208895096534868,1.1202065634727478,55.81875159625757,0.0008312627672695612,0.003078009401048933
2025-05-20 01:00:00+01:00,1.1234692335128784,1.1252391338348389,1.1222084760665894,1.1248594522476196,0,1.1212675994243566,1.120043430328369,57.975017227073195,0.0008009506677023671,0.0031870859009878977
2025-05-20 05:00:00+01:00,1.124985933303833,1.1281588077545166,1.12447988986969,1.1281588077545166,0,1.1219239049796101,1.1200051808357239,63.045060937229756,0.0009468042029129595,0.003324380942753383
2025-05-20 09:00:00+01:00,1.1279042959213257,1.1279042959213257,1.1246063709259033,1.124985933303833,0,1.1222155267247742,1.1199060297012329,56.042883821543604,0.0007802285078987168,0.0034165382385253906
2025-05-20 13:00:00+01:00,1.1248594522476196,1.1271415948867798,1.1228384971618652,1.1257457733154297,0,1.122551740685789,1.1199186944961548,57.26693621832816,0.00067575874817658,0.0035894768578665598
2025-05-20 17:00:00+01:00,1.1258726119995117,1.1285407543182373,1.1248594522476196,1.128413438796997,0,1.123109997648761,1.1200226259231567,61.337500666795044,0.0007359050365230142,0.0034063713891165598
2025-05-20 21:00:00+01:00,1.1282861232757568,1.1291780471801758,1.1281588077545166,1.1291780471801758,0,1.1236879071279435,1.1201494169235229,62.441802307056435,0.000772950572266161,0.0032927734511239187
2025-05-21 01:00:00+01:00,1.1293054819107056,1.1340440511703491,1.1290504932403564,1.1337867975234985,0,1.1246497062132346,1.1203759455680846,68.31620594833235,0.0010371374641889542,0.003507128783634731
2025-05-21 05:00:00+01:00,1.1337867975234985,1.1354604959487915,1.131861925125122,1.13275945186615,0,1.1254220629420837,1.120521285533905,65.84395232267235,0.00106779671839596,0.0035498227391924176
2025-05-21 09:00:00+01:00,1.1330161094665527,1.1363636255264282,1.1316057443618774,1.1326310634613037,0,1.1261086344201046,1.1206589913368226,65.52482129885854,0.00100541379170975,0.0037197300365992953
2025-05-21 13:00:00+01:00,1.132502794265747,1.1353315114974976,1.1322463750839233,1.134429931640625,0,1.1269011389172972,1.1207996773719788,67.87426189233389,0.001008685516039198,0.0034640346254621234
2025-05-21 17:00:00+01:00,1.1345586776733398,1.1363636255264282,1.1322463750839233,1.1322463750839233,0,1.1274102090284044,1.1209246182441712,62.32224451075387,0.0007964887531779303,0.0033955403736659457
2025-05-21 21:00:00+01:00,1.1319899559020996,1.133529782295227,1.1314777135849,1.133529782295227,0,1.1279930255300066,1.121095495223999,64.17702313961631,0.0006798023910444891,0.003261523587363107
2025-05-22 01:00:00+01:00,1.1336582899093628,1.1348161697387695,1.1322463750839233,1.1336582899093628,0,1.1285325745185166,1.1213068461418152,64.366178446117,0.0005538445882668224,0.003327838012150356
2025-05-22 05:00:00+01:00,1.1336582899093628,1.134429931640625,1.1300712823867798,1.13237464427948,0,1.1288984859243227,1.1214824295043946,60.90660753779852,0.00033729589743451997,0.003485611506870815
2025-05-22 09:00:00+01:00,1.1322463750839233,1.1336582899093628,1.129433035850525,1.1312217712402344,0,1.1291197511925049,1.121889579296112,57.89679099835413,8.289526885766566e-05,0.0035709398133414133
2025-05-22 13:00:00+01:00,1.1312217712402344,1.131733775138855,1.126887559890747,1.128413438796997,0,1.1290524833453135,1.1222331571578978,51.252584765614216,-0.0002877306064501257,0.0036543181964329313
2025-05-22 17:00:00+01:00,1.1281588077545166,1.1290504932403564,1.1261261701583862,1.1281588077545166,0,1.1289673713842854,1.1225815176963807,50.684631735633936,-0.0005481483401995166,0.003609452928815569
2025-05-22 21:00:00+01:00,1.1281588077545166,1.1291780471801758,1.128031611442566,1.1285407543182373,0,1.1289267411875188,1.1229621624946595,51.551891928740616,-0.0006839639813707695,0.00338397707257952
2025-05-23 01:00:00+01:00,1.1285407543182373,1.1322463750839233,1.1282861232757568,1.1316057443618774,0,1.1291818843469814,1.1233967185020446,57.94351619195378,-0.0005617773054480391,0.003403902053833008
2025-05-23 05:00:00+01:00,1.131733775138855,1.1348161697387695,1.1312217712402344,1.134429931640625,0,1.1296816983749476,1.123845796585083,62.8119267928775,-0.00029837206874336764,0.0035878419876098633
2025-05-23 09:00:00+01:00,1.1340440511703491,1.1375269889831543,1.1307101249694824,1.1330161094665527,0,1.129999261336053,1.1242715454101562,59.12222722581383,-0.0002300417239802493,0.003718078136444092
2025-05-23 13:00:00+01:00,1.1326310634613037,1.1362345218658447,1.1303266286849976,1.1352026462554932,0,1.1304948218045712,1.1247558450698854,62.76511345298267,-5.727172229425979e-05,0.0038830297333853586
2025-05-23 17:00:00+01:00,1.1352026462554932,1.137268304824829,1.1345586776733398,1.1367511749267578,0,1.1310906649590653,1.1251345086097717,65.13483466938666,0.0001313164903142738,0.0037367258753095356
2025-05-23 21:00:00+01:00,1.1366219520568848,1.1371389627456665,1.1363636255264282,1.1368803977966309,0,1.1316420680864525,1.1254857277870178,65.33310919930966,0.00022905706801576355,0.0035717402185712543
2025-05-25 21:00:00+01:00,1.1377859115600586,1.1384334564208984,1.1373976469039917,1.1377859115600586,0,1.1322271960363197,1.1258600664138794,66.75964038651716,0.0003137513894549515,0.0033885836601257324
2025-05-26 01:00:00+01:00,1.1381744146347046,1.1422044038772583,1.1377859115600586,1.1415525674819946,0,1.1331153266501937,1.1262947010993958,71.93335488240159,0.0005677050594604964,0.0035576139177594867
2025-05-26 05:00:00+01:00,1.1415525674819946,1.1422044038772583,1.139211654663086,1.1393414735794067,0,1.1337082930244042,1.126644914150238,65.48951905725028,0.0005316545956758809,0.003587824957711356
2025-05-26 09:00:00+01:00,1.1393414735794067,1.1397310495376587,1.1377859115600586,1.1379153728485107,0,1.1341089672933669,1.1269640874862672,61.65334341712095,0.00036460966599131473,0.003415431295122419
2025-05-26 13:00:00+01:00,1.138044834136963,1.1388224363327026,1.137268304824829,1.1384334564208984,0,1.1345208234007509,1.1273187708854675,62.512451926077,0.00024745899519270243,0.0032246368271963938
2025-05-26 17:00:00+01:00,1.1383039951324463,1.1388224363327026,1.138044834136963,1.1388224363327026,0,1.1349305008228414,1.1277538442611694,63.179447349787786,0.00015891920788272708,0.002934021609170096
2025-05-26 21:00:00+01:00,1.1386927366256714,1.1397310495376587,1.1386927366256714,1.139211654663086,0,1.1353382297600076,1.1281667137145996,63.87212164524614,9.260657630972375e-05,0.0027993065970284598
2025-05-27 01:00:00+01:00,1.139211654663086,1.1410315036773682,1.139211654663086,1.1397310495376587,0,1.1357565935483553,1.1285624098777771,64.82313146725446,5.179820687902176e-05,0.0028474075453622
2025-05-27 05:00:00+01:00,1.1399909257888794,1.1399909257888794,1.1341726779937744,1.1341726779937744,0,1.135605744447919,1.1288419198989867,49.73489859667566,-0.0003588722556287713,0.002980121544429234
2025-05-27 09:00:00+01:00,1.1345586776733398,1.1361054182052612,1.134429931640625,1.1354604959487915,0,1.135591911257526,1.129182267189026,52.49388447503686,-0.0005421113260768609,0.0028614316667829242
2025-05-27 13:00:00+01:00,1.1354604959487915,1.1377859115600586,1.13275945186615,1.13275945186615,0,1.135322153220252,1.1294560766220092,46.70365632799089,-0.0008265193863630808,0.002733545643942697
2025-05-27 17:00:00+01:00,1.13275945186615,1.1341726779937744,1.13275945186615,1.1334012746810913,0,1.1351392124069988,1.1297477316856384,48.16672193976885,-0.0009442113083024252,0.0024124979972839355
2025-05-27 21:00:00+01:00,1.1332728862762451,1.1341726779937744,1.1330161094665527,1.1339154243469238,0,1.1350226611631822,1.1300346374511718,49.365859265432455,-0.000957234933071904,0.00230156523840768
2025-05-28 01:00:00+01:00,1.1341726779937744,1.1348161697387695,1.130454421043396,1.1310937404632568,0,1.1346484782393798,1.1302500581741333,43.427955999139506,-0.0011146751489787207,0.002557737486703055
2025-05-28 05:00:00+01:00,1.1312217712402344,1.1334012746810913,1.1299434900283813,1.1330161094665527,0,1.1344930145467296,1.1304888558387756,48.01562741863358,-0.0010490846677071843,0.0026937893458775113
2025-05-28 09:00:00+01:00,1.133144497871399,1.1343011856079102,1.1319899559020996,1.1321182250976562,0,1.1342668441230084,1.1307373118400574,46.13380745064622,-0.0010247321330997352,0.0025432705879211426
2025-05-28 13:00:00+01:00,1.1321182250976562,1.1326310634613037,1.1287955045700073,1.1287955045700073,0,1.1337457641655797,1.1310241317749024,39.901575665218495,-0.0011799151516331003,0.002603471279144287
2025-05-28 17:00:00+01:00,1.1287955045700073,1.130454421043396,1.1287955045700073,1.129433035850525,0,1.1333350281355745,1.131308789253235,41.53358679822173,-0.0011840693426046003,0.002583026885986328
2025-05-28 21:00:00+01:00,1.129433035850525,1.1300712823867798,1.121956706047058,1.1230907440185547,0,1.1323593820291917,1.1314367127418519,32.1733686051104,-0.0015360810921748514,0.0030516300882611957
2025-05-29 01:00:00+01:00,1.12296462059021,1.1259993314743042,1.12296462059021,1.125112533569336,0,1.131669205985396,1.131557583808899,37.04413331766327,-0.0015503930094152673,0.0032128521374293734
2025-05-29 05:00:00+01:00,1.125112533569336,1.128413438796997,1.1234692335128784,1.128031611442566,0,1.1313227684098885,1.1317493534088134,43.36761377187332,-0.0012914944559427291,0.00349184444972447
2025-05-29 09:00:00+01:00,1.1279042959213257,1.129433035850525,1.1265066862106323,1.1273956298828125,0,1.1309487552168338,1.1318152499198915,42.36910296719145,-0.0010988567730149754,0.003570880208696638
2025-05-29 13:00:00+01:00,1.1276500225067139,1.137268304824829,1.1276500225067139,1.1371389627456665,0,1.1315382987910083,1.1320075726509093,58.234544526038846,-0.0002929603903746149,0.0038604821477617535
2025-05-29 17:00:00+01:00,1.1373976469039917,1.1386927366256714,1.1364928483963013,1.1370097398757935,0,1.1320593884181307,1.1322733330726624,58.006463217359816,0.00022569251760887882,0.0038795641490391324
2025-05-29 21:00:00+01:00,1.1370097398757935,1.1383039951324463,1.1364928483963013,1.138044834136963,0,1.1326294308675433,1.1325471591949463,59.37888027109177,0.0006109077383839533,0.0036498989377702984
2025-05-30 01:00:00+01:00,1.138044834136963,1.139211654663086,1.1349449157714844,1.1352026462554932,0,1.132874498999729,1.1327793025970458,54.14614503710687,0.0006434617129083841,0.0038537212780543734
2025-05-30 05:00:00+01:00,1.1353315114974976,1.1358473300933838,1.133144497871399,1.1339154243469238,0,1.132973634747081,1.132960422039032,51.91476781229859,0.0005510356336329245,0.003964168684823173
2025-05-30 09:00:00+01:00,1.1340440511703491,1.1348161697387695,1.13275945186615,1.1341726779937744,0,1.1330878293420041,1.1330806994438172,52.33750941237371,0.0004824285058028196,0.0037995236260550363
2025-05-30 13:00:00+01:00,1.1340440511703491,1.1361054182052612,1.1319899559020996,1.1349449157714844,0,1.1332646947162404,1.1332798790931702,53.65468388372929,0.00046411266628192094,0.0038465006010872977
2025-05-30 17:00:00+01:00,1.1352026462554932,1.1370097398757935,1.1346874237060547,1.1358473300933838,0,1.133510659990254,1.1334819102287292,55.21231566652404,0.0004855283348295435,0.003847292491367885
2025-05-30 21:00:00+01:00,1.1358473300933838,1.1358473300933838,1.1348161697387695,1.1350737810134888,0,1.1336595286591336,1.133615117073059,53.5508480448391,0.00042266161194056003,0.0036469783101763043
2025-06-01 21:00:00+01:00,1.1358473300933838,1.1363636255264282,1.1354604959487915,1.1357183456420898,0,1.1338556064670342,1.1337459230422973,54.77215572155986,0.00039980126901119193,0.0036206160272870746
2025-06-02 01:00:00+01:00,1.1357183456420898,1.1384334564208984,1.1357183456420898,1.1364928483963013,0,1.1341067723650597,1.1338000440597533,56.26036375707273,0.0004105956465933245,0.003234939915793283
2025-06-02 05:00:00+01:00,1.1367511749267578,1.1439030170440674,1.1363636255264282,1.1428571939468384,0,1.1349401458490387,1.1340019989013672,66.124497842732,0.0007977131697180873,0.0035567028181893484
2025-06-02 09:00:00+01:00,1.1425960063934326,1.1440337896347046,1.141291856765747,1.1416828632354736,0,1.1355823094096515,1.1341830348968507,63.288349637072834,0.0009174905526474779,0.003399397645677839
2025-06-02 13:00:00+01:00,1.1416828632354736,1.145213007926941,1.1407711505889893,1.1432491540908813,0,1.1363124850935782,1.1343594193458557,65.41880855362423,0.001036234305846785,0.003507648195539202
2025-06-02 17:00:00+01:00,1.143379807472229,1.144819736480713,1.1416828632354736,1.144819736480713,0,1.1371226995114005,1.1346108865737916,67.45812588673851,0.0011460175443080275,0.003026519502912249
2025-06-02 21:00:00+01:00,1.144819736480713,1.145737886428833,1.1435105800628662,1.145737886428833,0,1.1379431935035371,1.1348550486564637,68.62303842046987,0.0012001807669292366,0.003028477941240583
2025-06-03 01:00:00+01:00,1.1456066370010376,1.145737886428833,1.1419435739517212,1.1422044038772583,0,1.1383490230629392,1.1350259709358215,59.75728522898798,0.0009298148744855345,0.0031701326370239258
2025-06-03 05:00:00+01:00,1.1423349380493164,1.1435105800628662,1.1416828632354736,1.1420739889144897,0,1.1387037817154677,1.1352199578285218,59.45198914232497,0.0006852700338833622,0.0029959167752947125
2025-06-03 09:00:00+01:00,1.1418131589889526,1.1420739889144897,1.1390818357467651,1.139211654663086,0,1.138752150567622,1.1353797554969787,53.046336517866855,0.0002938221972121507,0.003016582557133266
2025-06-03 13:00:00+01:00,1.1394712924957275,1.1397310495376587,1.1368803977966309,1.1375269889831543,0,1.1386354685119584,1.1355620265007018,49.655240055726374,-9.46948722149051e-05,0.0030732921191624235
2025-06-03 17:00:00+01:00,1.1376564502716064,1.1385631561279297,1.1371389627456665,1.1371389627456665,0,1.138492944153264,1.135741629600525,48.88015498911202,-0.0003780439579392238,0.0028810586248125348
2025-06-03 21:00:00+01:00,1.137268304824829,1.1388224363327026,1.137268304824829,1.1386927366256714,0,1.138511972007779,1.1359446692466735,52.104144538607194,-0.00045583937588538183,0.0028354270117623465
2025-06-04 01:00:00+01:00,1.1386927366256714,1.1396011114120483,1.1370097398757935,1.1371389627456665,0,1.1383812092209111,1.1360553336143493,48.79037046308153,-0.0005979970608461481,0.00294687066759382
2025-06-04 05:00:00+01:00,1.1371389627456665,1.1399909257888794,1.1362345218658447,1.1390818357467651,0,1.1384479355567068,1.1361483716964722,52.83013917418726,-0.0005485328357056156,0.0031230534826006207
2025-06-04 09:00:00+01:00,1.1389521360397339,1.1406410932540894,1.1377859115600586,1.1383039951324463,0,1.1384342269448724,1.13625412940979,51.092371112633714,-0.0005539360756284658,0.003133058547973633
2025-06-04 13:00:00+01:00,1.1383039951324463,1.1436413526535034,1.1383039951324463,1.1427265405654907,0,1.1388430187182648,1.13640460729599,59.29140278785549,-0.00026030691206927413,0.0029757704053606305
2025-06-04 17:00:00+01:00,1.1425960063934326,1.1437721252441406,1.1415525674819946,1.1416828632354736,0,1.1391134801008562,1.1365032410621643,56.868498020002356,-0.00014289083171912663,0.002938457897731236
2025-06-04 21:00:00+01:00,1.1415525674819946,1.1431183815002441,1.141422152519226,1.1424654722213745,0,1.1394327174456673,1.136614942550659,58.24634927568573,-2.5201839809326984e-05,0.0027423415865216938
2025-06-05 01:00:00+01:00,1.1424654722213745,1.1437721252441406,1.141422152519226,1.141422152519226,0,1.139622187452673,1.1366876673698425,55.69212625186444,-2.9980306726844208e-05,0.0026861344064985004
2025-06-05 05:00:00+01:00,1.141291856765747,1.1427265405654907,1.1409013271331787,1.141422152519226,0,1.1397936126971069,1.1366850590705873,55.69212625186444,-4.4617951927156075e-05,0.0026574134826660156
2025-06-05 09:00:00+01:00,1.1415525674819946,1.1436413526535034,1.141291856765747,1.1428571939468384,0,1.1400853823399384,1.1367553734779359,58.5889541903715,2.7014875207567127e-05,0.0025542122977120535
2025-06-05 13:00:00+01:00,1.142987847328186,1.1496896743774414,1.1419435739517212,1.144426703453064,0,1.1404988414935695,1.136885600090027,61.5498556909606,0.00015748511816871154,0.0029769539833068848
2025-06-05 17:00:00+01:00,1.144164800643921,1.145081877708435,1.1435105800628662,1.1442956924438477,0,1.140860446345977,1.1370028448104859,61.15677576314592,0.00020911186076233565,0.002875464303152902
2025-06-05 21:00:00+01:00,1.1440337896347046,1.145737886428833,1.1440337896347046,1.145737886428833,0,1.1413249644491064,1.1371411538124085,63.890623889838615,0.0003085363248285242,0.0027935675212315153
2025-06-06 01:00:00+01:00,1.1456066370010376,1.1460003852844238,1.1436413526535034,1.144426703453064,0,1.141620368163769,1.137245454788208,59.7717420671991,0.0002562901780811095,0.0028603417532784598
2025-06-06 05:00:00+01:00,1.1442956924438477,1.1445575952529907,1.1424654722213745,1.142987847328186,0,1.141750604274666,1.1373105907440186,55.54029297569438,0.0001029867209025074,0.002889530999319894
2025-06-06 09:00:00+01:00,1.142987847328186,1.1431183815002441,1.141422152519226,1.1420739889144897,0,1.141781402811792,1.1374686169624328,52.97514970096426,-7.235168023373697e-05,0.002825592245374407
2025-06-06 13:00:00+01:00,1.1420739889144897,1.1431183815002441,1.1375269889831543,1.1401208639144897,0,1.1416232562501443,1.137561824321747,47.88491306760431,-0.00031846829014097865,0.002956662859235491
2025-06-06 17:00:00+01:00,1.1399909257888794,1.140380859375,1.1388224363327026,1.1399909257888794,0,1.1414677962062143,1.1377064538002015,47.5575149525847,-0.00047896809004534724,0.002864037241254534
2025-06-06 21:00:00+01:00,1.1399909257888794,1.1401208639144897,1.1396011114120483,1.1396011114120483,0,1.141290016702008,1.1378304505348205,46.52970293980015,-0.000592884297460931,0.002519922597067697
2025-06-08 21:00:00+01:00,1.1410315036773682,1.141422152519226,1.1407711505889893,1.1409013271331787,0,1.1412529986478337,1.1379701685905457,50.38164002905339,-0.0005624260598727324,0.0024914571217128207
2025-06-09 01:00:00+01:00,1.1410315036773682,1.1428571939468384,1.1396011114120483,1.1415525674819946,0,1.1412815290129918,1.1381793451309203,52.237578179684455,-0.0004832075976770678,0.002602875232696533
2025-06-09 05:00:00+01:00,1.1415525674819946,1.1432491540908813,1.141422152519226,1.1424654722213745,0,1.1413942855090282,1.1383683323860168,54.790400555208066,-0.0003597797960624824,0.0025655201503208707
2025-06-09 09:00:00+01:00,1.1425960063934326,1.144164800643921,1.141291856765747,1.1420739889144897,0,1.1414590191666911,1.1385674476623535,53.47056002567248,-0.0002975357131858354,0.0026403580393110004
2025-06-09 13:00:00+01:00,1.1420739889144897,1.142987847328186,1.1390818357467651,1.1428571939468384,0,1.1415921786695624,1.1388486814498902,55.766272166493714,-0.0002012593279669771,0.002751537731715611
2025-06-09 17:00:00+01:00,1.1427265405654907,1.143379807472229,1.1419435739517212,1.1428571939468384,0,1.1417126563150173,1.1391171646118163,55.766272166493714,-0.00013822272689337375,0.002300832952771868
2025-06-09 21:00:00+01:00,1.1425960063934326,1.1431183815002441,1.1418131589889526,1.142987847328186,0,1.1418341030781762,1.139515106678009,56.184518121338556,-9.067163023017823e-05,0.002281827586037772
2025-06-10 01:00:00+01:00,1.1427265405654907,1.1439030170440674,1.1390818357467651,1.1405109167099,0,1.1417080853288166,1.1398230743408204,47.09342062158122,-0.00022152251486757038,0.002504476479121617
2025-06-10 05:00:00+01:00,1.1406410932540894,1.1418131589889526,1.1377859115600586,1.1396011114120483,0,1.1415074211462672,1.14005446434021,44.2604946773455,-0.00035681771408948844,0.0026236346789768766
2025-06-10 09:00:00+01:00,1.1396011114120483,1.1437721252441406,1.1396011114120483,1.1431183815002441,0,1.141660845941884,1.1403689193725586,55.424358449449635,-0.00020446725725477895,0.0027721268790108816
2025-06-10 13:00:00+01:00,1.1435105800628662,1.145081877708435,1.1419435739517212,1.1424654722213745,0,1.141737477016121,1.1404754495620728,53.29065394914267,-0.00014547762118885467,0.00287513222013201
2025-06-10 17:00:00+01:00,1.1425960063934326,1.1440337896347046,1.1419435739517212,1.142987847328186,0,1.1418565599029844,1.1405950117111205,54.79026915552714,-7.276159633773328e-05,0.0026250481605529785
2025-06-10 21:00:00+01:00,1.142987847328186,1.144164800643921,1.1422044038772583,1.1440337896347046,0,1.1420639151155292,1.1407147908210755,57.7174349053935,3.832464283197749e-05,0.0026537605694362094
2025-06-11 01:00:00+01:00,1.1439030170440674,1.1439030170440674,1.1410315036773682,1.1419435739517212,0,1.1420524540523094,1.140849609375,50.65854853100375,-3.259236110256562e-05,0.0028310843876429965
2025-06-11 05:00:00+01:00,1.1418131589889526,1.1427265405654907,1.1409013271331787,1.1423349380493164,0,1.1420793572901196,1.141017999649048,51.84605398998007,-5.542497653803467e-05,0.0028313824108668734
2025-06-11 09:00:00+01:00,1.1422044038772583,1.144819736480713,1.1422044038772583,1.1437721252441406,0,1.1422405732857406,1.1412099885940552,56.03097767510926,1.9946006183298084e-05,0.0027856145586286274
2025-06-11 13:00:00+01:00,1.1436413526535034,1.1492931842803955,1.1435105800628662,1.1492931842803955,0,1.142912250523327,1.1414969539642335,67.65894060589275,0.0004134957295186991,0.003068157604762486
2025-06-11 17:00:00+01:00,1.1492931842803955,1.1502184867858887,1.148369312286377,1.1485011577606201,0,1.1434445274030691,1.141750030517578,65.00315342041034,0.0005820143844407796,0.0029950312205723356
2025-06-11 21:00:00+01:00,1.1486331224441528,1.1516757011413574,1.1479737758636475,1.1512778997421265,0,1.1441905628639317,1.1420741128921508,69.52025532820716,0.0008270778388494127,0.0029804536274501254
2025-06-12 01:00:00+01:00,1.1512778997421265,1.1531364917755127,1.150483250617981,1.152339220046997,0,1.1449666254527953,1.142406530380249,71.05790220895493,0.0009959121778680942,0.003067382744380406
2025-06-12 05:00:00+01:00,1.1522064208984375,1.15340256690979,1.151145339012146,1.1530035734176636,0,1.145732049068497,1.1427367448806762,72.00979644452002,0.001080513621467547,0.003135383129119873
2025-06-12 09:00:00+01:00,1.1528706550598145,1.1609008312225342,1.1527377367019653,1.1592857837677002,0,1.1470228809446115,1.1430653166770934,79.03248813228478,0.0014639403695861455,0.003374091216496059
2025-06-12 13:00:00+01:00,1.1592857837677002,1.1634671688079834,1.157139539718628,1.158077597618103,0,1.1480757111039916,1.143393211364746,75.12850139514337,0.0015332089437488945,0.0035384041922433035
2025-06-12 17:00:00+01:00,1.1578094959259033,1.1583458185195923,1.156738042831421,1.158077597618103,0,1.1490282717243832,1.1436897802352906,75.12850139514337,0.0014755472118172424,0.003355315753391811
2025-06-12 21:00:00+01:00,1.1579434871673584,1.1610356569290161,1.157139539718628,1.1610356569290161,0,1.1501718322200625,1.1440140986442566,78.1879400718567,0.001526764110432436,0.003409445285797119
2025-06-13 01:00:00+01:00,1.1609008312225342,1.16130530834198,1.1531364917755127,1.1539349555969238,0,1.1505302249226208,1.1441780400276185,59.323444073665456,0.000998132741509246,0.0038436310631888254
2025-06-13 05:00:00+01:00,1.1539349555969238,1.156203031539917,1.1516757011413574,1.1539349555969238,0,1.15085448498684,1.1444126510620116,59.323444073665456,0.0005846506659635741,0.004026983465467181
2025-06-13 09:00:00+01:00,1.1539349555969238,1.155001163482666,1.1495574712753296,1.151410460472107,0,1.1509074350330561,1.144599380493164,53.95577168965116,0.00010257743202552383,0.004201369626181466
2025-06-13 13:00:00+01:00,1.151410460472107,1.157139539718628,1.1506155729293823,1.1559356451034546,0,1.1513863121826178,1.1449338603019714,60.802249958653704,5.244396233457325e-05,0.004536994865962437
2025-06-13 17:00:00+01:00,1.156203031539917,1.1568717956542969,1.1539349555969238,1.155401587486267,0,1.151768719354394,1.1452913522720336,59.67448853663676,-4.7318503255266205e-05,0.0045599596840994695
2025-06-13 21:00:00+01:00,1.1551345586776733,1.1558021306991577,1.1542012691497803,1.1555349826812744,0,1.1521274110998112,1.1456592726707457,59.8746833458153,-0.00013025462108145341,0.00426126377923148
2025-06-15 21:00:00+01:00,1.1544678211212158,1.1544678211212158,1.1531364917755127,1.154068112373352,0,1.1523122397925294,1.1459667801856994,56.55006171469551,-0.00030012499102407024,0.004300500665392194
2025-06-16 01:00:00+01:00,1.1539349555969238,1.155001163482666,1.1527377367019653,1.1531364917755127,0,1.1523907399813849,1.1462867307662963,54.48098774484221,-0.00048073674888683693,0.004197750772748675
2025-06-16 05:00:00+01:00,1.1532695293426514,1.1588828563690186,1.1532695293426514,1.1582117080688477,0,1.1529451178944765,1.146669328212738,62.52518311945936,-0.00027417504018637526,0.00441868816103254
2025-06-16 09:00:00+01:00,1.1582117080688477,1.1588828563690186,1.1574074029922485,1.1575413942337036,0,1.1533828584982124,1.1470540761947632,60.992079419480895,-0.00020181021935486345,0.004362847123827253
2025-06-16 13:00:00+01:00,1.1576753854751587,1.1617100238800049,1.1575413942337036,1.1583458185195923,0,1.1538555213573916,1.1473664617538453,62.19023231636384,-0.0001227765835599688,0.004077528204236712
2025-06-16 17:00:00+01:00,1.1586142778396606,1.1588828563690186,1.1558021306991577,1.1558021306991577,0,1.154040912723274,1.147648847103119,56.301243253164685,-0.0002570949976838043,0.003845606531415667
2025-06-16 21:00:00+01:00,1.1558021306991577,1.1570056676864624,1.1551345586776733,1.1556684970855713,0,1.1541959207577783,1.1479129076004029,56.00122156237593,-0.0003637071495018419,0.0038644160543169293
2025-06-17 01:00:00+01:00,1.155401587486267,1.1566041707992554,1.1547343730926514,1.1566041707992554,0,1.1544252779045856,1.1482165479660034,57.700871522118526,-0.00037829511000628474,0.003719678946903774
2025-06-17 05:00:00+01:00,1.1566041707992554,1.1575413942337036,1.1551345586776733,1.156203031539917,0,1.154594587774617,1.1485121655464172,56.689806087180685,-0.0004188894350273713,0.0033081088747297016
2025-06-17 09:00:00+01:00,1.156203031539917,1.1576753854751587,1.155401587486267,1.1564704179763794,0,1.154773238270023,1.148784430027008,57.22781224151196,-0.0004300375420405989,0.0031471422740391324
2025-06-17 13:00:00+01:00,1.1566041707992554,1.1575413942337036,1.151543140411377,1.1536686420440674,0,1.1546680386294559,1.1489692687988282,50.19205561492431,-0.0006170315575899405,0.0031867538179670063
2025-06-17 17:00:00+01:00,1.1538017988204956,1.154334545135498,1.1478420495986938,1.1487650871276855,0,1.1541058527721444,1.149058656692505,40.74952252109954,-0.00103716413151245,0.0031845058713640484
2025-06-17 21:00:00+01:00,1.1487650871276855,1.1491611003875732,1.1478420495986938,1.1479737758636475,0,1.1535218454475258,1.1491033744812011,39.45941714003613,-0.0013166017036236458,0.0030689494950430734
2025-06-18 01:00:00+01:00,1.1486331224441528,1.1508804559707642,1.1485011577606201,1.15035080909729,0,1.1532198419855986,1.1492218565940857,45.08381002769974,-0.0012880086494206132,0.0031622222491673063
2025-06-18 05:00:00+01:00,1.1502184867858887,1.1524720191955566,1.1500862836837769,1.1518083810806274,0,1.1530854171375062,1.1493982672691345,48.258129400748885,-0.0011235890980535945,0.003161311149597168
2025-06-18 09:00:00+01:00,1.1516757011413574,1.1519410610198975,1.1495574712753296,1.151012897491455,0,1.1528880343140728,1.1495770454406737,46.67251592012953,-0.0010238791304895969,0.0031698942184448242
2025-06-18 13:00:00+01:00,1.151012897491455,1.1530035734176636,1.1490291357040405,1.1524720191955566,0,1.152848413826595,1.1498240685462953,49.922733512442655,-0.0008237375673876059,0.003043328012738909
2025-06-18 17:00:00+01:00,1.152339220046997,1.1528706550598145,1.1466574668884277,1.1478420495986938,0,1.1523716172334617,1.1499810910224915,41.317434029648595,-0.0009578532944008169,0.003381737640925816
2025-06-18 21:00:00+01:00,1.1477103233337402,1.1491611003875732,1.1462632417678833,1.1479737758636475,0,1.1519527751982415,1.1501485443115234,41.625730118972626,-0.000988381000069282,0.00329096828188215
2025-06-19 01:00:00+01:00,1.1479737758636475,1.1486331224441528,1.1454753875732422,1.1469204425811768,0,1.1514735054251877,1.1502689266204833,39.82403106408157,-0.0010257564395900148,0.003296468939099993
2025-06-19 05:00:00+01:00,1.1469204425811768,1.1479737758636475,1.145081877708435,1.1465259790420532,0,1.1510023124363176,1.1503683948516845,39.140787283972415,-0.0010210791895315333,0.003369382449558803
2025-06-19 09:00:00+01:00,1.1462632417678833,1.1488970518112183,1.1462632417678833,1.148369312286377,0,1.1507515505172756,1.1504864716529846,43.97774946998274,-0.0008451511086834142,0.0034239547593253
2025-06-19 13:00:00+01:00,1.148369312286377,1.1487650871276855,1.1463946104049683,1.1463946104049683,0,1.150336603839913,1.1505728840827942,40.284047669025234,-0.0008128405772462673,0.0034213576998029438
2025-06-19 17:00:00+01:00,1.1462632417678833,1.15035080909729,1.1458691358566284,1.1500862836837769,0,1.150312763825043,1.150717465877533,48.921290812201036,-0.0005087730617585444,0.0035790630749293734
2025-06-19 21:00:00+01:00,1.1499539613723755,1.151543140411377,1.1495574712753296,1.151543140411377,0,1.150429942547551,1.1508911848068237,51.87927092989143,-0.00019177442972234475,0.003292449883052281
2025-06-20 01:00:00+01:00,1.1516757011413574,1.15340256690979,1.151543140411377,1.1532695293426514,0,1.1507003793851796,1.151096818447113,55.1908031082952,0.00013434959182157143,0.0029615163803100586
2025-06-20 05:00:00+01:00,1.1532695293426514,1.1535356044769287,1.151410460472107,1.1519410610198975,0,1.1508185395408668,1.151325421333313,52.21315118359345,0.00025383720747278594,0.003019094467163086
2025-06-20 09:00:00+01:00,1.1519410610198975,1.1538017988204956,1.151543140411377,1.1526048183441162,0,1.1509886613316525,1.1515854954719544,53.56127659349796,0.00036410602911218,0.0029728072030203684
2025-06-20 13:00:00+01:00,1.152339220046997,1.1528706550598145,1.1499539613723755,1.152339220046997,0,1.151117285971209,1.1517699122428895,52.91795870502585,0.0004026770395206763,0.003010732786996024
2025-06-20 17:00:00+01:00,1.1524720191955566,1.1547343730926514,1.1519410610198975,1.1519410610198975,0,1.1511957407377507,1.1519594240188598,51.911367477029735,0.0003849097962381926,0.0030399986675807406
2025-06-20 21:00:00+01:00,1.1516757011413574,1.1526048183441162,1.1516757011413574,1.1526048183441162,0,1.1513299386050238,1.1521517634391785,53.49935285252708,0.00039965394867361994,0.0028224757739475797
2025-06-22 21:00:00+01:00,1.1491611003875732,1.151012897491455,1.1490291357040405,1.15035080909729,0,1.1512366881757157,1.1522781038284302,47.73474548091099,0.0002468867629400972,0.002634082521711077
2025-06-23 01:00:00+01:00,1.150483250617981,1.151012897491455,1.1477103233337402,1.1496896743774414,0,1.151089353528261,1.1524330258369446,46.163518033005516,9.822585018190642e-05,0.0026629907744271414
2025-06-23 05:00:00+01:00,1.1496896743774414,1.152339220046997,1.1488970518112183,1.15035080909729,0,1.1510190159634064,1.152593343257904,48.0065700706422,4.409199046751127e-05,0.002683307443346296
2025-06-23 09:00:00+01:00,1.1500862836837769,1.1500862836837769,1.145737886428833,1.1477103233337402,0,1.1507039023796288,1.1526721072196962,41.84510320874591,-0.00015875855794229436,0.0028062377657209125
2025-06-23 13:00:00+01:00,1.1477103233337402,1.1552680730819702,1.1461317539215088,1.154068112373352,0,1.151024303331412,1.1527676057815552,56.36655177226801,0.00013042263443118534,0.003270702702658517
2025-06-23 17:00:00+01:00,1.1542012691497803,1.1582117080688477,1.1524720191955566,1.158077597618103,0,1.1516960456444303,1.152959134578705,62.693264176468,0.0005626799120475861,0.0035113607134137836
2025-06-23 21:00:00+01:00,1.1579434871673584,1.161170482635498,1.1575413942337036,1.160092830657959,0,1.1524957394552426,1.1531354331970214,65.40816226246915,0.000933403889167716,0.0034504617963518414
2025-06-24 01:00:00+01:00,1.1602274179458618,1.16130530834198,1.1590172052383423,1.1609008312225342,0,1.153296224385461,1.1533066654205322,66.46200180266169,0.001166955849633648,0.0034720642226082937
2025-06-24 05:00:00+01:00,1.1609008312225342,1.162520408630371,1.1587486267089844,1.1595547199249268,0,1.1538922715796958,1.1534376883506774,63.01757823749634,0.0011621577527515324,0.003608661038534982
2025-06-24 09:00:00+01:00,1.1598236560821533,1.1621150970458984,1.159151554107666,1.161170482635498,0,1.1545854345373912,1.1534753823280335,65.33955847867719,0.001194589068823954,0.003668546676635742
2025-06-24 13:00:00+01:00,1.1609008312225342,1.1641442775726318,1.1586142778396606,1.16130530834198,0,1.1552254225187806,1.153539936542511,65.53401996984397,0.001151422306513692,0.003902213914053781
2025-06-24 17:00:00+01:00,1.16130530834198,1.1634671688079834,1.1609008312225342,1.1615750789642334,0,1.155830151704062,1.1536098861694335,65.9457171499291,0.0010691225511845453,0.0038771884781973703
2025-06-24 21:00:00+01:00,1.161440134048462,1.162520408630371,1.1607661247253418,1.1615750789642334,0,1.156377287633602,1.1536206746101378,65.9457171499291,0.0009469564056971279,0.0038029721805027555
2025-06-25 01:00:00+01:00,1.161440134048462,1.1634671688079834,1.161440134048462,1.1615750789642334,0,1.1568723153793765,1.1537734770774841,65.9457171499291,0.0008040486252171575,0.003881394863128662
2025-06-25 05:00:00+01:00,1.1615750789642334,1.162520408630371,1.1594202518463135,1.1603620052337646,0,1.15720466679408,1.1539020180702209,61.799797269368035,0.0005763837307763975,0.003847428730555943
2025-06-25 09:00:00+01:00,1.1603620052337646,1.1615750789642334,1.15968918800354,1.1603620052337646,0,1.1575053656930976,1.154081048965454,61.799797269368035,0.0003836311256923963,0.003746237073625837
2025-06-25 13:00:00+01:00,1.1602274179458618,1.1631964445114136,1.1594202518463135,1.1623852252960205,0,1.1579701142267091,1.1542100405693054,65.94155266359212,0.00035110808210721007,0.0037700959614345004
2025-06-25 17:00:00+01:00,1.1627906560897827,1.1668611764907837,1.1627906560897827,1.16604483127594,0,1.1587391348980645,1.154422905445099,71.88041857264163,0.0005243488152215292,0.003760312284742083
2025-06-25 21:00:00+01:00,1.1661807298660278,1.168770432472229,1.1655012369155884,1.168770432472229,0,1.1596944965717944,1.154687614440918,75.3306557161797,0.0007566756314675229,0.0033412320273263113
2025-06-26 01:00:00+01:00,1.168770432472229,1.1712344884872437,1.1672697067260742,1.169864296913147,0,1.1606630489852565,1.1550035381317139,76.57300185489393,0.000907999259806308,0.0032144529478890555
2025-06-26 05:00:00+01:00,1.1695905923843384,1.1716461181640625,1.1679514646530151,1.1710972785949707,0,1.1616567851385626,1.155362753868103,77.9226183482482,0.0010074276479379975,0.0032191361699785504
2025-06-26 09:00:00+01:00,1.1712344884872437,1.1745359897613525,1.169864296913147,1.169864296913147,0,1.1624384529266183,1.155595805644989,73.37063470070167,0.0009094487521631757,0.003389392580304827
2025-06-26 13:00:00+01:00,1.1697274446487427,1.172333002090454,1.1694538593292236,1.1719207763671875,0,1.1633415313495297,1.1558833932876587,75.89944701353339,0.000900727918110647,0.0033256326402936664
2025-06-26 17:00:00+01:00,1.1719207763671875,1.1742602586746216,1.170823097229004,1.170823097229004,0,1.164054061433289,1.1561329388618469,71.9707586409051,0.0007450654946711153,0.0033594625336783273
2025-06-26 21:00:00+01:00,1.1712344884872437,1.1712344884872437,1.1684973239898682,1.1695905923843384,0,1.1645813500952937,1.1564087080955505,67.73142965533641,0.0004951605946078262,0.0031599743025643484
2025-06-27 01:00:00+01:00,1.1697274446487427,1.1710972785949707,1.1690436601638794,1.169864296913147,0,1.1650844878874702,1.156692624092102,68.17968303542385,0.0002942809560667137,0.0031233515058244976
2025-06-27 05:00:00+01:00,1.169864296913147,1.1730204820632935,1.168770432472229,1.171783447265625,0,1.165722484018723,1.1569962096214295,71.2006012619039,0.00023899762683972717,0.0033016204833984375
2025-06-27 09:00:00+01:00,1.172195553779602,1.1728830337524414,1.170548915863037,1.171783447265625,0,1.166299718613666,1.1573078179359435,71.2006012619039,0.00015484887114511,0.0033235549926757812
2025-06-27 13:00:00+01:00,1.1713716983795166,1.1752262115478516,1.170823097229004,1.1727453470230103,0,1.1669135879859847,1.1576333165168762,72.70678957496722,0.00011805230562271507,0.003416623388017927
2025-06-27 17:00:00+01:00,1.1726078987121582,1.1735711097717285,1.1691803932189941,1.1709601879119873,0,1.1672989784551278,1.1579791474342347,65.82618876199571,-6.271583213136606e-05,0.003595539501735142
2025-06-27 21:00:00+01:00,1.1710972785949707,1.1727453470230103,1.1710972785949707,1.1719207763671875,0,1.167739149684848,1.1584422612190246,67.60284491454561,-0.00014887626050424756,0.00345332281930106
2025-06-29 21:00:00+01:00,1.173433542251587,1.1741223335266113,1.1730204820632935,1.1730204820632935,0,1.1682421337208904,1.1589431953430176,69.55430492690864,-0.00016200428104053838,0.0032908661024911062
2025-06-30 01:00:00+01:00,1.1731581687927246,1.1737089157104492,1.1715089082717896,1.1716461181640625,0,1.1685663227154783,1.159369101524353,64.33836312612068,-0.0002861889118583594,0.003214495522635324
2025-06-30 05:00:00+01:00,1.1716461181640625,1.175364375114441,1.1716461181640625,1.1728830337524414,0,1.168977438052332,1.1597905945777893,66.7547233623046,-0.00030617367202940855,0.0031968866075788227
2025-06-30 09:00:00+01:00,1.1727453470230103,1.1735711097717285,1.17205810546875,1.1726078987121582,0,1.1693231962104107,1.1602224946022033,65.68851912798328,-0.00035559804477843567,0.0030410545212881906
2025-06-30 13:00:00+01:00,1.1728830337524414,1.1774401664733887,1.1712344884872437,1.1774401664733887,0,1.170096240997361,1.16072185754776,73.64908404748302,-9.413069421967913e-05,0.0031506248882838656
2025-06-30 17:00:00+01:00,1.177024483680725,1.1784114837646484,1.175364375114441,1.1784114837646484,0,1.1708881688799597,1.161333246231079,74.90920894441946,0.00010230871874805647,0.0031626224517822266
2025-06-30 21:00:00+01:00,1.1782727241516113,1.1793843507766724,1.1781338453292847,1.1789672374725342,0,1.1716576039840143,1.1619531154632567,75.62737699331792,0.00022093872228206007,0.003006432737622942
2025-07-01 01:00:00+01:00,1.1793843507766724,1.1809163093566895,1.1782727241516113,1.1792453527450562,0,1.172380246723161,1.1625996136665344,75.99762530752042,0.00026635871421948516,0.002999748502458845
2025-07-01 05:00:00+01:00,1.1793843507766724,1.1796625852584839,1.1773016452789307,1.1789672374725342,0,1.1730075791754822,1.163248438835144,74.77433908256006,0.00022740667885403753,0.0030217000416346957
2025-07-01 09:00:00+01:00,1.1786893606185913,1.1831519603729248,1.1778563261032104,1.1817537546157837,0,1.1738405482650347,1.1639161276817322,78.5072059747423,0.0003326731968058289,0.00309638466153826
2025-07-01 13:00:00+01:00,1.1818934679031372,1.1820330619812012,1.1773016452789307,1.177994966506958,0,1.174236207145218,1.164548134803772,64.61676666180658,0.0001043505455139886,0.003267620291028704
2025-07-01 17:00:00+01:00,1.1777175664901733,1.1793843507766724,1.1764705181121826,1.1793843507766724,0,1.1747265065386898,1.1651340961456298,66.94488148159215,7.2162144305757195e-06,0.003161243030003139
2025-07-01 21:00:00+01:00,1.1796625852584839,1.1810559034347534,1.1796625852584839,1.1809163093566895,0,1.1753160115689756,1.165721559524536,69.34031384596369,6.482435247357615e-06,0.002967017037527902
2025-07-02 01:00:00+01:00,1.1807769536972046,1.1813349723815918,1.1792453527450562,1.18035888671875,0,1.1757962853927635,1.166263346672058,67.42564973541764,-6.714508261228269e-05,0.0029887642179216656
2025-07-02 05:00:00+01:00,1.18035888671875,1.1804981231689453,1.1775789260864258,1.1777175664901733,0,1.1759792645448977,1.1667788767814635,59.09836527761282,-0.0003154377461824674,0.0030400242124285016
2025-07-02 09:00:00+01:00,1.1775789260864258,1.1784114837646484,1.1752262115478516,1.1752262115478516,0,1.1759075452118457,1.1672313046455383,52.51078389646598,-0.0006499018468964749,0.003110400268009731
2025-07-02 13:00:00+01:00,1.1749500036239624,1.1792453527450562,1.1749500036239624,1.1792453527450562,0,1.1762254316435798,1.1677694272994996,60.215353312880524,-0.0006038774624699461,0.0031516211373465402
2025-07-02 17:00:00+01:00,1.1792453527450562,1.1806375980377197,1.1789672374725342,1.1806375980377197,0,1.1766456379668313,1.168343358039856,62.48582430401982,-0.0004880489419585906,0.003162860870361328
2025-07-02 21:00:00+01:00,1.1804981231689453,1.1804981231689453,1.1789672374725342,1.1802195310592651,0,1.1769860087375394,1.168895652294159,61.35354158334345,-0.0004489580013853846,0.00283890962600708
2025-07-03 01:00:00+01:00,1.18035888671875,1.1813349723815918,1.1792453527450562,1.1795234680175781,0,1.1772276715261145,1.1694791054725646,59.42284421679379,-0.0004767316941686811,0.002770517553601946
2025-07-03 05:00:00+01:00,1.1796625852584839,1.1813349723815918,1.1789672374725342,1.1806375980377197,0,1.1775524264319819,1.1700980639457703,61.51063646858878,-0.0004283500406586033,0.0028503196580069406
2025-07-03 09:00:00+01:00,1.1804981231689453,1.1811953783035278,1.1786893606185913,1.1786893606185913,0,1.1776607058783255,1.1706648349761963,56.07710768187268,-0.0005292287770263869,0.0028404934065682547
2025-07-03 13:00:00+01:00,1.1789672374725342,1.1792453527450562,1.172333002090454,1.1760554313659668,0,1.1775078225914342,1.1712317371368408,49.68682713793027,-0.0007609258355385116,0.0031655941690717426
2025-07-03 17:00:00+01:00,1.1759172677993774,1.1761938333511353,1.1743981838226318,1.1752262115478516,0,1.1772905263015692,1.1716548991203308,47.838568496331256,-0.0009455646974513643,0.002915595258985247
2025-07-03 21:00:00+01:00,1.1750881671905518,1.1774401664733887,1.1750881671905518,1.1774401664733887,0,1.1773047777465042,1.1720421504974365,52.87849725629402,-0.0008946658832196985,0.0027456368718828473
2025-07-04 01:00:00+01:00,1.1773016452789307,1.1775789260864258,1.1760554313659668,1.1774401664733887,0,1.1773176719109693,1.1723890972137452,52.87849725629402,-0.0008380551232772737,0.002646327018737793
2025-07-04 05:00:00+01:00,1.1773016452789307,1.178828239440918,1.177163004875183,1.1773016452789307,0,1.177316145565061,1.172717113494873,52.5103373217537,-0.0007877618578752293,0.002645875726427351
2025-07-04 09:00:00+01:00,1.1773016452789307,1.1786893606185913,1.177163004875183,1.177163004875183,0,1.1773015607374535,1.1730692791938782,52.11921414790752,-0.0007422768707754509,0.002605642591203962
2025-07-04 13:00:00+01:00,1.177163004875183,1.1791062355041504,1.176747441291809,1.1782727241516113,0,1.1773940524911828,1.1734113240242003,55.00797930993018,-0.0006208308200195238,0.0025656138147626606
2025-07-04 17:00:00+01:00,1.177994966506958,1.1784114837646484,1.1775789260864258,1.1778563261032104,0,1.1774380785494711,1.173742344379425,53.698809845136275,-0.0005541184921970283,0.0023975627762930734
2025-07-04 21:00:00+01:00,1.1778563261032104,1.1786893606185913,1.1777175664901733,1.1778563261032104,0,1.1774779116498273,1.1740679693222047,53.698809845136275,-0.0004973728732046178,0.002160165991101946
2025-07-06 21:00:00+01:00,1.1784114837646484,1.178550362586975,1.177994966506958,1.1784114837646484,0,1.1775668232798102,1.174404697418213,55.34221400811369,-0.00041328641494518164,0.002090428556714739
2025-07-07 01:00:00+01:00,1.1784114837646484,1.1792453527450562,1.176885962486267,1.1773016452789307,0,1.1775415682321073,1.1747192287445067,51.41344025569396,-0.0004217854004399174,0.0021396449634007047
2025-07-07 05:00:00+01:00,1.1773016452789307,1.1777175664901733,1.1749500036239624,1.1750881671905518,0,1.1773079109900544,1.1750137519836426,44.61130113422952,-0.0005573399844302656,0.0021880694798060824
2025-07-07 09:00:00+01:00,1.1749500036239624,1.1750881671905518,1.1726078987121582,1.1732958555221558,0,1.1769258104693021,1.1752724289894103,39.996873134353336,-0.0007372764132307491,0.0021961075919015066
2025-07-07 13:00:00+01:00,1.173433542251587,1.1748120784759521,1.172195553779602,1.1737089157104492,0,1.1766194395398877,1.175498902797699,41.498710525086125,-0.0007931758757862997,0.002204000949859619
2025-07-07 17:00:00+01:00,1.1737089157104492,1.1741223335266113,1.1690436601638794,1.1724703311920166,0,1.1762242863638999,1.1756274127960205,38.39540010698995,-0.0008719973270740494,0.002073024000440325
2025-07-07 21:00:00+01:00,1.172333002090454,1.1742602586746216,1.1709601879119873,1.1741223335266113,0,1.1760241003793963,1.1757344508171081,44.37075215916882,-0.0007745959277863715,0.002180482660021101
2025-07-08 01:00:00+01:00,1.1741223335266113,1.1752262115478516,1.173433542251587,1.1749500036239624,0,1.1759218054503076,1.1758361649513245,47.137256444746164,-0.0006226888988470958,0.0021405305181230816
2025-07-08 05:00:00+01:00,1.1748120784759521,1.176747441291809,1.1735711097717285,1.1763322353363037,0,1.1759608940108788,1.175940864086151,51.47718351787178,-0.0004077719539938451,0.0022585902895246234
2025-07-08 09:00:00+01:00,1.1763322353363037,1.1763322353363037,1.1726078987121582,1.1726078987121582,0,1.1756415611252864,1.1759957361221314,41.573401909255054,-0.0004895877825265806,0.0024056690079825266
2025-07-08 13:00:00+01:00,1.1724703311920166,1.1727453470230103,1.1686338186264038,1.1709601879119873,0,1.1751957160573532,1.1759765243530274,38.08256754353294,-0.0006194597655230637,0.0025903241974966867
2025-07-08 17:00:00+01:00,1.1709601879119873,1.1732958555221558,1.1700011491775513,1.1726078987121582,0,1.1749492572625726,1.1760122203826904,43.21726293751801,-0.0005609263292455474,0.002657175064086914
2025-07-08 21:00:00+01:00,1.1727453470230103,1.1735711097717285,1.17205810546875,1.1726078987121582,0,1.1747262707339616,1.1760725665092469,43.217262937518,-0.0004912470349840965,0.0027057783944266184
2025-07-09 01:00:00+01:00,1.1727453470230103,1.1728830337524414,1.1706860065460205,1.1709601879119873,0,1.174367596179488,1.1760944843292236,39.42544308887881,-0.0005222678391666658,0.002793295042855399
2025-07-09 05:00:00+01:00,1.170823097229004,1.1731581687927246,1.170548915863037,1.1712344884872437,0,1.1740692049707027,1.176083505153656,40.36350810288053,-0.0004909307224939478,0.0029300962175641742
2025-07-09 09:00:00+01:00,1.1710972785949707,1.172333002090454,1.1694538593292236,1.1694538593292236,0,1.1736296482429427,1.176036913394928,36.42056248415302,-0.0005521734970064201,0.0029672213963099887
2025-07-09 13:00:00+01:00,1.1695905923843384,1.1727453470230103,1.1695905923843384,1.1709601879119873,0,1.1733754139257089,1.1760012102127075,41.616379249426814,-0.0004572086271272327,0.0030046445982796805
2025-07-09 17:00:00+01:00,1.1709601879119873,1.1726078987121582,1.1704120635986328,1.172195553779602,0,1.1732630462927462,1.1760259175300598,45.54664867849767,-0.00028556418390671134,0.0029843279293605258
2025-07-09 21:00:00+01:00,1.172195553779602,1.1742602586746216,1.1715089082717896,1.1742602586746216,0,1.173358018900544,1.1760727071762085,51.431470595588884,-2.1279017208297637e-05,0.0029939583369663785
2025-07-10 01:00:00+01:00,1.1739845275878906,1.1752262115478516,1.1737089157104492,1.17384672164917,0,1.1734045620194606,1.176089231967926,50.25989218597359,0.00012911018451331933,0.002739574228014265
2025-07-10 05:00:00+01:00,1.1737089157104492,1.1746740341186523,1.1730204820632935,1.1735711097717285,0,1.1734204237101529,1.1761277318000793,49.45137546435336,0.0002087357439590179,0.0026219657489231656
2025-07-10 09:00:00+01:00,1.1737089157104492,1.17384672164917,1.1712344884872437,1.1715089082717896,0,1.1732383746207848,1.1761002492904664,43.776846933695126,0.00012534219305275528,0.0026805060250418527
2025-07-10 13:00:00+01:00,1.1716461181640625,1.171783447265625,1.1669973134994507,1.1690436601638794,0,1.1728388780058414,1.1760289645195008,38.142147345211164,-8.186412341984993e-05,0.0027954918997628348
2025-07-10 17:00:00+01:00,1.1690436601638794,1.1702749729156494,1.1684973239898682,1.169864296913147,0,1.1725555845684419,1.175877447128296,40.87053003498562,-0.00014592770514004066,0.002656442778451102
2025-07-10 21:00:00+01:00,1.169864296913147,1.1716461181640625,1.169864296913147,1.1704120635986328,0,1.1723514397141743,1.1757174587249757,42.68766784206594,-0.00013399520627763173,0.0024900351251874652
2025-07-11 01:00:00+01:00,1.170548915863037,1.1706860065460205,1.1669973134994507,1.1684973239898682,0,1.1719843810737642,1.1755080604553223,38.26134670436807,-0.000231901354358288,0.002518177032470703
2025-07-11 05:00:00+01:00,1.1684973239898682,1.169864296913147,1.1672697067260742,1.1693171262741089,0,1.1717303568071302,1.1753094959259034,41.0784250417463,-0.0002184792110317877,0.002595433167048863
2025-07-11 09:00:00+01:00,1.1691803932189941,1.1702749729156494,1.1683608293533325,1.1691803932189941,0,1.1714875031320697,1.1751137590408325,40.74449172317938,-0.00019652815477150623,0.0025752271924700055
2025-07-11 13:00:00+01:00,1.1690436601638794,1.1712344884872437,1.1680878400802612,1.169864296913147,0,1.171332912063601,1.17487596988678,43.23030577970098,-0.0001175630041589965,0.002613612583705357
2025-07-11 17:00:00+01:00,1.169864296913147,1.1701380014419556,1.1689070463180542,1.1691803932189941,0,1.1711279102688765,1.1746996784210204,41.36167823254919,-9.40243296392773e-05,0.002495884895324707
2025-07-11 21:00:00+01:00,1.1691803932189941,1.1697274446487427,1.1683608293533325,1.1691803932189941,0,1.170942432454602,1.174495599269867,41.36167823254919,-6.260039625573385e-05,0.0023583940097263883
2025-07-13 21:00:00+01:00,1.1667250394821167,1.1686338186264038,1.1667250394821167,1.1686338186264038,0,1.1707225644709642,1.1742499494552612,39.768383097271325,-6.261986452812496e-05,0.002376931054251535
2025-07-14 01:00:00+01:00,1.168770432472229,1.1700011491775513,1.1676785945892334,1.1684973239898682,0,1.170510636806098,1.1740127182006836,39.360617286717556,-5.603335912789001e-05,0.0023463027817862375
2025-07-14 05:00:00+01:00,1.1682243347167969,1.1690436601638794,1.1659088134765625,1.1690436601638794,0,1.1703709247449343,1.1738392400741577,41.92730997308209,-1.9472544335531923e-06,0.0024618421282087055
2025-07-14 09:00:00+01:00,1.1689070463180542,1.1700011491775513,1.1683608293533325,1.1691803932189941,0,1.1702575407900828,1.1737183237075806,42.58234242477016,5.2939919943400865e-05,0.0024608969688415527
2025-07-14 13:00:00+01:00,1.1694538593292236,1.169864296913147,1.1672697067260742,1.1675423383712769,0,1.16999895008353,1.173484263420105,37.172851957454604,-7.931565616359389e-06,0.002459636756352016
2025-07-14 17:00:00+01:00,1.1674060821533203,1.1678149700164795,1.1663167476654053,1.1671334505081177,0,1.1697260453620622,1.1732141804695129,35.94532868452042,-5.970670970937078e-05,0.002224785940987723
2025-07-14 21:00:00+01:00,1.1671334505081177,1.1672697067260742,1.1664528846740723,1.1668611764907837,0,1.1694532007076546,1.1729470133781432,35.11381662474727,-9.42118444341917e-05,0.002156155450003488
2025-07-15 01:00:00+01:00,1.1668611764907837,1.1680878400802612,1.1668611764907837,1.1679514646530151,0,1.1693101782262603,1.172715573310852,40.99955756012881,-2.891339272656371e-05,0.0021165013313293457
2025-07-15 05:00:00+01:00,1.1679514646530151,1.1695905923843384,1.1675423383712769,1.1693171262741089,0,1.169310839945103,1.1724891638755799,47.43174860728974,0.000113156550993422,0.0019993271146501812
2025-07-15 09:00:00+01:00,1.1693171262741089,1.1694538593292236,1.1671334505081177,1.1672697067260742,0,1.1691164463051957,1.1722607707977295,40.33257160504521,7.782506408409275e-05,0.0019797427313668387
2025-07-15 13:00:00+01:00,1.1671334505081177,1.1691803932189941,1.1606314182281494,1.1621150970458984,0,1.1684496511376437,1.171981964111328,28.690112081402063,-0.00026531706211475273,0.0024536592619759695
2025-07-15 17:00:00+01:00,1.16225004196167,1.16225004196167,1.15968918800354,1.1603620052337646,0,1.167679399146798,1.1716846799850464,25.94685157905326,-0.0005657192214412693,0.0024118168013436453
2025-07-15 21:00:00+01:00,1.1603620052337646,1.161170482635498,1.160092830657959,1.1610356569290161,0,1.1670466617927233,1.171356589794159,28.76549816884821,-0.0006674267300950068,0.002400866576603481
2025-07-16 01:00:00+01:00,1.16130530834198,1.1618449687957764,1.1606314182281494,1.161440134048462,0,1.1665127067694603,1.1710365891456604,30.4765826235369,-0.000654921497457469,0.0023899333817618234
2025-07-16 05:00:00+01:00,1.161440134048462,1.1631964445114136,1.161440134048462,1.16225004196167,0,1.1661067386925277,1.1707355570793152,33.900367471382665,-0.0005441191315384911,0.002340001719338553
2025-07-16 09:00:00+01:00,1.16225004196167,1.1629259586334229,1.160496711730957,1.160496711730957,0,1.1655724504104734,1.1704022312164306,30.40903826619551,-0.0005398541825128167,0.0023476225989205496
2025-07-16 13:00:00+01:00,1.1606314182281494,1.1719207763671875,1.156738042831421,1.1627906560897827,0,1.1653075176180265,1.1700925898551942,39.227579885572126,-0.00034307035208238626,0.003208185945238386
2025-07-16 17:00:00+01:00,1.1629259586334229,1.1661807298660278,1.1619800329208374,1.163873314857483,0,1.1651709268789272,1.1698129296302795,42.904937645138425,-0.00011245463997211057,0.0033910700253077914
2025-07-16 21:00:00+01:00,1.1637378931045532,1.1645511388778687,1.1633317470550537,1.163873314857483,0,1.1650473447816467,1.169533269405365,42.904937645138425,5.844053704456061e-05,0.0032928415707179476
2025-07-17 01:00:00+01:00,1.163873314857483,1.163873314857483,1.1618449687957764,1.16225004196167,0,1.1647809349892682,1.1692100405693053,38.820265874953236,7.921875031890405e-05,0.003330707550048828
2025-07-17 05:00:00+01:00,1.16225004196167,1.1629259586334229,1.1578094959259033,1.1595547199249268,0,1.1642832002212358,1.1688551020622253,33.172997657679446,-6.377889653386625e-05,0.003637824739728655
2025-07-17 09:00:00+01:00,1.1594202518463135,1.1607661247253418,1.1574074029922485,1.1579434871673584,0,1.1636794180256285,1.1685122084617614,30.33234459731095,-0.00023260249653507623,0.003790114607129778
2025-07-17 13:00:00+01:00,1.158077597618103,1.1606314182281494,1.1568717956542969,1.1599582433700562,0,1.1633250204393835,1.1682454562187194,37.53539385817442,-0.00017683099894491051,0.00391235521861485
2025-07-17 17:00:00+01:00,1.160092830657959,1.160496711730957,1.1583458185195923,1.1602274179458618,0,1.1630300106780957,1.1679758262634277,38.45098693991364,-9.420718719199261e-05,0.003900246960776193
2025-07-17 21:00:00+01:00,1.1602274179458618,1.1623852252960205,1.1592857837677002,1.1618449687957764,0,1.1629171495464463,1.167763319015503,43.78360048768561,8.718079911754e-05,0.0035109945705958773
2025-07-18 01:00:00+01:00,1.1619800329208374,1.1637378931045532,1.1619800329208374,1.1627906560897827,0,1.1629051025505734,1.1675366854667664,46.69156591530427,0.00027788813346909386,0.0034632853099278043
2025-07-18 05:00:00+01:00,1.1626555919647217,1.1633317470550537,1.1615750789642334,1.1631964445114136,0,1.162932849403987,1.1673016142845154,47.93608011301301,0.00042935101303191465,0.003511786460876465
2025-07-18 09:00:00+01:00,1.1634671688079834,1.1652295589447021,1.1634671688079834,1.164686679840088,0,1.163099880874092,1.167068703174591,52.33683049968519,0.0006165045845317389,0.003570326736995152
2025-07-18 13:00:00+01:00,1.164686679840088,1.1672697067260742,1.164686679840088,1.164686679840088,0,1.1632510045851392,1.1669102787971497,52.33683049968519,0.0007197090149505922,0.003629377910069057
2025-07-18 17:00:00+01:00,1.1648223400115967,1.1650937795639038,1.1619800329208374,1.162520408630371,0,1.1631814240180183,1.1667414832115173,45.80901112001501,0.0006249988730986677,0.0036782707486833844
2025-07-18 21:00:00+01:00,1.162520408630371,1.163061261177063,1.1618449687957764,1.1618449687957764,0,1.163054142568281,1.1665262246131898,43.9675949746044,0.00050492145037693,0.0026806678090776715
2025-07-20 21:00:00+01:00,1.1629259586334229,1.1634671688079834,1.1627906560897827,1.1633317470550537,0,1.163080581090831,1.1663407015800475,48.84238111274196,0.0005120758536642912,0.0024964894567217144
2025-07-21 01:00:00+01:00,1.1633317470550537,1.163873314857483,1.1618449687957764,1.1627906560897827,0,1.163052969185969,1.1661773109436036,47.231882614365084,0.00046802065407031005,0.002554271902356829
2025-07-21 05:00:00+01:00,1.1629259586334229,1.164958119392395,1.1626555919647217,1.164686679840088,0,1.1632085606768374,1.1660463547706603,53.07118849919055,0.0005486419677079625,0.0025738562856401715
2025-07-21 09:00:00+01:00,1.164686679840088,1.1672697067260742,1.1637378931045532,1.1671334505081177,0,1.1635823597083879,1.1659999465942383,59.32633029520359,0.0007370787175933906,0.0024606670652117047
2025-07-21 13:00:00+01:00,1.1672697067260742,1.1719207763671875,1.1661807298660278,1.170823097229004,0,1.1642719537579704,1.1659972047805787,66.56385427457673,0.001060851422995824,0.0026307616915021625
2025-07-21 17:00:00+01:00,1.1706860065460205,1.170823097229004,1.1690436601638794,1.1693171262741089,0,1.164752446378555,1.1659396362304688,61.73520102935169,0.0011184873060572282,0.0024893198694501606
2025-07-21 21:00:00+01:00,1.1693171262741089,1.1700011491775513,1.1691803932189941,1.1697274446487427,0,1.1652262557376205,1.1658489799499512,62.53269798195419,0.0011260362659660506,0.002394310065678188
2025-07-22 01:00:00+01:00,1.1695905923843384,1.169864296913147,1.1686338186264038,1.1690436601638794,0,1.1655898180639308,1.1657529187202453,60.27808500272422,0.0010294064309420694,0.00226081269127982
2025-07-22 05:00:00+01:00,1.1691803932189941,1.1697274446487427,1.1686338186264038,1.1689070463180542,0,1.1659057445643235,1.1656596374511718,59.81407389474612,0.0009051177675671867,0.0022037199565342496
2025-07-22 09:00:00+01:00,1.168770432472229,1.1712344884872437,1.168770432472229,1.170548915863037,0,1.1663479513546773,1.1656404376029967,63.45510403323439,0.00088144421219507,0.0022542476654052734
2025-07-22 13:00:00+01:00,1.1706860065460205,1.1752262115478516,1.1682243347167969,1.1752262115478516,0,1.1671934999445035,1.1657640886306764,71.40385147629719,0.0011137800794496396,0.00260915926524571
2025-07-22 17:00:00+01:00,1.1748120784759521,1.1763322353363037,1.1745359897613525,1.1756407022476196,0,1.1679979954019433,1.1658796167373657,71.98536731641127,0.001219817477449872,0.0025529606001717703
2025-07-22 21:00:00+01:00,1.175364375114441,1.1763322353363037,1.1739845275878906,1.1741223335266113,0,1.1685812656995307,1.1659538221359254,66.63933247685438,0.0011150040026113325,0.0024982435362679617
2025-07-23 01:00:00+01:00,1.1742602586746216,1.1750881671905518,1.173433542251587,1.1742602586746216,0,1.1691221221733488,1.1660690808296204,66.87995120181597,0.0009866872667366538,0.0025295530046735492
2025-07-23 05:00:00+01:00,1.1742602586746216,1.175364375114441,1.1731581687927246,1.1745359897613525,0,1.1696377286103015,1.1661734580993652,67.38638259401864,0.0008569113107084912,0.0025712677410670687
2025-07-23 09:00:00+01:00,1.1743981838226318,1.1750881671905518,1.1727453470230103,1.1728830337524414,0,1.1699468052905053,1.166247510910034,61.33190912450956,0.0006079864349260908,0.0025937301771981375
2025-07-23 13:00:00+01:00,1.1727453470230103,1.1757789850234985,1.1715089082717896,1.1755025386810303,0,1.1704759227562695,1.166360275745392,66.47285896065247,0.0005687031295722382,0.002734269414629255
2025-07-23 17:00:00+01:00,1.1750881671905518,1.1778563261032104,1.1748120784759521,1.1775789260864258,0,1.1711523992639035,1.1665282464027404,69.89008717272708,0.0006269217139324764,0.0026994432721819195
2025-07-23 21:00:00+01:00,1.1777175664901733,1.1782727241516113,1.177024483680725,1.1777175664901733,0,1.171777653285453,1.1666989898681641,70.10915658501179,0.0006181093113320863,0.0023785999843052457
2025-07-24 01:00:00+01:00,1.1777175664901733,1.1782727241516113,1.1766090393066406,1.1778563261032104,0,1.172356574506192,1.1668834400177002,70.34173846917787,0.0005663439569242386,0.0023703319685799734
2025-07-24 05:00:00+01:00,1.1777175664901733,1.1781338453292847,1.1759172677993774,1.1764705181121826,0,1.1727483786591435,1.1670429039001464,64.90959445369853,0.00039178499461547944,0.002470033509390695
2025-07-24 09:00:00+01:00,1.176747441291809,1.177163004875183,1.1748120784759521,1.1759172677993774,0,1.17305017762488,1.1671803760528565,62.82373417045612,0.00020165097579643004,0.002550065517425537
2025-07-24 13:00:00+01:00,1.1759172677993774,1.1791062355041504,1.1737089157104492,1.176885962486267,0,1.1734154904688217,1.167334487438202,64.94767808081893,0.0001083893237195173,0.0028574722153799875
2025-07-24 17:00:00+01:00,1.176747441291809,1.1781338453292847,1.1761938333511353,1.1761938333511353,0,1.1736800945528514,1.1675075173377991,62.21277615468351,-2.5502613231481383e-05,0.002820040498461042
2025-07-24 21:00:00+01:00,1.1761938333511353,1.1763322353363037,1.1743981838226318,1.1757789850234985,0,1.1738799888833893,1.1676804280281068,60.5665191408155,-0.00016008845005140333,0.0024580529757908414
2025-07-25 01:00:00+01:00,1.1759172677993774,1.1761938333511353,1.17384672164917,1.1746740341186523,0,1.1739556122391286,1.167836685180664,56.29368479990778,-0.0003317298582190668,0.0024974005562918527
2025-07-25 05:00:00+01:00,1.1745359897613525,1.1763322353363037,1.1739845275878906,1.1756407022476196,0,1.1741160970018418,1.167990469932556,59.0176373278006,-0.00038463728787459977,0.0024974005562918527
2025-07-25 09:00:00+01:00,1.1759172677993774,1.1759172677993774,1.1716461181640625,1.1724703311920166,0,1.1739593574009062,1.1680535340309144,48.3700892963119,-0.0006234905748683855,0.002684295177459717
2025-07-25 13:00:00+01:00,1.1724703311920166,1.1742602586746216,1.1709601879119873,1.1732958555221558,0,1.1738961667457872,1.168174057006836,50.856311848162086,-0.0007099402693639119,0.0027624283518110004
2025-07-25 17:00:00+01:00,1.1732958555221558,1.1750881671905518,1.1724703311920166,1.1748120784759521,0,1.1739833964343744,1.168427996635437,55.13008752387195,-0.0006506376387494625,0.0027820723397391184
2025-07-25 21:00:00+01:00,1.1746740341186523,1.1746740341186523,1.1741223335266113,1.1743981838226318,0,1.1740228999951607,1.1687087202072144,53.75579032795833,-0.0006247816781277927,0.002526334353855678
2025-07-27 21:00:00+01:00,1.1757789850234985,1.1763322353363037,1.1757789850234985,1.1759172677993774,0,1.1742033159765146,1.1690063524246215,57.9035544941646,-0.0004964626702637959,0.0024470346314566477
2025-07-28 01:00:00+01:00,1.1760554313659668,1.1774401664733887,1.1750881671905518,1.1759172677993774,0,1.1743665494834539,1.16929589509964,57.9035544941646,-0.0004064613555457429,0.002525874546595982
2025-07-28 05:00:00+01:00,1.1760554313659668,1.1761938333511353,1.1679514646530151,1.1679514646530151,0,1.1737555890234121,1.1694099235534667,37.466540528006966,-0.0008526273857761726,0.0029957805361066547
2025-07-28 09:00:00+01:00,1.1678149700164795,1.1693171262741089,1.164958119392395,1.1653653383255005,0,1.172956517528373,1.1695072960853576,33.35100806328259,-0.0012662022430201339,0.0031488112040928434
2025-07-28 13:00:00+01:00,1.1657729148864746,1.1667250394821167,1.16130530834198,1.16130530834198,0,1.1718468785582403,1.1694775891304017,28.12734286941219,-0.0017288444639954224,0.003368011542728969
2025-07-28 17:00:00+01:00,1.16130530834198,1.16130530834198,1.1588828563690186,1.1594202518463135,0,1.1706633902999615,1.1693885278701783,26.084527330794316,-0.0020552465751582233,0.0031555209841047016
2025-07-28 21:00:00+01:00,1.1594202518463135,1.1599582433700562,1.1587486267089844,1.1599582433700562,0,1.1696438524971133,1.1693102264404296,27.69845391650945,-0.0021198279002842325,0.0031033498900277273
2025-07-29 01:00:00+01:00,1.1599582433700562,1.1602274179458618,1.1586142778396606,1.1587486267089844,0,1.168606211945863,1.169240198135376,26.307584366685035,-0.0021236163242966998,0.003080427646636963
2025-07-29 05:00:00+01:00,1.1586142778396606,1.1592857837677002,1.1532695293426514,1.1556684970855713,0,1.167374048625835,1.1691624736785888,23.12346267701355,-0.002203633956429222,0.0033425092697143555
2025-07-29 09:00:00+01:00,1.1556684970855713,1.1590172052383423,1.1542012691497803,1.1544678211212158,0,1.1661448841015856,1.169092960357666,22.00536739314721,-0.0022022710535965144,0.0035188112940107074
2025-07-29 13:00:00+01:00,1.1542012691497803,1.1551345586776733,1.152339220046997,1.15340256690979,0,1.1649313300833193,1.1689618468284606,21.03362275414959,-0.0021363101325620965,0.0034133962222508024
2025-07-29 17:00:00+01:00,1.1538017988204956,1.156203031539917,1.1538017988204956,1.155401587486267,0,1.1640237355502667,1.1688653302192689,27.503407229073474,-0.0018328942644839814,0.0033777100699288504
2025-07-29 21:00:00+01:00,1.155401587486267,1.1556684970855713,1.1546010971069336,1.155401587486267,0,1.1632025785917905,1.1687364625930785,27.503407229073474,-0.0015199470833702792,0.0032669646399361746
2025-07-30 01:00:00+01:00,1.155401587486267,1.1575413942337036,1.155401587486267,1.1564704179763794,0,1.162561420437942,1.1686100578308105,31.008535376815118,-0.0011457565364999772,0.0033705404826572965
2025-07-30 05:00:00+01:00,1.1564704179763794,1.1568717956542969,1.154334545135498,1.1556684970855713,0,1.16190495154724,1.1684594988822936,29.842714042552487,-0.0008695710930465249,0.00341362612588065
2025-07-30 09:00:00+01:00,1.1558021306991577,1.156336784362793,1.1526048183441162,1.15340256690979,0,1.1610952006293875,1.1682338166236876,26.77902182730368,-0.0007607391710183512,0.003512195178440639
2025-07-30 13:00:00+01:00,1.1535356044769287,1.1538017988204956,1.1461317539215088,1.1471836566925049,0,1.1597702916830177,1.167883756160736,20.545032048103266,-0.0010130424161464164,0.0034713149070739746
2025-07-30 17:00:00+01:00,1.147315263748169,1.1502184867858887,1.1419435739517212,1.1424654722213745,0,1.1581222136390517,1.167482657432556,17.261792427951136,-0.001380390294941504,0.0037510224751063754
2025-07-30 21:00:00+01:00,1.1427265405654907,1.143379807472229,1.1405109167099,1.1431183815002441,0,1.1566932772448795,1.1671081256866456,19.186402716536875,-0.0014546720945370958,0.00356881959097726
2025-07-31 01:00:00+01:00,1.1431183815002441,1.1440337896347046,1.141291856765747,1.1427265405654907,0,1.1553631118468426,1.1666960215568543,18.902224194403118,-0.001404729804597253,0.003591639654976981
2025-07-31 05:00:00+01:00,1.1425960063934326,1.1462632417678833,1.1424654722213745,1.1453442573547363,0,1.1544089352285467,1.1663470935821534,26.711829964530423,-0.0010842797128792396,0.003776507718222482
2025-07-31 09:00:00+01:00,1.145213007926941,1.145737886428833,1.1424654722213745,1.1453442573547363,0,1.153545632573898,1.1659602451324462,26.711829964530423,-0.0007756643721733049,0.003895027296883719
2025-07-31 13:00:00+01:00,1.145213007926941,1.1453442573547363,1.1410315036773682,1.1436413526535034,0,1.1526023678195747,1.165490403175354,24.902568380731267,-0.0005975524539787473,0.0037733486720493863
2025-07-31 17:00:00+01:00,1.1431183815002441,1.1436413526535034,1.1415525674819946,1.1415525674819946,0,1.1515500058826624,1.1649049925804138,22.8574709138139,-0.0005338385210215801,0.003578552177974156
2025-07-31 21:00:00+01:00,1.141422152519226,1.1428571939468384,1.1411616802215576,1.1424654722213745,0,1.150684812200635,1.1643679594993592,25.72831441993432,-0.00035238945500989157,0.003499993256160191
2025-08-01 01:00:00+01:00,1.1424654722213745,1.1432491540908813,1.1407711505889893,1.1420739889144897,0,1.1498647337924306,1.1638148903846741,25.293605199928308,-0.00018909797935415164,0.0034769603184291293
2025-08-01 05:00:00+01:00,1.1420739889144897,1.1440337896347046,1.1416828632354736,1.1422044038772583,0,1.1491351785624142,1.1632781052589416,25.74371615694355,-1.2010017677586624e-05,0.003568640777042934
2025-08-01 09:00:00+01:00,1.1422044038772583,1.1425960063934326,1.1397310495376587,1.1409013271331787,0,1.1483510022358205,1.162717990875244,24.17631837341611,7.298735200622804e-05,0.0036204372133527484
2025-08-01 13:00:00+01:00,1.1407711505889893,1.1586142778396606,1.1396011114120483,1.1559356451034546,0,1.1490733491755951,1.1624257254600525,56.83241032784907,0.0011382564307478322,0.004797288349696568
2025-08-01 17:00:00+01:00,1.1556684970855713,1.1584800481796265,1.1520737409591675,1.157273530960083,0,1.149854318869356,1.162066671848297,58.543497052304126,0.0018854290435452743,0.004988312721252441
2025-08-01 21:00:00+01:00,1.157273530960083,1.1599582433700562,1.157273530960083,1.1594202518463135,0,1.1507653601052568,1.161742262840271,61.201012609429604,0.0024413776188643163,0.004632217543465751
2025-08-03 21:00:00+01:00,1.1587486267089844,1.1592857837677002,1.1582117080688477,1.159151554107666,0,1.1515640452483433,1.161442847251892,60.67671446505661,0.0026886161619225756,0.0041274768965584895
2025-08-04 01:00:00+01:00,1.159151554107666,1.159151554107666,1.155401587486267,1.1582117080688477,0,1.1521971559931532,1.1611218762397766,58.77989538811465,0.0026804415678215333,0.004190410886492048
2025-08-04 05:00:00+01:00,1.1582117080688477,1.1588828563690186,1.1555349826812744,1.156738042831421,0,1.1526296214063216,1.160765917301178,55.83263321476913,0.0024724311305674446,0.004233692373548236
2025-08-04 09:00:00+01:00,1.1564704179763794,1.1588828563690186,1.155401587486267,1.1570056676864624,0,1.153046387718716,1.1604483699798585,56.261542759776255,0.0022555616041925147,0.004211085183279855
2025-08-04 13:00:00+01:00,1.1570056676864624,1.159151554107666,1.1560693979263306,1.157139539718628,0,1.1534362117187076,1.1600811100006103,56.489162404592314,0.002030831357484183,0.004197495324271066
2025-08-04 17:00:00+01:00,1.157273530960083,1.158077597618103,1.156203031539917,1.1570056676864624,0,1.153776159906113,1.1596696448326111,56.174337613095176,0.0017912394182946813,0.004023339067186628
2025-08-04 21:00:00+01:00,1.1570056676864624,1.1588828563690186,1.1564704179763794,1.1587486267089844,0,1.154249728173053,1.1592902660369873,59.350759832912566,0.0016705846398617423,0.004046457154410226
2025-08-05 01:00:00+01:00,1.1588828563690186,1.159151554107666,1.1558021306991577,1.1559356451034546,0,1.1544102916902341,1.1588518524169922,52.71068742229653,0.0013362452047604055,0.00416459356035505
2025-08-05 05:00:00+01:00,1.1558021306991577,1.1564704179763794,1.1542012691497803,1.155001163482666,0,1.1544665651942754,1.158422465324402,50.682118142745686,0.00100233489966818,0.004149675369262695
2025-08-05 09:00:00+01:00,1.1546010971069336,1.1551345586776733,1.1532695293426514,1.1542012691497803,0,1.1544412989043233,1.1579881453514098,48.94570798343028,0.00069250221721121,0.004114968436104911
2025-08-05 13:00:00+01:00,1.154068112373352,1.1586142778396606,1.15340256690979,1.1583458185195923,0,1.1548131579153014,1.1576173424720764,57.13948794738128,0.0007279673567018903,0.004282593727111816
2025-08-05 17:00:00+01:00,1.1583458185195923,1.1588828563690186,1.1570056676864624,1.1576753854751587,0,1.1550857510162402,1.157246973514557,55.585400139752956,0.000669059226384675,0.0030585953167506625
2025-08-05 21:00:00+01:00,1.1576753854751587,1.1583458185195923,1.1574074029922485,1.1582117080688477,0,1.1553834612117266,1.1568956279754639,56.60226133375375,0.000629575224708179,0.0026680316243852887
2025-08-06 01:00:00+01:00,1.1582117080688477,1.1587486267089844,1.1568717956542969,1.1583458185195923,0,1.1556655904791424,1.1565690636634827,56.86818370790251,0.0005772325385591606,0.002610325813293457
2025-08-06 05:00:00+01:00,1.1584800481796265,1.159151554107666,1.1575413942337036,1.1584800481796265,0,1.1559336340696649,1.1562258505821228,57.15119065030506,0.0005182661461376201,0.0026390126773289274
2025-08-06 09:00:00+01:00,1.1583458185195923,1.1617100238800049,1.1575413942337036,1.1607661247253418,0,1.1563938712749675,1.1559917664527892,61.75389913665602,0.0005943838664313589,0.002668917179107666
2025-08-06 13:00:00+01:00,1.1609008312225342,1.164958119392395,1.160496711730957,1.164958119392395,0,1.1572095139528178,1.155825011730194,68.44703351015156,0.0008714559957527439,0.002748455320085798
2025-08-06 17:00:00+01:00,1.1648223400115967,1.1671334505081177,1.1634671688079834,1.1659088134765625,0,1.1580380186693648,1.1556469464302064,69.74036775525668,0.0010511194212374949,0.0027616705213274273
2025-08-06 21:00:00+01:00,1.1661807298660278,1.1669973134994507,1.1656370162963867,1.1665889024734497,0,1.1588523885554682,1.1554907608032225,70.66664699371672,0.0011406456063658996,0.0026386805943080355
2025-08-07 01:00:00+01:00,1.1664528846740723,1.1668611764907837,1.1653653383255005,1.1668611764907837,0,1.1596151302635935,1.1553096389770507,71.04874156262018,0.0011403568435973913,0.002611628600529262
2025-08-07 05:00:00+01:00,1.1667250394821167,1.1694538593292236,1.1667250394821167,1.1693171262741089,0,1.1605391298836425,1.1551776361465453,74.30058986639311,0.0012205469309171956,0.0026342272758483887
2025-08-07 09:00:00+01:00,1.1693171262741089,1.1701380014419556,1.1640088558197021,1.1648223400115967,0,1.1609470546577334,1.1551150536537171,60.83334454120828,0.00090061429584727,0.0028327788625444683
2025-08-07 13:00:00+01:00,1.1648223400115967,1.1665889024734497,1.1617100238800049,1.1644154787063599,0,1.1612773807576025,1.1550960564613342,59.777150422633184,0.0006054930259220201,0.0030191881316048758
2025-08-07 17:00:00+01:00,1.1644154787063599,1.1659088134765625,1.1623852252960205,1.1657729148864746,0,1.1617055268651142,1.1551854085922242,62.13899801578896,0.00045260708633755847,0.0031376566205705914
2025-08-07 21:00:00+01:00,1.1659088134765625,1.1680878400802612,1.1659088134765625,1.1680878400802612,0,1.1623133662189375,1.155358760356903,65.82449607183551,0.0004569591587206064,0.0029307433537074496
2025-08-08 01:00:00+01:00,1.1680878400802612,1.1680878400802612,1.1659088134765625,1.1664528846740723,0,1.1627076060718073,1.1554886531829833,61.28690449374782,0.0003065231733671075,0.002952303205217634
2025-08-08 05:00:00+01:00,1.1663167476654053,1.1668611764907837,1.1644154787063599,1.1661807298660278,0,1.1630383797664952,1.1556372952461242,60.53879287445858,0.00015322725721090202,0.0030599662235804965
2025-08-08 09:00:00+01:00,1.1661807298660278,1.1665889024734497,1.1633317470550537,1.1645511388778687,0,1.1631824520628165,1.1558149480819702,56.12132013191734,-8.080282464230848e-05,0.0031585608209882465
2025-08-08 13:00:00+01:00,1.1648223400115967,1.1669973134994507,1.1642799377441406,1.1664528846740723,0,1.1634939218353169,1.1560546493530273,59.80724463203382,-0.000127621444153118,0.003237647669655936
2025-08-08 17:00:00+01:00,1.1663167476654053,1.1669973134994507,1.1641442775726318,1.164686679840088,0,1.1636075178357712,1.1562803316116332,55.171879508241126,-0.00028843440168850295,0.003143676689692906
2025-08-08 21:00:00+01:00,1.164686679840088,1.164686679840088,1.1642799377441406,1.1644154787063599,0,1.1636844664901131,1.1564606094360352,54.47372373568583,-0.0004162016770005248,0.002854057720729283
2025-08-10 21:00:00+01:00,1.1650937795639038,1.1653653383255005,1.1648223400115967,1.1650937795639038,0,1.163818686782855,1.156654453277588,55.974294320502416,-0.0004550151805147247,0.0026600275720868793
2025-08-11 01:00:00+01:00,1.1650937795639038,1.1678149700164795,1.1645511388778687,1.1675423383712769,0,1.1641733202674667,1.1568758916854858,60.97478334554173,-0.00032202871684763965,0.002795994281768799
2025-08-11 05:00:00+01:00,1.1676785945892334,1.1679514646530151,1.1650937795639038,1.1650937795639038,0,1.1642609830576034,1.1570643973350525,54.32932220450088,-0.00040012136927256633,0.0028932690620422363
2025-08-11 09:00:00+01:00,1.1652295589447021,1.1663167476654053,1.1627906560897827,1.1631964445114136,0,1.1641595984341568,1.157260274887085,49.800103645813756,-0.000570330806685942,0.0029502170426504953
2025-08-11 13:00:00+01:00,1.1633317470550537,1.1633317470550537,1.1594202518463135,1.1610356569290161,0,1.163862080195572,1.157537314891815,45.180615443405785,-0.0008048676260752293,0.002791813441685268
2025-08-11 17:00:00+01:00,1.1610356569290161,1.1617100238800049,1.1602274179458618,1.1607661247253418,0,1.1635672272936453,1.1579033279418944,44.62455653981216,-0.0009448988385518183,0.002549222537449428
2025-08-11 21:00:00+01:00,1.1607661247253418,1.16225004196167,1.1607661247253418,1.1619800329208374,0,1.1634160659248065,1.1582805609703064,47.74391572087153,-0.0009215317836708762,0.002403531755719866
2025-08-12 01:00:00+01:00,1.1618449687957764,1.1629259586334229,1.1615750789642334,1.1623852252960205,0,1.1633178906268271,1.158673734664917,48.78105925562395,-0.0008464847969927595,0.002334671361105783
2025-08-12 05:00:00+01:00,1.16225004196167,1.1631964445114136,1.161170482635498,1.1623852252960205,0,1.1632290653572266,1.1590145540237426,48.78105925562395,-0.0007669090380237231,0.0023237381662641254
2025-08-12 09:00:00+01:00,1.16225004196167,1.1623852252960205,1.1602274179458618,1.1607661247253418,0,1.1629944995827615,1.1593229913711547,44.67219995706714,-0.0007902455001768703,0.0023031745638166156
2025-08-12 13:00:00+01:00,1.1610356569290161,1.1700011491775513,1.160496711730957,1.1676785945892334,0,1.163440603869092,1.1598037362098694,60.11750451553541,-0.000330595989705487,0.0027494089944022043
2025-08-12 17:00:00+01:00,1.1676785945892334,1.1689070463180542,1.1668611764907837,1.1679514646530151,0,1.1638702096580371,1.1603317141532898,60.58526018830506,-1.5286068253816867e-05,0.002701444285256522
2025-08-12 21:00:00+01:00,1.1678149700164795,1.1682243347167969,1.1672697067260742,1.1680878400802612,0,1.1642718887458678,1.1608441615104674,60.832505148994066,0.0001843495992295541,0.002565843718392508
2025-08-13 01:00:00+01:00,1.1680878400802612,1.1690436601638794,1.1674060821533203,1.168770432472229,0,1.1647003214817118,1.1613780903816222,62.11354533596645,0.00033545577433608995,0.0026537605694362094
2025-08-13 05:00:00+01:00,1.1686338186264038,1.1715089082717896,1.1680878400802612,1.1712344884872437,0,1.165322623101286,1.161958692073822,66.38734004682873,0.0005611476434362742,0.002830275467463902
2025-08-13 09:00:00+01:00,1.1712344884872437,1.1732958555221558,1.1712344884872437,1.172195553779602,0,1.1659771879277923,1.1625845766067504,67.90793770589671,0.0007245609142032868,0.002744385174342564
2025-08-13 13:00:00+01:00,1.172195553779602,1.1726078987121582,1.1697274446487427,1.171783447265625,0,1.1665301650075859,1.1629015326499939,66.5183242696611,0.0007510887348029891,0.002746011529650007
2025-08-13 17:00:00+01:00,1.1716461181640625,1.171783447265625,1.1700011491775513,1.1704120635986328,0,1.1668998696353046,1.163164303302765,61.97353345683075,0.000627498064943296,0.0026214548519679476
2025-08-13 21:00:00+01:00,1.1702749729156494,1.1716461181640625,1.1702749729156494,1.1716461181640625,0,1.1673518933047102,1.1634088206291198,64.33496482934882,0.0005811376468744338,0.0024400012833731516
2025-08-14 01:00:00+01:00,1.1716461181640625,1.171783447265625,1.1702749729156494,1.1706860065460205,0,1.1676694278991206,1.1636395096778869,61.15311286273473,0.00044426285404591446,0.0024418490273611887
2025-08-14 05:00:00+01:00,1.1706860065460205,1.1709601879119873,1.1680878400802612,1.1683608293533325,0,1.1677352756566646,1.1638424921035766,54.16627185615504,0.00016970274664606906,0.002541022641318185
2025-08-14 09:00:00+01:00,1.1683608293533325,1.1700011491775513,1.1671334505081177,1.1690436601638794,0,1.1678598837049707,1.1640886044502259,55.764628564429195,1.4814302624086093e-05,0.002649366855621338
2025-08-14 13:00:00+01:00,1.1690436601638794,1.1694538593292236,1.1642799377441406,1.164686679840088,0,1.167557673813077,1.1642422246932984,44.984807279306544,-0.00037860949050941414,0.0028742211205618723
2025-08-14 17:00:00+01:00,1.164686679840088,1.1653653383255005,1.1634671688079834,1.1652295589447021,0,1.1673359485875177,1.1644040250778198,46.37577167438234,-0.0005873581845605947,0.0028556755610874723
2025-08-14 21:00:00+01:00,1.1652295589447021,1.1656370162963867,1.164958119392395,1.1653653383255005,0,1.1671482714197066,1.1645712184906005,46.73848397154471,-0.0006940545979771972,0.0022252798080444336
2025-08-15 01:00:00+01:00,1.1653653383255005,1.1668611764907837,1.1650937795639038,1.1663167476654053,0,1.1670690786812017,1.164722580909729,49.32498910754392,-0.0006775599273231034,0.0022053888865879606
2025-08-15 05:00:00+01:00,1.1663167476654053,1.1686338186264038,1.1661807298660278,1.1686338186264038,0,1.1672181015331258,1.164976544380188,55.05011467633707,-0.0004960185193186655,0.0023124217987060547
2025-08-15 09:00:00+01:00,1.1686338186264038,1.1694538593292236,1.1680878400802612,1.1690436601638794,0,1.1673919642598642,1.1652573943138123,55.99707980269945,-0.00034113011405406137,0.002293024744306292
2025-08-15 13:00:00+01:00,1.1691803932189941,1.171783447265625,1.1678149700164795,1.1709601879119873,0,1.167731795083876,1.1655925726890564,60.21772491382473,-0.00011413610209518163,0.002332125391278948
2025-08-15 17:00:00+01:00,1.170823097229004,1.1710972785949707,1.1702749729156494,1.1704120635986328,0,1.167987058751948,1.1658338975906373,58.48979518474764,-1.087529139638492e-05,0.0022436210087367465
2025-08-15 21:00:00+01:00,1.170548915863037,1.1710972785949707,1.1704120635986328,1.170823097229004,0,1.1682571576545249,1.1660968518257142,59.42993069419854,7.06548497255168e-05,0.002086818218231201
2025-08-17 21:00:00+01:00,1.171783447265625,1.171783447265625,1.170823097229004,1.1710972785949707,0,1.1685276453631388,1.1663545632362367,60.07942835916643,0.00012539605493269257,0.0020281076431274414
2025-08-18 01:00:00+01:00,1.1709601879119873,1.1713716983795166,1.1697274446487427,1.1706860065460205,0,1.1687332035710323,1.1666013669967652,58.56487354161254,0.00011644701109407487,0.0020476153918675016
2025-08-18 05:00:00+01:00,1.170823097229004,1.1713716983795166,1.1684973239898682,1.1686338186264038,0,1.1687237383382105,1.1668044424057007,51.57780963956604,-3.693754697616869e-05,0.002145179680415562
2025-08-18 09:00:00+01:00,1.1684973239898682,1.1691803932189941,1.1675423383712769,1.1678149700164795,0,1.168637188974236,1.1669454193115234,49.06257218707094,-0.0001940177936157379,0.002057015895843506
2025-08-18 13:00:00+01:00,1.1679514646530151,1.168770432472229,1.1664528846740723,1.1671334505081177,0,1.1684939757869865,1.166988925933838,47.007882940405715,-0.0003359737919279276,0.002017719405038016
2025-08-18 17:00:00+01:00,1.1668611764907837,1.1672697067260742,1.16604483127594,1.1669973134994507,0,1.168351436521507,1.1670106959342956,46.58816835051549,-0.00042543784714135096,0.0017356446811131068
2025-08-18 21:00:00+01:00,1.1671334505081177,1.1678149700164795,1.1653653383255005,1.1669973134994507,0,1.1682224724241683,1.1670188641548156,46.58816835051549,-0.00046765351098871375,0.0017750348363603865
2025-08-19 01:00:00+01:00,1.1671334505081177,1.1672697067260742,1.1644154787063599,1.1657729148864746,0,1.1679891812301024,1.1669970989227294,42.618974071379654,-0.0005551141657380177,0.0019304156303405762
2025-08-19 05:00:00+01:00,1.1657729148864746,1.168770432472229,1.1655012369155884,1.1686338186264038,0,1.1680505752678456,1.1669834327697755,52.748851482189814,-0.00040436900257653373,0.002037686961037772
2025-08-19 09:00:00+01:00,1.1686338186264038,1.1695905923843384,1.1675423383712769,1.1689070463180542,0,1.1681321439392942,1.1670651268959045,53.59148685496989,-0.00027644115947553455,0.002008770193372454
2025-08-19 13:00:00+01:00,1.168770432472229,1.1690436601638794,1.1663167476654053,1.1663167476654053,0,1.1679592490560666,1.1671031522750854,45.33700280083437,-0.00035163445572228464,0.0021059768540518625
2025-08-19 17:00:00+01:00,1.1665889024734497,1.1665889024734497,1.164686679840088,1.164958119392395,0,1.167673427183336,1.167086856365204,41.70829456556489,-0.00047079461788675095,0.001958387238638742
2025-08-19 21:00:00+01:00,1.164958119392395,1.1657729148864746,1.1644154787063599,1.1644154787063599,0,1.167363146376005,1.1670134091377258,40.32020229657265,-0.0005581183295541349,0.001996610845838274
2025-08-20 01:00:00+01:00,1.1644154787063599,1.1645511388778687,1.1626555919647217,1.163602590560913,0,1.1670049982031392,1.1669564032554627,38.26569077364566,-0.0006368844145066257,0.0020830631256103516
2025-08-20 05:00:00+01:00,1.163602590560913,1.1650937795639038,1.1626555919647217,1.164686679840088,0,1.1667842059780866,1.1669265222549439,42.47545717453072,-0.0005836454405319309,0.0021886229515075684
2025-08-20 09:00:00+01:00,1.1648223400115967,1.16604483127594,1.1637378931045532,1.1645511388778687,0,1.1665715329209232,1.1669265222549439,42.089009843914255,-0.0005269628346820264,0.002235957554408482
2025-08-20 13:00:00+01:00,1.164686679840088,1.1675423383712769,1.164686679840088,1.1652295589447021,0,1.1664437258755689,1.1669020557403564,44.79629071207192,-0.0004179470767429326,0.0022443022046770367
2025-08-20 17:00:00+01:00,1.1650937795639038,1.1675423383712769,1.1650937795639038,1.1656370162963867,0,1.1663668963918372,1.1669210624694824,46.41650159361739,-0.0002981843206395601,0.0023021953446524484
2025-08-20 21:00:00+01:00,1.1656370162963867,1.1661807298660278,1.1650937795639038,1.1655012369155884,0,1.1662844526321945,1.166942777633667,45.93270626845018,-0.00021195219264812104,0.0022142955235072543
2025-08-21 01:00:00+01:00,1.1656370162963867,1.1656370162963867,1.1645511388778687,1.1650937795639038,0,1.1661710551971192,1.166942777633667,44.43593111436289,-0.00016811161489432846,0.002204367092677525
2025-08-21 05:00:00+01:00,1.164958119392395,1.1664528846740723,1.1629259586334229,1.1661807298660278,0,1.1661719765941583,1.166915545463562,49.192307513143945,-5.738666946473179e-05,0.0022813166890825543
2025-08-21 09:00:00+01:00,1.1661807298660278,1.1665889024734497,1.1645511388778687,1.1645511388778687,0,1.1660176110973688,1.1669046926498412,43.21905286551151,-8.37768057268917e-05,0.0022229978016444613
2025-08-21 13:00:00+01:00,1.1644154787063599,1.1659088134765625,1.1606314182281494,1.1610356569290161,0,1.1655431392718114,1.1668614768981933,33.709551409078074,-0.0003148868153226871,0.002366440636771066
2025-08-21 17:00:00+01:00,1.1607661247253418,1.16225004196167,1.1606314182281494,1.1610356569290161,0,1.1651138552391642,1.1668614768981933,33.709551409078074,-0.0004371285709304359,0.0023357527596609934
2025-08-21 21:00:00+01:00,1.1609008312225342,1.1618449687957764,1.1606314182281494,1.1617100238800049,0,1.1647896808240061,1.1668803548812867,36.803114331255166,-0.0004406928714401396,0.0022276554788861957
2025-08-22 01:00:00+01:00,1.161440134048462,1.1621150970458984,1.1594202518463135,1.1594202518463135,0,1.1642783066356543,1.1668291592597961,31.438373809554818,-0.0005578455927723251,0.002284271376473563
2025-08-22 05:00:00+01:00,1.1594202518463135,1.1603620052337646,1.1587486267089844,1.1599582433700562,0,1.1638668720389307,1.1667806196212769,33.87721302830579,-0.0005583192894540396,0.002302552972521101
2025-08-22 09:00:00+01:00,1.1599582433700562,1.1610356569290161,1.1595547199249268,1.1609008312225342,0,1.1635843919611788,1.166750931739807,38.03605311975732,-0.00045854308688432835,0.002272937979016985
2025-08-22 13:00:00+01:00,1.161170482635498,1.173433542251587,1.1602274179458618,1.171783447265625,0,1.164365254371126,1.1669712781906127,65.22823158750629,0.00033423186681716703,0.0030420763151986258
2025-08-22 17:00:00+01:00,1.171783447265625,1.1746740341186523,1.171783447265625,1.1724703311920166,0,1.165137166449306,1.1670671129226684,66.2353981346667,0.0008683768524086835,0.0030837655067443848
2025-08-22 21:00:00+01:00,1.1724703311920166,1.1731581687927246,1.172195553779602,1.1726078987121582,0,1.1658486647600539,1.1671602416038513,66.44502583060824,0.0011753815254616226,0.00293886661529541
2025-08-24 21:00:00+01:00,1.1719207763671875,1.1719207763671875,1.1710972785949707,1.1712344884872437,0,1.1663616003531194,1.167223174571991,62.28730235959133,0.0012248193567700356,0.002871870994567871
2025-08-25 01:00:00+01:00,1.1709601879119873,1.1710972785949707,1.1697274446487427,1.1710972785949707,0,1.166812617328534,1.1672697114944457,61.87077025592233,0.0011863274749330272,0.0029018776757376535
2025-08-25 05:00:00+01:00,1.1710972785949707,1.172333002090454,1.1700011491775513,1.1701380014419556,0,1.1671293205774311,1.16724778175354,58.90495465957019,0.0010395744680625118,0.0029908759253365652
2025-08-25 09:00:00+01:00,1.1704120635986328,1.1713716983795166,1.1689070463180542,1.170548915863037,0,1.1674549963189176,1.1672148489952088,59.79403514119103,0.0009177315452499375,0.002914999212537493
2025-08-25 13:00:00+01:00,1.1706860065460205,1.1712344884872437,1.1669973134994507,1.1672697067260742,0,1.1674373496910277,1.1671245741844176,50.419448654837176,0.0005803022273835922,0.0030721000262669156
2025-08-25 17:00:00+01:00,1.1671334505081177,1.1672697067260742,1.1607661247253418,1.16130530834198,0,1.1668533457530232,1.1669424390792846,38.57359034874473,-4.724899470147392e-05,0.003159684794289725
2025-08-25 21:00:00+01:00,1.16130530834198,1.1629259586334229,1.1606314182281494,1.1617100238800049,0,1.1663635055746406,1.1667437171936035,39.610398781579406,-0.00041717607259993426,0.0032079645565577914
2025-08-26 01:00:00+01:00,1.1615750789642334,1.1663167476654053,1.161440134048462,1.1629259586334229,0,1.1660361201516674,1.1665885162353515,42.737614921233195,-0.0005535161954066138,0.0034696119172232492
2025-08-26 05:00:00+01:00,1.163061261177063,1.1648223400115967,1.1607661247253418,1.162520408630371,0,1.1657012904829727,1.1664717078208924,41.95720795348429,-0.0006385191592636304,0.0035668526376996723
2025-08-26 09:00:00+01:00,1.1626555919647217,1.1661807298660278,1.1610356569290161,1.1657729148864746,0,1.1657081118547348,1.1664062929153443,49.864293082555,-0.00045198507173520297,0.0038191165242876324
2025-08-26 13:00:00+01:00,1.1659088134765625,1.1668611764907837,1.1641442775726318,1.1659088134765625,0,1.1657272262949088,1.1664307355880736,50.16974490704565,-0.00030289970092182137,0.003907399518149239
2025-08-26 17:00:00+01:00,1.16604483127594,1.1664528846740723,1.1637378931045532,1.1644154787063599,0,1.1656022979531424,1.1664144539833068,46.79586246621029,-0.00028838525891237575,0.0031580328941345215
2025-08-26 21:00:00+01:00,1.1644154787063599,1.1652295589447021,1.1637378931045532,1.1641442775726318,0,1.1654634388692842,1.1663900327682495,46.188371656966595,-0.00028032713714674874,0.003058109964643206
2025-08-27 01:00:00+01:00,1.1641442775726318,1.1645511388778687,1.1626555919647217,1.1627906560897827,0,1.165208888128379,1.166319510936737,43.175633451398824,-0.0003451767475883712,0.0031247479575020926
2025-08-27 05:00:00+01:00,1.1627906560897827,1.1627906560897827,1.160092830657959,1.1607661247253418,0,1.1647857678042803,1.1661621570587157,39.07082172017048,-0.0004943531620272075,0.0032095483371189664
2025-08-27 09:00:00+01:00,1.1606314182281494,1.1606314182281494,1.1579434871673584,1.1588828563690186,0,1.1642235857628267,1.1659589409828186,35.67324319768706,-0.0006784221033671327,0.0033035193170819965
2025-08-27 13:00:00+01:00,1.159151554107666,1.161440134048462,1.1587486267089844,1.161440134048462,0,1.1639584951233635,1.1657685399055482,42.93048363420465,-0.0005897802712420356,0.00332920891898019
2025-08-27 17:00:00+01:00,1.161440134048462,1.1645511388778687,1.161440134048462,1.1637378931045532,0,1.1639374854072864,1.1656350564956666,48.54740589611796,-0.0003500730046290992,0.0033753769738333566
2025-08-27 21:00:00+01:00,1.163873314857483,1.1650937795639038,1.1634671688079834,1.1650937795639038,0,1.1640476086602976,1.1655204701423645,51.5761137414209,-8.755692286454338e-05,0.003188908100128174
2025-08-28 01:00:00+01:00,1.1650937795639038,1.1657729148864746,1.1645511388778687,1.164686679840088,0,1.1641084725821824,1.1653922581672669,50.61278937135604,6.31836559493123e-05,0.002811636243547712
2025-08-28 05:00:00+01:00,1.164686679840088,1.1652295589447021,1.1637378931045532,1.1648223400115967,0,1.1641764599564124,1.1652749848365784,50.94162083467292,0.00017045710493772306,0.002754288060324533
2025-08-28 09:00:00+01:00,1.1648223400115967,1.1678149700164795,1.1634671688079834,1.1668611764907837,0,1.1644321472454,1.165239531993866,55.7140505788621,0.00036593050715974995,0.002716515745435442
2025-08-28 13:00:00+01:00,1.1672697067260742,1.1690436601638794,1.1663167476654053,1.1675423383712769,0,1.164728355924055,1.165234079360962,57.211679479640026,0.0005189612418432337,0.002621565546308245
2025-08-28 17:00:00+01:00,1.1675423383712769,1.1701380014419556,1.1675423383712769,1.1686338186264038,0,1.1651003047528503,1.1652640867233277,59.57097196512962,0.0006623703532269896,0.002439464841570173
2025-08-28 21:00:00+01:00,1.1686338186264038,1.168770432472229,1.1676785945892334,1.1682243347167969,0,1.1653978314160833,1.1652886271476746,58.27281214864345,0.0006949333724508715,0.0023233890533447266
2025-08-29 01:00:00+01:00,1.1682243347167969,1.1684973239898682,1.16604483127594,1.1665889024734497,0,1.1655112667548801,1.1652804589271546,53.279023790826216,0.0005764921489321514,0.0023046391350882395
2025-08-29 05:00:00+01:00,1.1665889024734497,1.1679514646530151,1.1663167476654053,1.1679514646530151,0,1.1657436665547025,1.1653240299224854,56.614923466894396,0.0005596243341414915,0.002314857074192592
2025-08-29 09:00:00+01:00,1.1679514646530151,1.1691803932189941,1.1664528846740723,1.1665889024734497,0,1.165824165213631,1.1652831315994263,52.57247770598079,0.0004321184355912924,0.0023742829050336567
2025-08-29 13:00:00+01:00,1.1665889024734497,1.1709601879119873,1.1657729148864746,1.169864296913147,0,1.1662089396612039,1.1653022766113281,59.97150313029734,0.0005369494704577467,0.002552100590297154
2025-08-29 17:00:00+01:00,1.169864296913147,1.1709601879119873,1.1697274446487427,1.1702749729156494,0,1.166596180923532,1.165381441116333,60.79731346695254,0.0005978659233888261,0.0024385367121015277
2025-08-29 21:00:00+01:00,1.1702749729156494,1.1704120635986328,1.1686338186264038,1.1691803932189941,0,1.1668422963802427,1.165465886592865,57.398374459640735,0.0005306396664635277,0.0023733036858694895
2025-08-31 21:00:00+01:00,1.1691803932189941,1.1694538593292236,1.1690436601638794,1.1694538593292236,0,1.167091016661098,1.1655666542053222,58.02968353830496,0.0004727162052646156,0.002180388995579311
2025-09-01 01:00:00+01:00,1.1693171262741089,1.171783447265625,1.1691803932189941,1.1712344884872437,0,1.1674856330254926,1.1657192921638488,61.980418099071485,0.0005187662086020449,0.0022501349449157715
2025-09-01 05:00:00+01:00,1.1710972785949707,1.1735711097717285,1.170823097229004,1.1728830337524414,0,1.1679996711899638,1.165883219242096,65.24250932168243,0.000617959089348221,0.002359151840209961
2025-09-01 09:00:00+01:00,1.1728830337524414,1.1739845275878906,1.171783447265625,1.171783447265625,0,1.1683600308162174,1.166027865409851,61.45495499344536,0.0005684732393470531,0.0024098243032182965
2025-09-01 13:00:00+01:00,1.17205810546875,1.17205810546875,1.1704120635986328,1.1704120635986328,0,1.168555462509781,1.1661315155029297,57.009751710426414,0.00040975144475341213,0.002216841493334089
2025-09-01 17:00:00+01:00,1.1701380014419556,1.171783447265625,1.1701380014419556,1.1716461181640625,0,1.1688498106673315,1.1662516975402832,59.82581172270378,0.000356222209876831,0.002139593873705183
2025-09-01 21:00:00+01:00,1.1715089082717896,1.17205810546875,1.1709601879119873,1.171783447265625,0,1.1691292046290738,1.166377341747284,60.138733611886096,0.0003006293650316377,0.00203261205128261
2025-09-02 01:00:00+01:00,1.171783447265625,1.1719207763671875,1.1695905923843384,1.169864296913147,0,1.1691992134180331,1.1664727520942688,53.828671955845344,0.00011473244864623517,0.00212106534412929
2025-09-02 05:00:00+01:00,1.169864296913147,1.1709601879119873,1.1648223400115967,1.164958119392395,0,1.1687952997013056,1.166448299884796,41.764326854893675,-0.00033397810593145585,0.0023843050003051758
2025-09-02 09:00:00+01:00,1.1648223400115967,1.1659088134765625,1.163061261177063,1.164958119392395,0,1.1684298539575997,1.1664564394950867,41.764326854893675,-0.0006100310173426154,0.0024709360940115793
2025-09-02 13:00:00+01:00,1.164958119392395,1.1684973239898682,1.1617100238800049,1.1656370162963867,0,1.1681638694184364,1.1665484666824342,43.78624073045469,-0.0007186783147083359,0.002760921205793108
2025-09-02 17:00:00+01:00,1.1657729148864746,1.1657729148864746,1.1633317470550537,1.1644154787063599,0,1.1678068798268102,1.166616063117981,41.02615804484969,-0.0008363468219110214,0.002564770834786551
2025-09-02 21:00:00+01:00,1.1644154787063599,1.1648223400115967,1.163602590560913,1.1637378931045532,0,1.1674193572818334,1.166656620502472,39.53736553027963,-0.0009168813223840955,0.002563842705317906
2025-09-03 01:00:00+01:00,1.163602590560913,1.163873314857483,1.1626555919647217,1.1627906560897827,0,1.1669785285968761,1.1667240285873413,37.48922851764407,-0.0009850379604733526,0.002523805413927351
2025-09-03 05:00:00+01:00,1.1627906560897827,1.1645511388778687,1.16130530834198,1.163873314857483,0,1.1666827939550293,1.1668023300170898,41.236186881253786,-0.0009100752032322006,0.0027263505118233816
2025-09-03 09:00:00+01:00,1.1641442775726318,1.1667250394821167,1.1641442775726318,1.1656370162963867,0,1.1665831960827775,1.166897053718567,46.82767975164504,-0.0007038008555718753,0.002744112695966448
2025-09-03 13:00:00+01:00,1.1656370162963867,1.1684973239898682,1.1642799377441406,1.1678149700164795,0,1.1667005078859871,1.166817684173584,52.8003049292726,-0.0003979954717913852,0.0028490679604666574
2025-09-03 17:00:00+01:00,1.1678149700164795,1.1680878400802612,1.1659088134765625,1.1661807298660278,0,1.1666510052174197,1.1666918921470641,48.4065512727343,-0.0002882149809961069,0.0028474926948547363
2025-09-03 21:00:00+01:00,1.1661807298660278,1.1668611764907837,1.1659088134765625,1.1664528846740723,0,1.1666321365942436,1.1665687918663026,49.165207706119716,-0.00018473539741522085,0.0027979442051478793
2025-09-04 01:00:00+01:00,1.1663167476654053,1.1672697067260742,1.1655012369155884,1.1656370162963867,0,1.1665373632325429,1.1664568424224853,46.93700482502179,-0.00015964371972453664,0.0028067316327776226
2025-09-04 05:00:00+01:00,1.1656370162963867,1.1663167476654053,1.1648223400115967,1.1655012369155884,0,1.16643868453569,1.1663449215888977,46.558825937412905,-0.00014123385872712342,0.002835052353995187
2025-09-04 09:00:00+01:00,1.1655012369155884,1.1661807298660278,1.1642799377441406,1.164686679840088,0,1.1662718269456327,1.1662358951568603,44.25516654503255,-0.00017097321251383774,0.0028043815067836215
2025-09-04 13:00:00+01:00,1.164958119392395,1.1657729148864746,1.1634671688079834,1.1650937795639038,0,1.1661596319568965,1.1661267924308776,45.701174405518024,-0.00015097960979944535,0.0025306599480765207
2025-09-04 17:00:00+01:00,1.164958119392395,1.1655012369155884,1.1637378931045532,1.1653653383255005,0,1.1660839849443827,1.166088705062866,46.694486801979686,-0.00010916824561958634,0.002453216484614781
2025-09-04 21:00:00+01:00,1.1655012369155884,1.16604483127594,1.1648223400115967,1.16604483127594,0,1.1660802560235786,1.1661834955215453,49.19872618034446,-2.9591528596039697e-05,0.002055730138506208
2025-09-05 01:00:00+01:00,1.16604483127594,1.1678149700164795,1.1656370162963867,1.1675423383712769,0,1.1662195019614547,1.1663001418113708,54.2948235593191,0.00012175543372939623,0.0020369291305541992
2025-09-05 05:00:00+01:00,1.1674060821533203,1.1682243347167969,1.1668611764907837,1.1680878400802612,0,1.1663974389251506,1.1664033794403077,56.02534684992087,0.00024912047257431207,0.002047172614506313
2025-09-05 09:00:00+01:00,1.1679514646530151,1.1700011491775513,1.1679514646530151,1.1690436601638794,0,1.1666494599955057,1.1665338444709779,58.957650825957145,0.00038039518473330136,0.0021065984453473774
2025-09-05 13:00:00+01:00,1.1690436601638794,1.1761938333511353,1.1690436601638794,1.1761938333511353,0,1.167558447934137,1.166742262840271,73.30048617306508,0.0009016809134140806,0.002385480063302176
2025-09-05 17:00:00+01:00,1.1763322353363037,1.1763322353363037,1.1716461181640625,1.17205810546875,0,1.1679869867469572,1.1668652486801148,60.19673057437483,0.0009177963786654681,0.002516508102416992
2025-09-05 21:00:00+01:00,1.17205810546875,1.1726078987121582,1.1719207763671875,1.172333002090454,0,1.1684008929701473,1.1670235991477966,60.69963749915756,0.0008958200184854791,0.0022643463952200754
2025-09-07 21:00:00+01:00,1.1710972785949707,1.1719207763671875,1.1710972785949707,1.1716461181640625,0,1.1687099620362345,1.1671736359596252,58.703762042317805,0.0007877001344887862,0.002196967601776123
2025-09-08 01:00:00+01:00,1.1710972785949707,1.17205810546875,1.1709601879119873,1.1712344884872437,0,1.1689503931268066,1.1673425126075745,57.48392515172898,0.0006470257368413689,0.002207364354814802
2025-09-08 05:00:00+01:00,1.1713716983795166,1.1737089157104492,1.1709601879119873,1.1735711097717285,0,1.169390461378704,1.1675986123085023,62.27596383787099,0.0006672334385026185,0.0022773827825273785
2025-09-08 09:00:00+01:00,1.1737089157104492,1.1745359897613525,1.1724703311920166,1.1732958555221558,0,1.1697624036780805,1.167886872291565,61.39804955400069,0.0006190150473538705,0.00231818641935076
2025-09-08 13:00:00+01:00,1.173433542251587,1.1759172677993774,1.1727453470230103,1.175364375114441,0,1.1702959247672577,1.1681653571128845,65.3510921722067,0.0006785995052040797,0.0024089813232421875
2025-09-08 17:00:00+01:00,1.1755025386810303,1.176885962486267,1.1739845275878906,1.1766090393066406,0,1.1708971737710083,1.1684227800369262,67.50727518537988,0.000748505992083696,0.002451530524662563
2025-09-08 21:00:00+01:00,1.1766090393066406,1.1777175664901733,1.1761938333511353,1.177163004875183,0,1.1714939195904537,1.168664164543152,68.4483694751062,0.0007754327441035821,0.002434415476662772
2025-09-09 01:00:00+01:00,1.177163004875183,1.1781338453292847,1.176747441291809,1.176747441291809,0,1.1719942549905829,1.1689053797721862,66.88340397640238,0.0007103686325776999,0.0024461235318865094
2025-09-09 05:00:00+01:00,1.176747441291809,1.1782727241516113,1.1752262115478516,1.1756407022476196,0,1.172341535681729,1.1691217470169066,62.76746718260913,0.0005453289211764232,0.0025081634521484375
2025-09-09 09:00:00+01:00,1.1755025386810303,1.1774401664733887,1.1745359897613525,1.1745359897613525,0,1.1725505313083597,1.1692752432823181,58.8729397626913,0.0003251645102813495,0.0026182362011500765
2025-09-09 13:00:00+01:00,1.1745359897613525,1.1761938333511353,1.1719207763671875,1.1726078987121582,0,1.1725559948706263,1.1693765544891357,52.724111153848064,2.870317589373072e-05,0.002777048519679478
2025-09-09 17:00:00+01:00,1.1726078987121582,1.1732958555221558,1.170823097229004,1.1710972785949707,0,1.17241706951104,1.1694258236885071,48.454184971675744,-0.0002734619997459202,0.0024429474558149067
2025-09-09 21:00:00+01:00,1.1709601879119873,1.1719207763671875,1.1701380014419556,1.170548915863037,0,1.1722391501159923,1.169472315311432,46.967211477671164,-0.0005013299412380541,0.0022355658667428152
2025-09-10 01:00:00+01:00,1.1704120635986328,1.1713716983795166,1.1694538593292236,1.1712344884872437,0,1.1721434680561114,1.1695652270317078,49.071489540899336,-0.0005907950976404616,0.002323474202837263
2025-09-10 05:00:00+01:00,1.1712344884872437,1.172195553779602,1.1691803932189941,1.1706860065460205,0,1.1720046621980074,1.1696199178695679,47.44937069390076,-0.0006662300961794362,0.0024505768503461567
2025-09-10 09:00:00+01:00,1.1706860065460205,1.1719207763671875,1.1694538593292236,1.170823097229004,0,1.1718921322009594,1.169704601764679,47.91283304069704,-0.000683646719897396,0.0025483625275748117
2025-09-10 13:00:00+01:00,1.1709601879119873,1.173433542251587,1.1695905923843384,1.171783447265625,0,1.1718817812547373,1.1697429847717284,51.162201176531845,-0.0006096888842579374,0.002626521246773856
2025-09-10 17:00:00+01:00,1.171783447265625,1.1719207763671875,1.1697274446487427,1.1704120635986328,0,1.1717418081446322,1.1697457265853881,46.68356020686388,-0.0006297524929793816,0.0026356407574244906
2025-09-10 21:00:00+01:00,1.1704120635986328,1.1709601879119873,1.1694538593292236,1.1706860065460205,0,1.171641255611431,1.1697758388519288,47.669026281381946,-0.0006012589199412204,0.002516669886452811
2025-09-11 01:00:00+01:00,1.1704120635986328,1.170548915863037,1.1697274446487427,1.1700011491775513,0,1.1714850549986806,1.1697867846488952,45.40932875375536,-0.0006036423317920146,0.0023778932435171945
2025-09-11 05:00:00+01:00,1.1700011491775513,1.1702749729156494,1.168770432472229,1.1695905923843384,0,1.171304629987791,1.1697539067268372,44.06090849010677,-0.0006063728523220701,0.0023765223366873606
2025-09-11 09:00:00+01:00,1.1694538593292236,1.169864296913147,1.1682243347167969,1.1686338186264038,0,1.1710502670009924,1.1696689224243164,41.0050173182837,-0.0006426540396886189,0.002394633633749826
2025-09-11 13:00:00+01:00,1.1689070463180542,1.1748120784759521,1.1669973134994507,1.1735711097717285,0,1.1712903472648721,1.1697046756744385,57.41764938484896,-0.0003204520241824597,0.0027352230889456613
2025-09-11 17:00:00+01:00,1.173433542251587,1.1742602586746216,1.1732958555221558,1.1739845275878906,0,1.1715469358670645,1.1697761249542236,58.45976812631651,-7.842269644595611e-05,0.002596667834690639
2025-09-11 21:00:00+01:00,1.1739845275878906,1.1743981838226318,1.1731581687927246,1.1737089157104492,0,1.1717528387092917,1.1698173809051513,57.450344109693134,5.68748423465952e-05,0.002380021980830601
2025-09-12 01:00:00+01:00,1.1735711097717285,1.17384672164917,1.1726078987121582,1.1728830337524414,0,1.171860476332449,1.1698393726348877,54.41809675336864,8.293586273475773e-05,0.002291883741106306
2025-09-12 05:00:00+01:00,1.1727453470230103,1.1750881671905518,1.1724703311920166,1.1743981838226318,0,1.1721021627600854,1.1699300503730774,58.722453171169704,0.0001883735552521247,0.0023515309606279644
2025-09-12 09:00:00+01:00,1.1743981838226318,1.1743981838226318,1.171783447265625,1.1724703311920166,0,1.1721372264202694,1.1700802946090698,51.99459488876754,0.00011788205968893167,0.0024013093539646695
2025-09-12 13:00:00+01:00,1.1724703311920166,1.1730204820632935,1.1706860065460205,1.171783447265625,0,1.1721035331674463,1.1702168011665344,49.80511579182209,1.9743884546261938e-05,0.002352688993726458
2025-09-12 17:00:00+01:00,1.171783447265625,1.1745359897613525,1.1715089082717896,1.1739845275878906,0,1.172282675493203,1.1703837513923645,56.173850278768676,9.368000278644768e-05,0.0023927007402692524
2025-09-12 21:00:00+01:00,1.1739845275878906,1.1739845275878906,1.1731581687927246,1.1731581687927246,0,1.1723660558074431,1.1705586051940917,53.432787610620124,7.817549349360188e-05,0.0021772299494062152
2025-09-14 21:00:00+01:00,1.1731581687927246,1.173433542251587,1.1728830337524414,1.1728830337524414,0,1.1724152918022048,1.1707415080070496,52.51398611965542,4.242373812784626e-05,0.002059885433741978
2025-09-15 01:00:00+01:00,1.1730204820632935,1.1737089157104492,1.1726078987121582,1.173433542251587,0,1.1725122680354794,1.1709543657302857,54.21059474014046,4.844951682269846e-05,0.0020309346062796457
2025-09-15 05:00:00+01:00,1.1735711097717285,1.1746740341186523,1.17205810546875,1.1737089157104492,0,1.1726262344807146,1.171151077747345,55.07525267642631,6.267586147057098e-05,0.002149317945752825
2025-09-15 09:00:00+01:00,1.17384672164917,1.1766090393066406,1.173433542251587,1.1764705181121826,0,1.1729923567313305,1.1713677477836608,62.68523714960393,0.0002398188653758716,0.002268671989440918
2025-09-15 13:00:00+01:00,1.176747441291809,1.1775789260864258,1.1755025386810303,1.1774401664733887,0,1.1734159576591454,1.171560251712799,64.9314637497607,0.0003948838298642681,0.0022998452186584473
2025-09-15 17:00:00+01:00,1.1775789260864258,1.1777175664901733,1.1760554313659668,1.176885962486267,0,1.1737464343093476,1.1717743563652039,62.61157288099118,0.0004298332282993214,0.0018603716577802385
2025-09-15 21:00:00+01:00,1.176747441291809,1.177163004875183,1.1763322353363037,1.1766090393066406,0,1.1740190633567087,1.1719774794578552,61.430515844506616,0.00040438014822244406,0.0018508263996669225
2025-09-16 01:00:00+01:00,1.176747441291809,1.1789672374725342,1.1760554313659668,1.1784114837646484,0,1.1744373891098459,1.1722329688072204,65.93469635080893,0.00047418097801792385,0.0019702400479997906
2025-09-16 05:00:00+01:00,1.1782727241516113,1.1804981231689453,1.1777175664901733,1.1798018217086792,0,1.174948287452592,1.1725189805030822,68.9471260742761,0.0005726456089760212,0.0020803638866969515
2025-09-16 09:00:00+01:00,1.1798018217086792,1.1821727752685547,1.1793843507766724,1.1817537546157837,0,1.1755964271824197,1.1728603219985962,72.60928526183984,0.0007184489799111587,0.002092548779078892
2025-09-16 13:00:00+01:00,1.1818934679031372,1.1856770515441895,1.1798018217086792,1.1851149797439575,0,1.1765029559978042,1.1732607460021973,77.52468279675749,0.0009745803489596497,0.002325441156114851
2025-09-16 17:00:00+01:00,1.1851149797439575,1.1882128715515137,1.1851149797439575,1.1862396001815796,0,1.177430255443878,1.1736782312393188,78.88971362763604,0.0011414801882273346,0.0023799708911350797
2025-09-16 21:00:00+01:00,1.186380386352539,1.1876484155654907,1.1846938133239746,1.1873664855957031,0,1.178376563077385,1.174104664325714,80.18814848100362,0.0012412451492289072,0.0023747938019888742
2025-09-17 01:00:00+01:00,1.1875073909759521,1.1875073909759521,1.1855363845825195,1.1855363845825195,0,1.1790584508397788,1.174464545249939,72.39983208886746,0.0011021644105386735,0.0024565543447222027
2025-09-17 05:00:00+01:00,1.1855363845825195,1.186380386352539,1.1842728853225708,1.184413194656372,0,1.179568426441359,1.174791052341461,68.03253368420302,0.0008632720150981025,0.002567768096923828
2025-09-17 09:00:00+01:00,1.184413194656372,1.1853959560394287,1.1838523149490356,1.1842728853225708,0,1.1800164701443316,1.175095636844635,67.48488772945214,0.0006351003126708562,0.002599384103502546
2025-09-17 13:00:00+01:00,1.1842728853225708,1.1860989332199097,1.1838523149490356,1.1848341226577759,0,1.180475294193231,1.1752684426307678,68.57459244956299,0.00046893281800197304,0.002573004790714809
2025-09-17 17:00:00+01:00,1.1848341226577759,1.1918951272964478,1.1825922727584839,1.182732105255127,0,1.1806902285800782,1.1754819226264954,60.40880194888312,0.00017930764591537985,0.0030106731823512484
2025-09-17 21:00:00+01:00,1.1830118894577026,1.1831519603729248,1.18035888671875,1.1828720569610596,0,1.1808980217592193,1.1756927037239076,60.74397408163404,-2.9847224034507906e-05,0.0030618650572640555
2025-09-18 01:00:00+01:00,1.182732105255127,1.1831519603729248,1.1810559034347534,1.1816140413284302,0,1.1809662140991442,1.1758920621871949,56.14292546331155,-0.000266747605458458,0.0030928594725472586
2025-09-18 05:00:00+01:00,1.1814744472503662,1.1841325759887695,1.178550362586975,1.1835720539093018,0,1.1812143893191591,1.176138813495636,61.08374291197491,-0.00030277224739320074,0.003432248319898333
2025-09-18 09:00:00+01:00,1.18343186378479,1.1851149797439575,1.1824523210525513,1.1830118894577026,0,1.1813855798085442,1.1763276290893554,59.03469905973477,-0.0003710174922631187,0.003414452075958252
2025-09-18 13:00:00+01:00,1.1825922727584839,1.182732105255127,1.1755025386810303,1.1782727241516113,0,1.1810891173650269,1.1764271664619446,45.215473837922474,-0.0007217289060415617,0.003752223082951137
2025-09-18 17:00:00+01:00,1.1784114837646484,1.1796625852584839,1.1775789260864258,1.1786893606185913,0,1.1808605691034615,1.1764936661720276,46.40330431067906,-0.0009004235799475592,0.003701882702963693
2025-09-18 21:00:00+01:00,1.178550362586975,1.1793843507766724,1.1784114837646484,1.1792453527450562,0,1.1807067389740895,1.176546392440796,48.02289287735682,-0.0009509884236305831,0.0033517139298575266
2025-09-19 01:00:00+01:00,1.1792453527450562,1.1795234680175781,1.1775789260864258,1.178550362586975,0,1.1805013697943645,1.1765741395950318,46.14576760179172,-0.0009962605512511668,0.0032693317958286832
2025-09-19 05:00:00+01:00,1.1786893606185913,1.1792453527450562,1.1761938333511353,1.1773016452789307,0,1.180196634126228,1.1765852236747742,42.901007515333205,-0.0010689089610264589,0.003276254449571882
2025-09-19 09:00:00+01:00,1.177163004875183,1.177163004875183,1.17384672164917,1.1739845275878906,0,1.1796050049321007,1.1765521001815795,35.71644436198872,-0.0012844721649452042,0.0033822485378810336
2025-09-19 13:00:00+01:00,1.1739845275878906,1.177024483680725,1.1731581687927246,1.1756407022476196,0,1.1792274522954833,1.1765741944313048,41.02673157854981,-0.0012579999425685875,0.00350787809916905
2025-09-19 17:00:00+01:00,1.1757789850234985,1.1757789850234985,1.1743981838226318,1.1750881671905518,0,1.1788332346664423,1.1766237998008728,39.844176540129894,-0.0012192997794770117,0.0034962466784885953
2025-09-19 21:00:00+01:00,1.1750881671905518,1.1750881671905518,1.1743981838226318,1.1745359897613525,0,1.17842397324691,1.1766925740242005,38.6453531207861,-0.0011721622527260673,0.003385058471134731
2025-09-21 21:00:00+01:00,1.1743981838226318,1.1745359897613525,1.1739845275878906,1.1739845275878906,0,1.178001168898432,1.1767612862586976,37.43397947328466,-0.0011194901361077708,0.0027599590165274484
2025-09-22 01:00:00+01:00,1.17384672164917,1.1743981838226318,1.1730204820632935,1.1735711097717285,0,1.1775792585054126,1.1768080186843872,36.510023872601145,-0.0010547489923171053,0.0026588610240391324
2025-09-22 05:00:00+01:00,1.173433542251587,1.1757789850234985,1.1730204820632935,1.1752262115478516,0,1.1773551587951687,1.176898822784424,42.616521275431225,-0.0008514249796000189,0.0027061785970415387
2025-09-22 09:00:00+01:00,1.175364375114441,1.1786893606185913,1.175364375114441,1.1781338453292847,0,1.1774293194174654,1.1770450377464294,51.4507600414722,-0.0004900242539698811,0.002554816859109061
2025-09-22 13:00:00+01:00,1.1782727241516113,1.1791062355041504,1.176747441291809,1.1775789260864258,0,1.1774435676716521,1.1771609473228455,49.872712749292276,-0.0002683445108234504,0.0025331122534615652
2025-09-22 17:00:00+01:00,1.1777175664901733,1.1804981231689453,1.1775789260864258,1.18035888671875,0,1.1777212171047091,1.1773598837852477,56.989672550833866,6.757586307088402e-05,0.002205244132450649
2025-09-22 21:00:00+01:00,1.18035888671875,1.1811953783035278,1.1795234680175781,1.18035888671875,0,1.1779724237346176,1.1775533413887025,56.989672550833866,0.0002799259379064041,0.0021758334977286203
2025-09-23 01:00:00+01:00,1.18035888671875,1.1821727752685547,1.1800801753997803,1.1809163093566895,0,1.1782527937938625,1.1777716445922852,58.36435053394472,0.00043862820410815897,0.002255814416067941
2025-09-23 05:00:00+01:00,1.1809163093566895,1.1810559034347534,1.178550362586975,1.1795234680175781,0,1.1783738103865975,1.17797030210495,53.74218713618942,0.0004299246149061088,0.0022958857672555105
2025-09-23 09:00:00+01:00,1.1791062355041504,1.1814744472503662,1.1789672374725342,1.1795234680175781,0,1.178483301589548,1.1781880950927734,53.74218713618942,0.0004046585304240501,0.002257006508963449
2025-09-23 13:00:00+01:00,1.1796625852584839,1.1807769536972046,1.1789672374725342,1.1800801753997803,0,1.17863538480957,1.1783182764053344,55.38020963085352,0.00040494135058538285,0.002139491694314139
2025-09-23 17:00:00+01:00,1.1802195310592651,1.1820330619812012,1.1796625852584839,1.1820330619812012,0,1.1789589731116301,1.1784792470932006,60.64487516386349,0.000509400854828221,0.0020326461110796246
2025-09-23 21:00:00+01:00,1.1820330619812012,1.1823126077651978,1.1814744472503662,1.1818934679031372,0,1.1792384488060592,1.1786429381370545,60.09901018007251,0.0005389820917305933,0.0019938860620771137
2025-09-24 01:00:00+01:00,1.1817537546157837,1.1817537546157837,1.179940938949585,1.1800801753997803,0,1.1793186132435565,1.1787868809700013,53.3779391315168,0.0004120404113285884,0.0020840678896222797
2025-09-24 05:00:00+01:00,1.179940938949585,1.1807769536972046,1.178828239440918,1.1792453527450562,0,1.179311636053223,1.1788838243484496,50.573749595698686,0.00025515222777201823,0.0021838716098240445
2025-09-24 09:00:00+01:00,1.1786893606185913,1.178828239440918,1.1750881671905518,1.175364375114441,0,1.1789357064400057,1.1789417052268982,40.04214600436285,-0.0001072615437010759,0.002382406166621617
2025-09-24 13:00:00+01:00,1.175364375114441,1.1760554313659668,1.1731581687927246,1.1743981838226318,0,1.1785035614288273,1.1789939999580383,37.92476546843446,-0.0003932371178017657,0.002392317567552839
2025-09-24 17:00:00+01:00,1.1743981838226318,1.1746740341186523,1.173433542251587,1.1741223335266113,0,1.1780863016286163,1.1789967560768126,37.31803561381221,-0.0005713591819731575,0.0022335563387189594
2025-09-24 21:00:00+01:00,1.1742602586746216,1.1749500036239624,1.1737089157104492,1.1745359897613525,0,1.1777481766888769,1.1790243124961852,38.896693335581936,-0.0006272383635238341,0.0021537201745169504
2025-09-25 01:00:00+01:00,1.1745359897613525,1.1757789850234985,1.1743981838226318,1.1756407022476196,0,1.1775474648373288,1.1790794658660888,43.02368958263197,-0.0005580375968062901,0.002043834754398891
2025-09-25 05:00:00+01:00,1.1756407022476196,1.1756407022476196,1.1735711097717285,1.1737089157104492,0,1.177181888730007,1.1790849733352662,38.16886876840453,-0.0006065771535538173,0.0020722406251089914
2025-09-25 09:00:00+01:00,1.1737089157104492,1.1756407022476196,1.173433542251587,1.1743981838226318,0,1.1769167739769235,1.1790987586975097,40.73839297515951,-0.0005577174437763383,0.002080423491341727
2025-09-25 13:00:00+01:00,1.1743981838226318,1.1746740341186523,1.1671334505081177,1.1676785945892334,0,1.1760369473685721,1.1789229202270508,28.363438254619396,-0.0009219158838862183,0.0024400694029671805
2025-09-25 17:00:00+01:00,1.1676785945892334,1.1686338186264038,1.1650937795639038,1.1664528846740723,0,1.1751241794929055,1.1787031745910646,26.76624720762156,-0.0011732115098695164,0.002513842923300607
2025-09-25 21:00:00+01:00,1.1664528846740723,1.1672697067260742,1.1663167476654053,1.1665889024734497,0,1.174311295967243,1.1784972333908081,27.25578831034977,-0.0012509922394439831,0.002452645983014788
2025-09-26 01:00:00+01:00,1.1664528846740723,1.1682243347167969,1.1661807298660278,1.1680878400802612,0,1.1737185858827686,1.1783268094062804,32.60258427261316,-0.0011261101766758415,0.002429297992161342
2025-09-26 05:00:00+01:00,1.1680878400802612,1.1686338186264038,1.1672697067260742,1.1676785945892334,0,1.1731433486167175,1.1781121516227722,31.912905986086244,-0.0009999586805455327,0.0024668659482683453
2025-09-26 09:00:00+01:00,1.1675423383712769,1.1690436601638794,1.1665889024734497,1.1671334505081177,0,1.1725709773682793,1.1778587841987609,30.97298852034578,-0.0008860182204910587,0.002502739429473877
2025-09-26 13:00:00+01:00,1.1672697067260742,1.1706860065460205,1.1672697067260742,1.1694538593292236,0,1.1722741089836073,1.1776127862930297,39.18370766473215,-0.0006008120419625845,0.0026172995567321777
2025-09-26 17:00:00+01:00,1.1694538593292236,1.1709601879119873,1.1691803932189941,1.1709601879119873,0,1.172148973643453,1.1773296904563904,43.852776766360336,-0.00027379413501751795,0.00244748592376709
2025-09-26 21:00:00+01:00,1.1709601879119873,1.1709601879119873,1.1702749729156494,1.170823097229004,0,1.1720226996992198,1.177021360397339,43.525266658068915,-4.1967411778841886e-05,0.002289482525416783
2025-09-28 21:00:00+01:00,1.170823097229004,1.1713716983795166,1.1706860065460205,1.170823097229004,0,1.1719084518449134,1.1766904926300048,43.52526665806891,0.00012688704110443583,0.002249853951590402
2025-09-29 01:00:00+01:00,1.1710972785949707,1.1732958555221558,1.1710972785949707,1.1728830337524414,0,1.17200126916944,1.1764374256134034,50.02897600137528,0.0003785912007707431,0.0023378304072788785
2025-09-29 05:00:00+01:00,1.1727453470230103,1.1735711097717285,1.172195553779602,1.1730204820632935,0,1.1720983370640927,1.1762095713615417,50.43910111350028,0.0005454776112401071,0.0023374557495117188
2025-09-29 09:00:00+01:00,1.1728830337524414,1.1732958555221558,1.1712344884872437,1.1732958555221558,0,1.1722123864410512,1.1759900307655335,51.301447058602676,0.0006580122452154481,0.0023368682180132183
2025-09-29 13:00:00+01:00,1.1735711097717285,1.1756407022476196,1.172195553779602,1.1732958555221558,0,1.172315573972585,1.175759265422821,51.301447058602676,0.0007115075533543653,0.002425295966012137
2025-09-29 17:00:00+01:00,1.1732958555221558,1.1735711097717285,1.1724703311920166,1.1730204820632935,0,1.172382708076462,1.1755650329589844,50.28668384584887,0.0007059984829318488,0.0019653098923819406
2025-09-29 21:00:00+01:00,1.1730204820632935,1.1735711097717285,1.1727453470230103,1.173433542251587,0,1.172482787521712,1.175376262664795,51.8259859970747,0.0007061205194105486,0.0017714330128261022
2025-09-30 01:00:00+01:00,1.1730204820632935,1.1735711097717285,1.1716461181640625,1.1727453470230103,0,1.1725077931885024,1.1751988887786866,49.09826295838244,0.0006378766877796608,0.0018408639090401785
2025-09-30 05:00:00+01:00,1.1727453470230103,1.1750881671905518,1.172195553779602,1.1745359897613525,0,1.172700954766869,1.1750181674957276,55.640434848214625,0.000687099706936999,0.0019015073776245117
2025-09-30 09:00:00+01:00,1.1746740341186523,1.1761938333511353,1.1739845275878906,1.1745359897613525,0,1.1728757200044388,1.1748486495018005,55.640434848214625,0.0006915276449449063,0.001961878367832729
2025-09-30 13:00:00+01:00,1.1746740341186523,1.175364375114441,1.17205810546875,1.17384672164917,0,1.1729681963515561,1.1747601294517518,52.621188114244454,0.0006220831620382721,0.0020227006503513883
2025-09-30 17:00:00+01:00,1.17384672164917,1.1764705181121826,1.17384672164917,1.1742602586746216,0,1.173091249906134,1.1746715474128724,54.2260489769696,0.000578937865563493,0.0019563606807163785
2025-09-30 21:00:00+01:00,1.1742602586746216,1.1745359897613525,1.173433542251587,1.17384672164917,0,1.1731631995959468,1.1745635747909546,52.31757810837796,0.0005004366871441977,0.0019079787390572684
2025-10-01 01:00:00+01:00,1.1737089157104492,1.1743981838226318,1.1732958555221558,1.1741223335266113,0,1.1732545456845815,1.1744750142097473,53.49239389043106,0.0004467295649363007,0.0019377725464957102
2025-10-01 05:00:00+01:00,1.1741223335266113,1.1781338453292847,1.1741223335266113,1.175364375114441,0,1.1734554818207585,1.1744362688064576,58.45952696503717,0.0004720353922322409,0.0021753311157226562
2025-10-01 09:00:00+01:00,1.1755025386810303,1.176885962486267,1.17205810546875,1.1737089157104492,0,1.1734796183816816,1.1744307565689087,50.688811623464474,0.00035955082391009194,0.002343552453177316
2025-10-01 13:00:00+01:00,1.1737089157104492,1.176885962486267,1.1726078987121582,1.1726078987121582,0,1.1733965974607745,1.1743701004981995,46.28243073273651,0.00020116226199751083,0.0025508744376046316
2025-10-01 17:00:00+01:00,1.172195553779602,1.1745359897613525,1.1719207763671875,1.173433542251587,0,1.1734001160122804,1.1743370079994202,49.80616803904498,0.00014480144135156007,0.002590434891836984
2025-10-01 21:00:00+01:00,1.173433542251587,1.1741223335266113,1.172195553779602,1.1735711097717285,0,1.173416401132228,1.1743177103996276,50.390101703529105,0.00011110272382072792,0.0024819799831935336
2025-10-02 01:00:00+01:00,1.1735711097717285,1.1745359897613525,1.1727453470230103,1.17384672164917,0,1.1734573840386033,1.1743149542808533,51.604837467902634,0.00010193115874679346,0.0025312559945242746
2025-10-02 05:00:00+01:00,1.17384672164917,1.1760554313659668,1.1732958555221558,1.175364375114441,0,1.1736390022363021,1.1743508195877075,57.74094096052849,0.00018764539702962357,0.0026693855013166156
2025-10-02 09:00:00+01:00,1.175364375114441,1.1761938333511353,1.1749500036239624,1.1755025386810303,0,1.1738164818977048,1.174356346130371,58.25980172603,0.00023987543219579547,0.0026207310812813894
2025-10-02 13:00:00+01:00,1.175364375114441,1.1761938333511353,1.168770432472229,1.1700011491775513,0,1.173453116876738,1.1741936922073364,38.16572463332103,-9.206959374358073e-05,0.0029443587575639996
2025-10-02 17:00:00+01:00,1.1700011491775513,1.1728830337524414,1.1700011491775513,1.172195553779602,0,1.173333348962725,1.1740860247612,46.144850116683706,-0.0001560695522387233,0.0029924001012529644
2025-10-02 21:00:00+01:00,1.17205810546875,1.1728830337524414,1.1716461181640625,1.1727453470230103,0,1.1732773487779902,1.1739337539672852,47.956845183572284,-0.00015337129055662658,0.0028445890971592496
2025-10-03 01:00:00+01:00,1.1727453470230103,1.1732958555221558,1.17205810546875,1.1730204820632935,0,1.1732528852813524,1.173786985874176,48.883718154019384,-0.00012618780463944922,0.002745585782187326
2025-10-03 05:00:00+01:00,1.1730204820632935,1.1737089157104492,1.1719207763671875,1.173433542251587,0,1.173270090707089,1.173637330532074,50.314387807417894,-7.599278951973866e-05,0.0027945637702941895
2025-10-03 09:00:00+01:00,1.1737089157104492,1.1748120784759521,1.1735711097717285,1.1737089157104492,0,1.173311883564552,1.1735210394859314,51.29311993601158,-2.261954181149753e-05,0.0028142929077148438
2025-10-03 13:00:00+01:00,1.1739845275878906,1.1761938333511353,1.1732958555221558,1.1749500036239624,0,1.1734678949987816,1.173429570198059,55.54355227617572,9.162904159286861e-05,0.0027347547667367117
2025-10-03 17:00:00+01:00,1.1749500036239624,1.1750881671905518,1.1731581687927246,1.1743981838226318,0,1.1735564939343863,1.1733159303665162,53.315744618358075,0.00012341598360911355,0.0025277648653302875
2025-10-03 21:00:00+01:00,1.1745359897613525,1.1748120784759521,1.1742602586746216,1.1743981838226318,0,1.173636654876124,1.1731632328033448,53.315744618358075,0.0001367858029026733,0.0022616045815604074
2025-10-05 21:00:00+01:00,1.1719207763671875,1.1719207763671875,1.1710972785949707,1.1715089082717896,0,1.1734340123423779,1.1729555416107178,42.873496793396185,-4.678731984134757e-05,0.002310582569667271
2025-10-06 01:00:00+01:00,1.1715089082717896,1.173433542251587,1.1713716983795166,1.1727453470230103,0,1.1733684251691048,1.1728088450431824,47.602977460889036,-8.07771706983042e-05,0.002320230007171631
2025-10-06 05:00:00+01:00,1.1728830337524414,1.1730204820632935,1.1667250394821167,1.1667250394821167,0,1.172735721770344,1.1725584387779235,33.19323666548145,-0.0004821538082671363,0.0026420014245169504
2025-10-06 09:00:00+01:00,1.1665889024734497,1.1682243347167969,1.1656370162963867,1.1678149700164795,0,1.1722670787461664,1.1724074506759643,36.91632922350207,-0.0006379028304884821,0.002629697322845459
2025-10-06 13:00:00+01:00,1.1678149700164795,1.172195553779602,1.1678149700164795,1.1709601879119873,0,1.172142612952435,1.1723386907577515,46.22888790155362,-0.0004989150534522779,0.0028537511825561523
2025-10-06 17:00:00+01:00,1.1712344884872437,1.17205810546875,1.1706860065460205,1.1715089082717896,0,1.1720822601257068,1.172286422252655,47.68001254282958,-0.00034704320809101746,0.002421515328543527
2025-10-06 21:00:00+01:00,1.1713716983795166,1.17205810546875,1.1712344884872437,1.1713716983795166,0,1.1720145875784507,1.1722231364250184,47.33600628398482,-0.0002380407359579748,0.002274496214730399
2025-10-07 01:00:00+01:00,1.1712344884872437,1.1713716983795166,1.1700011491775513,1.1706860065460205,0,1.1718880560515526,1.1721240425109862,45.566689105895065,-0.00019608233930081096,0.0022840414728437152
2025-10-07 05:00:00+01:00,1.1706860065460205,1.1710972785949707,1.1674060821533203,1.1679514646530151,0,1.1715131425850251,1.1720088934898376,39.263712083021026,-0.00032865131177414264,0.002459287643432617
2025-10-07 09:00:00+01:00,1.1679514646530151,1.1684973239898682,1.1659088134765625,1.1665889024734497,0,1.1710441673363037,1.171852707862854,36.55070783116838,-0.0004753555705288643,0.0025164570127214703
2025-10-07 13:00:00+01:00,1.1665889024734497,1.1682243347167969,1.1657729148864746,1.1676785945892334,0,1.1707236365984874,1.171852707862854,40.114504574761106,-0.0004656485015015978,0.0025930915560041156
2025-10-07 17:00:00+01:00,1.1676785945892334,1.1683608293533325,1.1652295589447021,1.1653653383255005,0,1.1702133224772506,1.1718309569358825,35.54965792312686,-0.000574521611557306,0.002609755311693464
2025-10-07 21:00:00+01:00,1.1653653383255005,1.1664528846740723,1.1652295589447021,1.1656370162963867,0,1.1697774837933588,1.1718119192123413,36.46410644739956,-0.0005857372573062456,0.0025592786925179617
2025-10-08 01:00:00+01:00,1.1655012369155884,1.1655012369155884,1.1621150970458984,1.1627906560897827,0,1.1691120716311134,1.1717059755325316,31.43223620195465,-0.0007328060521744149,0.0027714286531720844
2025-10-08 05:00:00+01:00,1.1627906560897827,1.1637378931045532,1.161170482635498,1.1634671688079834,0,1.1685744618384344,1.1716217470169068,33.77150190859676,-0.0007308236465388765,0.002719036170414516
2025-10-08 09:00:00+01:00,1.1633317470550537,1.163873314857483,1.1610356569290161,1.1629259586334229,0,1.1680365091522429,1.1715375971794129,32.807220753601214,-0.0007115692922807838,0.002774451460157122
2025-10-08 13:00:00+01:00,1.1629259586334229,1.164686679840088,1.1606314182281494,1.1609008312225342,0,1.167356920777985,1.171366536617279,29.42193300733092,-0.0007755768812746356,0.002614438533782959
2025-10-08 17:00:00+01:00,1.1609008312225342,1.163061261177063,1.1602274179458618,1.163061261177063,0,1.166947810339802,1.1712085580825806,36.902135135601256,-0.0006195358702329335,0.00263204744883946
2025-10-08 21:00:00+01:00,1.1631964445114136,1.163873314857483,1.1629259586334229,1.1633317470550537,0,1.1666034233603024,1.1710587310791016,37.79110118759869,-0.0004529523555260608,0.0023868169103349957
2025-10-09 01:00:00+01:00,1.1633317470550537,1.1650937795639038,1.1633317470550537,1.1648223400115967,0,1.1664337963747113,1.1709387159347535,42.59117915806162,-0.00020959683346979474,0.0024146693093436106
2025-10-09 05:00:00+01:00,1.1648223400115967,1.1650937795639038,1.1610356569290161,1.161440134048462,0,1.165958209486497,1.1707098579406738,35.83463744173707,-0.0002413721328463586,0.002645705427442278
2025-10-09 09:00:00+01:00,1.161440134048462,1.163061261177063,1.1607661247253418,1.1615750789642334,0,1.1655407684843768,1.1704809498786926,36.269044017555935,-0.00021892189892644626,0.002711747373853411
2025-10-09 13:00:00+01:00,1.1617100238800049,1.16225004196167,1.1551345586776733,1.1560693979263306,0,1.1646387331931345,1.1701364207267761,27.953788226297334,-0.0005231336331605234,0.002956339291163853
2025-10-09 17:00:00+01:00,1.156336784362793,1.1568717956542969,1.1548677682876587,1.156336784362793,0,1.1638480713997685,1.169797239303589,28.80745238569739,-0.0006465274721001368,0.0029145904949733187
2025-10-09 21:00:00+01:00,1.156336784362793,1.1574074029922485,1.1559356451034546,1.1568717956542969,0,1.1631836641859141,1.169474265575409,30.57988401250931,-0.0006315668884420526,0.00284461464200701
2025-10-10 01:00:00+01:00,1.1570056676864624,1.1576753854751587,1.1564704179763794,1.1576753854751587,0,1.1626590662134613,1.1691591024398804,33.26726977619319,-0.0005120931685997782,0.002707021577017648
2025-10-10 05:00:00+01:00,1.1576753854751587,1.1582117080688477,1.1564704179763794,1.1582117080688477,0,1.1622355082949265,1.1688684296607972,35.07378292141658,-0.00034926485570457855,0.002744019031524658
2025-10-10 09:00:00+01:00,1.158077597618103,1.159151554107666,1.1566041707992554,1.1566041707992554,0,1.161699190438196,1.1685097932815551,32.25525492935061,-0.00030381853579686214,0.0026744093213762555
2025-10-10 13:00:00+01:00,1.156738042831421,1.1633317470550537,1.156336784362793,1.161440134048462,0,1.1616745184010784,1.1682478761672974,46.24897335391972,7.757426760441949e-05,0.0029906630516052246
2025-10-10 17:00:00+01:00,1.1619800329208374,1.1627906560897827,1.160092830657959,1.1615750789642334,0,1.1616650479785218,1.1680024433135987,46.58057368540698,0.000349353762467218,0.00298067501613072
2025-10-10 21:00:00+01:00,1.1615750789642334,1.1631964445114136,1.1609008312225342,1.163061261177063,0,1.1617980206640972,1.1677784633636474,50.22273704634609,0.000623619188555552,0.002854985850197928
2025-10-12 21:00:00+01:00,1.1606314182281494,1.16130530834198,1.160496711730957,1.160496711730957,0,1.1616740864799886,1.1675114631652832,44.5749909245784,0.0006251357158365556,0.0028357505798339844
2025-10-13 01:00:00+01:00,1.160496711730957,1.163061261177063,1.1603620052337646,1.1623852252960205,0,1.1617418139862772,1.1672767210006714,49.113095859689125,0.0007383782859604615,0.0029608862740652902
2025-10-13 05:00:00+01:00,1.1623852252960205,1.1633317470550537,1.1603620052337646,1.1603620052337646,0,1.161610403628895,1.1669766736030578,44.8740177953519,0.0006643915975502071,0.0030471512249537875
2025-10-13 09:00:00+01:00,1.1603620052337646,1.1606314182281494,1.1568717956542969,1.1570056676864624,0,1.1611718573486633,1.166642608642578,38.8789293787278,0.00039034101525409464,0.003025829792022705
2025-10-13 13:00:00+01:00,1.157273530960083,1.1579434871673584,1.156203031539917,1.1578094959259033,0,1.1608516324512577,1.166346640586853,40.914852035861294,0.00026986283999597344,0.0029862097331455778
2025-10-13 17:00:00+01:00,1.1578094959259033,1.158077597618103,1.1570056676864624,1.1570056676864624,0,1.160485350092706,1.1660180830955504,39.49798232231698,0.0001487445866013475,0.002554527350834438
2025-10-13 21:00:00+01:00,1.1570056676864624,1.1582117080688477,1.156738042831421,1.1568717956542969,0,1.1601412020509527,1.1656840968132018,39.25417537846645,7.59903846202204e-05,0.0025166443416050504
2025-10-14 01:00:00+01:00,1.1570056676864624,1.1584800481796265,1.1559356451034546,1.1582117080688477,0,1.1599574407193236,1.1653713965415955,43.04369536564133,0.00013124401148860562,0.002593261854989188
2025-10-14 05:00:00+01:00,1.1582117080688477,1.1595547199249268,1.1547343730926514,1.1552680730819702,0,1.159510834277671,1.1649694705009461,37.50786978465902,-9.831140528203733e-06,0.002851503235953195
2025-10-14 09:00:00+01:00,1.155001163482666,1.1566041707992554,1.155001163482666,1.1555349826812744,0,1.159132181744681,1.164570119380951,38.282943439011994,-6.165411281483643e-05,0.002841625894818987
2025-10-14 13:00:00+01:00,1.1559356451034546,1.161170482635498,1.1552680730819702,1.161170482635498,0,1.1593263056390444,1.1643935060501098,51.8592939533539,0.00028793251453120743,0.003081270626613072
2025-10-14 17:00:00+01:00,1.161170482635498,1.1618449687957764,1.160496711730957,1.1609008312225342,0,1.1594762604565196,1.1641676115989685,51.27804229351587,0.0004932797724742592,0.0026779345103672574
2025-10-14 21:00:00+01:00,1.1609008312225342,1.1615750789642334,1.1603620052337646,1.1606314182281494,0,1.1595862754823891,1.1639253330230712,50.667011055425775,0.0005963468764094552,0.00257188081741333
2025-10-15 01:00:00+01:00,1.1606314182281494,1.1629259586334229,1.1606314182281494,1.162520408630371,0,1.1598657167345778,1.1637153315544129,54.7393907966396,0.0007662888805976533,0.0025718041828700472
2025-10-15 05:00:00+01:00,1.1626555919647217,1.164686679840088,1.1621150970458984,1.163873314857483,0,1.160247392746283,1.1635241270065309,57.448628024749816,0.0009332799689786501,0.0025723065648760113
2025-10-15 09:00:00+01:00,1.1640088558197021,1.1648223400115967,1.1623852252960205,1.1623852252960205,0,1.1604509958462579,1.1632976531982422,53.64496803581685,0.000906234683732449,0.002553582191467285
2025-10-15 13:00:00+01:00,1.16225004196167,1.1648223400115967,1.161440134048462,1.1640088558197021,0,1.1607898396532526,1.163078830242157,56.99095787279653,0.0009555061312807348,0.0025830439158848356
2025-10-15 17:00:00+01:00,1.163873314857483,1.1648223400115967,1.163061261177063,1.1648223400115967,0,1.1611738873064281,1.1628873133659363,58.60323870802916,0.0009961490997488806,0.002440290791647775
2025-10-15 21:00:00+01:00,1.1648223400115967,1.1659088134765625,1.164686679840088,1.164958119392395,0,1.1615342903622345,1.1626985120773314,58.88031545801906,0.0009837333700235566,0.0024032677922930035
2025-10-16 01:00:00+01:00,1.1648223400115967,1.1678149700164795,1.164686679840088,1.1665889024734497,0,1.162015681991874,1.1626001119613647,62.1565257950523,0.0010318778454667685,0.0025501506669180734
2025-10-16 05:00:00+01:00,1.1664528846740723,1.1669973134994507,1.1648223400115967,1.1655012369155884,0,1.1623476396036563,1.1624552297592163,58.79199826539617,0.0009396195716247408,0.0026002441133771625
2025-10-16 09:00:00+01:00,1.1653653383255005,1.1665889024734497,1.1650937795639038,1.1656370162963867,0,1.1626609135743924,1.1624334692955016,59.089708019709875,0.0008401317204738503,0.0025252955300467356
2025-10-16 13:00:00+01:00,1.1656370162963867,1.1682243347167969,1.1653653383255005,1.1668611764907837,0,1.1630609386140487,1.1624143934249878,61.77128530941608,0.0008088709186149085,0.0023851990699768066
2025-10-16 17:00:00+01:00,1.1671334505081177,1.1697274446487427,1.1669973134994507,1.1693171262741089,0,1.163656766010245,1.1623815321922302,66.51361667459909,0.0008987786058030403,0.0024754319872174945
2025-10-16 21:00:00+01:00,1.1691803932189941,1.1702749729156494,1.1680878400802612,1.1702749729156494,0,1.1642870714298073,1.1623568534851074,68.17195575231989,0.000962265304060698,0.002210055078778948
2025-10-17 01:00:00+01:00,1.1702749729156494,1.1715089082717896,1.169864296913147,1.1712344884872437,0,1.1649487301971821,1.162354109287262,69.78613621654094,0.001003777070629986,0.002231223242623465
2025-10-17 05:00:00+01:00,1.1713716983795166,1.1730204820632935,1.1700011491775513,1.1715089082717896,0,1.1655735090614305,1.1623705673217772,70.25082810345287,0.0009833302367358691,0.0023602417537144254
2025-10-17 09:00:00+01:00,1.171783447265625,1.1719207763671875,1.1684973239898682,1.168770432472229,0,1.165877977957697,1.1623869466781616,60.286321875876375,0.0007306036432072817,0.002440878323146275
2025-10-17 13:00:00+01:00,1.168770432472229,1.168770432472229,1.16604483127594,1.1675423383712769,0,1.1660364884732761,1.1624060153961182,56.42127594268703,0.00044026077997931165,0.0024518796375819613
2025-10-17 17:00:00+01:00,1.1674060821533203,1.1682243347167969,1.1668611764907837,1.1674060821533203,0,1.1661669259666136,1.1624005651473999,55.99235821281899,0.00021023611989890714,0.0023751684597560336
2025-10-17 21:00:00+01:00,1.1672697067260742,1.1674060821533203,1.1653653383255005,1.1655012369155884,0,1.1661035270093731,1.1624032831192017,50.24210496850373,-8.327037636694399e-05,0.0022793497358049664
2025-10-19 21:00:00+01:00,1.1659088134765625,1.1664528846740723,1.1657729148864746,1.1661807298660278,0,1.166110879662388,1.1624141573905944,52.13064305794775,-0.0002360637464598218,0.0022215332303728375
2025-10-20 01:00:00+01:00,1.1663167476654053,1.1674060821533203,1.16604483127594,1.1671334505081177,0,1.1662082673619814,1.1625010132789613,54.72532649115087,-0.0002746763841942968,0.0022314701761518207
2025-10-20 05:00:00+01:00,1.1671334505081177,1.1679514646530151,1.1657729148864746,1.1665889024734497,0,1.1662445183249783,1.1625634479522704,52.95840605374145,-0.000334624758677455,0.0021636315754481722
2025-10-20 09:00:00+01:00,1.1664528846740723,1.1671334505081177,1.1648223400115967,1.1659088134765625,0,1.166212546434653,1.1626231050491334,50.75438159191282,-0.0004126905968101244,0.002173355647495815
2025-10-20 13:00:00+01:00,1.1661807298660278,1.1667250394821167,1.164958119392395,1.1659088134765625,0,1.1661836194862636,1.1627232646942138,50.75438159191282,-0.00045367747361389115,0.0021927697317940848
2025-10-20 17:00:00+01:00,1.1657729148864746,1.16604483127594,1.1642799377441406,1.1644154787063599,0,1.166015225126273,1.1627503490448,45.89068129369352,-0.0005635424895860388,0.002114619527544294
2025-10-20 21:00:00+01:00,1.1644154787063599,1.1650937795639038,1.1631964445114136,1.164686679840088,0,1.1658886970037792,1.1627774477005004,46.88613299681551,-0.0005969266966790567,0.002045410020010812
2025-10-21 01:00:00+01:00,1.1648223400115967,1.1659088134765625,1.163602590560913,1.1637378931045532,0,1.1656838585371863,1.1627557587623596,43.84699938566951,-0.0006571204181601156,0.0020539164543151855
2025-10-21 05:00:00+01:00,1.1637378931045532,1.163873314857483,1.1623852252960205,1.1629259586334229,0,1.1654212014034946,1.1627854752540587,41.37536474805796,-0.0007207310673705509,0.002042736325945173
2025-10-21 09:00:00+01:00,1.1626555919647217,1.163061261177063,1.1610356569290161,1.1615750789642334,0,1.165054904028327,1.1627854752540587,37.579777587502186,-0.0008159003369155388,0.0019717557089669363
2025-10-21 13:00:00+01:00,1.1615750789642334,1.1621150970458984,1.1602274179458618,1.1618449687957764,0,1.1647491959109413,1.1629009866714477,38.787949135406926,-0.0008205676828942079,0.0018620576177324568
2025-10-21 17:00:00+01:00,1.1621150970458984,1.1626555919647217,1.1603620052337646,1.1603620052337646,0,1.1643313682274006,1.1629814910888672,34.80196390058336,-0.0008782582753649184,0.0018311994416373117
2025-10-21 21:00:00+01:00,1.1603620052337646,1.1610356569290161,1.1598236560821533,1.1602274179458618,0,1.163940515819635,1.1630486035346985,34.45589651854293,-0.0008781066232953274,0.0018204024859837123
2025-10-22 01:00:00+01:00,1.1602274179458618,1.161440134048462,1.1602274179458618,1.1610356569290161,0,1.1636638625919569,1.1631158089637756,38.41633166120393,-0.0007795381701685856,0.0017612576484680176
2025-10-22 05:00:00+01:00,1.161170482635498,1.1618449687957764,1.1603620052337646,1.1603620052337646,0,1.1633493999864146,1.163158814907074,36.439964971038734,-0.0007172451699338681,0.0017992087772914342
2025-10-22 09:00:00+01:00,1.1602274179458618,1.160496711730957,1.1586142778396606,1.1586142778396606,0,1.162898435972438,1.163199017047882,31.860385225631433,-0.0007478646778443931,0.0018364361354282924
2025-10-22 13:00:00+01:00,1.159151554107666,1.1619800329208374,1.158077597618103,1.161440134048462,0,1.1627595500749164,1.163199017047882,44.094285284844936,-0.0005415348649543299,0.0019595708165849957
2025-10-22 17:00:00+01:00,1.1615750789642334,1.162520408630371,1.1609008312225342,1.1609008312225342,0,1.1625825292318324,1.1631855320930482,42.52508713807756,-0.0004110282784657662,0.0019101755959647043
2025-10-22 21:00:00+01:00,1.1609008312225342,1.1618449687957764,1.1609008312225342,1.1610356569290161,0,1.1624352080601354,1.163145020008087,43.07054001314989,-0.00029092946762151,0.0018514054162161691
2025-10-23 01:00:00+01:00,1.1610356569290161,1.1610356569290161,1.1595547199249268,1.15968918800354,0,1.1621736823404598,1.163128869533539,39.08158285180694,-0.0002775195027685004,0.0018311228070940291
2025-10-23 05:00:00+01:00,1.1595547199249268,1.1606314182281494,1.1594202518463135,1.1603620052337646,0,1.1620011416636316,1.1630884051322936,41.97353195488325,-0.00020218436407355668,0.0017821107591901506
2025-10-23 09:00:00+01:00,1.1602274179458618,1.1609008312225342,1.1588828563690186,1.1590172052383423,0,1.1617169572421755,1.1630615091323853,38.08211007553699,-0.00022028371731593857,0.00176152161189488
2025-10-23 13:00:00+01:00,1.1592857837677002,1.16225004196167,1.1590172052383423,1.161440134048462,0,1.1616905931284884,1.1631501984596253,47.522198675295414,-5.504748055426643e-05,0.0018861464091709682
2025-10-23 17:00:00+01:00,1.1617100238800049,1.16225004196167,1.1607661247253418,1.1619800329208374,0,1.161718158822998,1.163233609199524,49.37439327433754,9.639288846801037e-05,0.0018474544797624861
2025-10-23 21:00:00+01:00,1.1618449687957764,1.162520408630371,1.1617100238800049,1.1621150970458984,0,1.1617559624632743,1.1633357977867127,49.851245056588176,0.00020519221377734054,0.0017705048833574568
2025-10-24 01:00:00+01:00,1.1621150970458984,1.162520408630371,1.161170482635498,1.16130530834198,0,1.161713043023151,1.1634244680404664,46.9932278826411,0.00022079554380808686,0.0017031005450657436
2025-10-24 05:00:00+01:00,1.161170482635498,1.163061261177063,1.160496711730957,1.16225004196167,0,1.1617641857792003,1.1635052347183228,50.55475073225434,0.00028863375526316413,0.0017997111592973983
2025-10-24 09:00:00+01:00,1.1623852252960205,1.162520408630371,1.1609008312225342,1.1618449687957764,0,1.1617718793998266,1.163636772632599,49.0334821379417,0.00029885621692140305,0.001828772681100028
2025-10-24 13:00:00+01:00,1.1618449687957764,1.164958119392395,1.16130530834198,1.1629259586334229,0,1.1618817917077884,1.1637845921516419,53.09024748873337,0.0003665862798787932,0.0019837617874145508
2025-10-24 17:00:00+01:00,1.1629259586334229,1.163602590560913,1.162520408630371,1.1634671688079834,0,1.1620327800030452,1.1638305258750916,55.02060419049037,0.00043152747004478263,0.0019266009330749512
2025-10-24 21:00:00+01:00,1.163602590560913,1.163873314857483,1.162520408630371,1.1631964445114136,0,1.1621436051943186,1.163876438140869,53.827375745379726,0.00043851702476246424,0.0017444917133876256
2025-10-27 00:00:00+00:00,1.1634671688079834,1.1650937795639038,1.163061261177063,1.163061261177063,0,1.162231001002199,1.1639250349998473,53.20686893964175,0.0004164676516406467,0.0017739874976021902
2025-10-27 04:00:00+00:00,1.163061261177063,1.163602590560913,1.1623852252960205,1.1623852252960205,0,1.1622456890301822,1.1639223313331604,50.096701638286504,0.0003419079456802411,0.001793503761291504
2025-10-27 08:00:00+00:00,1.16225004196167,1.1650937795639038,1.1621150970458984,1.164958119392395,0,1.1625040157313453,1.1639440274238586,59.741810521235905,0.00044490416707808323,0.0019004855837140764
2025-10-27 12:00:00+00:00,1.164958119392395,1.1653653383255005,1.163602590560913,1.163873314857483,0,1.1626344251719298,1.1639737892150879,54.921913002930665,0.0004193499636058527,0.0019398842539106096
2025-10-27 16:00:00+00:00,1.163873314857483,1.1655012369155884,1.163602590560913,1.164958119392395,0,1.1628557293834028,1.1639927744865417,58.525425608199676,0.00045206603667387476,0.0019313607897077287
2025-10-27 20:00:00+00:00,1.1650937795639038,1.1657729148864746,1.164686679840088,1.1655012369155884,0,1.1631076824817062,1.1640063524246216,60.23915853651913,0.00048399021003421426,0.0017780320984976633
2025-10-28 00:00:00+00:00,1.1653653383255005,1.1667250394821167,1.164958119392395,1.1663167476654053,0,1.1634133077372966,1.1640335249900817,62.72943593739885,0.0005300249058526872,0.0017982465880257742
2025-10-28 04:00:00+00:00,1.1663167476654053,1.1671334505081177,1.1655012369155884,1.1657729148864746,0,1.1636380322276945,1.1640172052383422,60.02935839892604,0.0004945324266542251,0.0018569486481802805
2025-10-28 08:00:00+00:00,1.1657729148864746,1.1668611764907837,1.1650937795639038,1.1661807298660278,0,1.1638801939075358,1.164030795097351,61.37208800111146,0.00046940566529702374,0.001886768000466483
2025-10-28 12:00:00+00:00,1.1661807298660278,1.1669973134994507,1.1629259586334229,1.1661807298660278,0,1.1640992925702494,1.1640416693687439,61.37208800111146,0.00042499745168869576,0.0019943969590323313
2025-10-28 16:00:00+00:00,1.1661807298660278,1.1671334505081177,1.1656370162963867,1.1656370162963867,0,1.164245742448929,1.164017186164856,58.341669149718214,0.00033516476433057473,0.0019856010164533344
2025-10-28 20:00:00+00:00,1.1656370162963867,1.16604483127594,1.1652295589447021,1.1659088134765625,0,1.1644041301658465,1.163949019908905,59.42036583799724,0.00027285015733367435,0.0017829196793692453
2025-10-29 00:00:00+00:00,1.1659088134765625,1.1664528846740723,1.1640088558197021,1.1640088558197021,0,1.1643664849900233,1.163823697566986,49.727022508672825,9.18317838776014e-05,0.0018801944596426828
2025-10-29 04:00:00+00:00,1.1640088558197021,1.1640088558197021,1.1629259586334229,1.163602590560913,0,1.164293733139632,1.1636710596084594,47.92663632853846,-5.89838723700116e-05,0.001860908099583217
2025-10-29 08:00:00+00:00,1.163602590560913,1.1652295589447021,1.1623852252960205,1.1642799377441406,0,1.1642924192924422,1.1635264801979064,51.105140212589255,-0.00011367499397402507,0.0019188949040004186
2025-10-29 12:00:00+00:00,1.164686679840088,1.1667250394821167,1.1631964445114136,1.1667250394821167,0,1.1645240974057445,1.1634855723381043,60.48226067927323,7.82293365504162e-06,0.0020839827401297434
2025-10-29 16:00:00+00:00,1.1667250394821167,1.1668611764907837,1.1582117080688477,1.1603620052337646,0,1.1641277076750796,1.163341965675354,39.33869437497868,-0.0003287488694223503,0.0024890388761247906
2025-10-29 20:00:00+00:00,1.1603620052337646,1.161440134048462,1.1595547199249268,1.1606314182281494,0,1.163794727727753,1.1632064723968505,40.29046625116153,-0.0005107696817471864,0.002497800758906773
2025-10-30 00:00:00+00:00,1.1606314182281494,1.16225004196167,1.160092830657959,1.1618449687957764,0,1.1636090364008982,1.1631333470344543,44.51357152532736,-0.0005249622937920463,0.0025162696838378906
2025-10-30 04:00:00+00:00,1.1618449687957764,1.163873314857483,1.161440134048462,1.1621150970458984,0,1.163466756462327,1.1630520343780517,45.438632344046944,-0.0004922299541381428,0.0026124800954546246
2025-10-30 08:00:00+00:00,1.1621150970458984,1.163061261177063,1.1599582433700562,1.160092830657959,0,1.1631454301952442,1.1629112219810487,40.054804399653314,-0.0005769752258951286,0.002707915646689279
2025-10-30 12:00:00+00:00,1.160092830657959,1.1602274179458618,1.1551345586776733,1.156738042831421,0,1.162535202827261,1.162714204788208,33.057280074787656,-0.0008146340633330078,0.0029551046235220773
2025-10-30 16:00:00+00:00,1.156738042831421,1.1574074029922485,1.156203031539917,1.156738042831421,0,1.161983092351467,1.1625307893753052,33.057280074787656,-0.0009197262548329816,0.0029148885181971957
2025-10-30 20:00:00+00:00,1.156738042831421,1.1576753854751587,1.156738042831421,1.1575413942337036,0,1.1615600734831086,1.162363440990448,36.15489393423788,-0.0008828548826721554,0.002691030502319336
2025-10-31 00:00:00+00:00,1.1575413942337036,1.158077597618103,1.1568717956542969,1.157139539718628,0,1.1611390702674438,1.1622179222106934,35.27557582776315,-0.0008338375785599335,0.0026702710560389926
2025-10-31 04:00:00+00:00,1.1570056676864624,1.1578094959259033,1.1559356451034546,1.1568717956542969,0,1.1607326631614299,1.1620616245269775,34.670548050666156,-0.0007693179075156267,0.0027458838054112028
2025-10-31 08:00:00+00:00,1.156738042831421,1.158077597618103,1.156203031539917,1.1570056676864624,0,1.160377711211433,1.1619269800186158,35.26837078622623,-0.0006710802488207124,0.0027052078928266254
2025-10-31 12:00:00+00:00,1.1568717956542969,1.1570056676864624,1.1526048183441162,1.154334545135498,0,1.1598021715851536,1.1617551517486573,29.473053853592887,-0.0007343372627750817,0.002942204475402832
2025-10-31 16:00:00+00:00,1.154334545135498,1.1547343730926514,1.1524720191955566,1.1528706550598145,0,1.159142027154169,1.1615810632705688,26.867399731927662,-0.000816783512255293,0.002900634493146624
2025-10-31 20:00:00+00:00,1.1530035734176636,1.154334545135498,1.1530035734176636,1.154334545135498,0,1.1586841717238194,1.1614308547973633,33.22495977300508,-0.0007182295298975387,0.0027531555720738004
2025-11-03 00:00:00+00:00,1.1532695293426514,1.1538017988204956,1.1526048183441162,1.1536686420440674,0,1.15820650223051,1.1612969875335692,31.867836544444515,-0.0006456759053470836,0.0022588883127485004
2025-11-03 04:00:00+00:00,1.1536686420440674,1.1544678211212158,1.1535356044769287,1.154334545135498,0,1.1578377444119374,1.161179130077362,34.73859037950281,-0.0005067577970045947,0.002190802778516497
2025-11-03 08:00:00+00:00,1.154068112373352,1.154068112373352,1.151145339012146,1.1519410610198975,0,1.1572761555174575,1.1609972381591798,29.86730075872555,-0.00052761397344607,0.002264516694205148
2025-11-03 12:00:00+00:00,1.1518083810806274,1.1528706550598145,1.1508804559707642,1.1528706550598145,0,1.1568565840453011,1.1608474111557008,33.752799344531724,-0.0004342466374760764,0.002232875142778669
2025-11-03 16:00:00+00:00,1.1528706550598145,1.154068112373352,1.1520737409591675,1.1522064208984375,0,1.1564137113646473,1.1607192540168763,32.37267764576838,-0.000374905343245073,0.002153686114719936
2025-11-03 20:00:00+00:00,1.152339220046997,1.1527377367019653,1.1519410610198975,1.1522064208984375,0,1.1560130170345322,1.1605345797538758,32.37267764576838,-0.0002967573239625876,0.001846815858568464
2025-11-04 00:00:00+00:00,1.1518083810806274,1.1520737409591675,1.15035080909729,1.1516757011413574,0,1.1555999393304202,1.1603500771522521,31.190865557544825,-0.00024411118713849565,0.0018933330263410295
2025-11-04 04:00:00+00:00,1.1516757011413574,1.1535356044769287,1.151145339012146,1.1530035734176636,0,1.155352666386348,1.1601894354820252,37.35318920310585,-9.104155333686074e-05,0.0019971132278442383
2025-11-04 08:00:00+00:00,1.1531364917755127,1.1531364917755127,1.1492931842803955,1.1492931842803955,0,1.1547755728524478,1.1599815154075623,29.4237241589459,-0.0002043751512966303,0.0021855064800807406
2025-11-04 12:00:00+00:00,1.1494252681732178,1.1499539613723755,1.1477103233337402,1.1495574712753296,0,1.154278610797484,1.1597654247283935,30.554563553330624,-0.00022462364185665438,0.0022119198526654926
2025-11-04 16:00:00+00:00,1.1495574712753296,1.1498217582702637,1.1482374668121338,1.1482374668121338,0,1.1537032637512603,1.1595498299598694,28.13019200735917,-0.0002860605480702518,0.00219118595123291
2025-11-04 20:00:00+00:00,1.1481056213378906,1.1491611003875732,1.1478420495986938,1.1487650871276855,0,1.1532329612156818,1.159296329021454,30.50383144193779,-0.00025152984427549274,0.001971057483128139
2025-11-05 00:00:00+00:00,1.1488970518112183,1.1500862836837769,1.148369312286377,1.1491611003875732,0,1.152845164946338,1.1590399503707887,32.310840328745044,-0.0001664842257214378,0.0019321015902927943
2025-11-05 04:00:00+00:00,1.1491611003875732,1.1496896743774414,1.1487650871276855,1.1490291357040405,0,1.1524817335899287,1.1587782311439514,32.012132429514935,-8.754993675810351e-05,0.0018935799598693848
2025-11-05 08:00:00+00:00,1.1490291357040405,1.1499539613723755,1.1479737758636475,1.1491611003875732,0,1.152165482808752,1.1585353469848634,32.682344308664455,4.5892298830346387e-07,0.0019114698682512557
2025-11-05 12:00:00+00:00,1.1492931842803955,1.1496896743774414,1.147315263748169,1.1482374668121338,0,1.1517913860471694,1.1582550954818727,30.421900490643452,2.2175117246290947e-05,0.002014483724321638
2025-11-05 16:00:00+00:00,1.1482374668121338,1.1490291357040405,1.147446870803833,1.1488970518112183,0,1.1515157351675551,1.1579961371421814,33.93590064789031,0.00010218872345207561,0.0018997022083827428
2025-11-05 20:00:00+00:00,1.1490291357040405,1.1499539613723755,1.1490291357040405,1.1499539613723755,0,1.1513669948061096,1.1577366971969605,39.231997465848856,0.00023967098916224125,0.0018330386706760951
2025-11-06 00:00:00+00:00,1.1498217582702637,1.151145339012146,1.1496896743774414,1.151012897491455,0,1.151333271252333,1.1574876117706299,44.06985383012544,0.0004055495212770643,0.0017945596149989537
2025-11-06 04:00:00+00:00,1.151012897491455,1.1516757011413574,1.1507480144500732,1.151145339012146,0,1.1513153729437438,1.1572465896606445,44.66323107325185,0.000520479606090282,0.00180391754422869
2025-11-06 08:00:00+00:00,1.1512778997421265,1.1526048183441162,1.151012897491455,1.152339220046997,0,1.1514128821916727,1.1570321488380433,49.83034055139615,0.0006640036779844284,0.0017850824764796666
2025-11-06 12:00:00+00:00,1.1520737409591675,1.1547343730926514,1.1518083810806274,1.154334545135498,0,1.1516911358053705,1.1568711352348329,57.04882760558182,0.0008675590265007412,0.0018233486584254674
2025-11-06 16:00:00+00:00,1.1542012691497803,1.1555349826812744,1.1535356044769287,1.1547343730926514,0,1.1519809679279687,1.1566666603088378,58.34226340355133,0.0009942718664152125,0.0016916394233703613
2025-11-06 20:00:00+00:00,1.1548677682876587,1.1555349826812744,1.1546010971069336,1.1551345586776733,0,1.152281309904131,1.1564918851852417,59.65194412198756,0.0010639354904445708,0.001598085675920759
2025-11-07 00:00:00+00:00,1.155001163482666,1.1551345586776733,1.1538017988204956,1.1542012691497803,0,1.1524641631656212,1.1562767481803895,55.28649941450963,0.0010066656982385808,0.0015801191329956055
2025-11-07 04:00:00+00:00,1.154068112373352,1.1542012691497803,1.15340256690979,1.1536686420440674,0,1.152578875439759,1.156040096282959,52.90687951779258,0.0008961136219960745,0.0015429513795035227
2025-11-07 08:00:00+00:00,1.1536686420440674,1.156336784362793,1.15340256690979,1.156203031539917,0,1.1529240331635835,1.1558378219604493,61.416736110443324,0.0009516479750758128,0.0016298975263323104
2025-11-07 12:00:00+00:00,1.1560693979263306,1.1592857837677002,1.1558021306991577,1.1575413942337036,0,1.1533637818369284,1.155673191547394,65.01228725659453,0.0010298742472669383,0.001812687941959926
2025-11-07 16:00:00+00:00,1.1576753854751587,1.1586142778396606,1.1559356451034546,1.156336784362793,0,1.1536469249346297,1.155476312637329,59.626341794736966,0.0009535887643270254,0.001862577029636928
2025-11-07 20:00:00+00:00,1.156203031539917,1.1570056676864624,1.1560693979263306,1.1570056676864624,0,1.1539668051967091,1.1552928113937377,61.53204071430531,0.000901845854904139,0.0017598526818411691
2025-11-10 00:00:00+00:00,1.1546010971069336,1.156336784362793,1.1546010971069336,1.1558021306991577,0,1.1541415981017042,1.1550961136817932,56.37569691848086,0.0007466492248470236,0.0018185888017926896
2025-11-10 04:00:00+00:00,1.1558021306991577,1.1574074029922485,1.1555349826812744,1.157139539718628,0,1.154427116350935,1.1549207282066345,60.351765693862504,0.0006952009441499252,0.0018768395696367537
2025-11-10 08:00:00+00:00,1.1570056676864624,1.1586142778396606,1.1558021306991577,1.156738042831421,0,1.1546472045871718,1.1547753119468689,58.624314516777005,0.0005989197066414711,0.0019737311771937777
2025-11-10 12:00:00+00:00,1.156738042831421,1.158077597618103,1.155001163482666,1.155001163482666,0,1.1546809149581714,1.154603283405304,51.726646655704876,0.0003929992137700068,0.0021272131374904086
2025-11-10 16:00:00+00:00,1.1548677682876587,1.1568717956542969,1.1544678211212158,1.1564704179763794,0,1.1548513438170485,1.1544470930099486,56.39994587390975,0.0003328658992155732,0.0021852169718061176
2025-11-10 20:00:00+00:00,1.1564704179763794,1.156738042831421,1.1558021306991577,1.1559356451034546,0,1.15495461060623,1.1542313051223756,54.33800213448377,0.00023861043789612073,0.0020430684089660645
2025-11-11 00:00:00+00:00,1.1559356451034546,1.156203031539917,1.1551345586776733,1.1559356451034546,0,1.1550480424631087,1.1541427779197693,54.33800213448377,0.00016149301704165711,0.0019765751702444895
2025-11-11 04:00:00+00:00,1.1559356451034546,1.1568717956542969,1.155401587486267,1.156336784362793,0,1.155170779786888,1.1540568852424622,55.74550937136793,0.00012439170570721528,0.002014883926936558
2025-11-11 08:00:00+00:00,1.1564704179763794,1.158077597618103,1.1556684970855713,1.1576753854751587,0,1.1554093136619614,1.1539734935760497,60.15885769541161,0.0001738597401454091,0.0020917654037475586
2025-11-11 12:00:00+00:00,1.1575413942337036,1.1609008312225342,1.157273530960083,1.1598236560821533,0,1.1558297272257891,1.1539276647567749,66.01625385731438,0.00032626952137519455,0.0022938081196376254
2025-11-11 16:00:00+00:00,1.1598236560821533,1.1602274179458618,1.1587486267089844,1.1587486267089844,0,1.15610771765276,1.1539007806777954,61.16978115504668,0.00032876451384952006,0.0021898491042000906
2025-11-11 20:00:00+00:00,1.1587486267089844,1.1592857837677002,1.1575413942337036,1.1590172052383423,0,1.1563848117085298,1.1539463639259337,61.921898876373284,0.00032216162603268474,0.0020656159945896695
2025-11-12 00:00:00+00:00,1.1590172052383423,1.1590172052383423,1.1578094959259033,1.158077597618103,0,1.1565460294142036,1.1539731550216674,57.710460544701164,0.0002323646083581593,0.001960550035749163
2025-11-12 04:00:00+00:00,1.158077597618103,1.159151554107666,1.1574074029922485,1.1586142778396606,0,1.1567430054547232,1.1539946126937866,59.40860225603628,0.0001888140651167974,0.0020182558468409945
2025-11-12 08:00:00+00:00,1.1587486267089844,1.1590172052383423,1.1568717956542969,1.1579434871673584,0,1.1568573370464026,1.1540106916427613,56.362214838399716,9.904459052633243e-05,0.001999744347163609
2025-11-12 12:00:00+00:00,1.1582117080688477,1.1598236560821533,1.1566041707992554,1.1598236560821533,0,1.157139843621236,1.1540697288513184,62.21135064008754,0.0001475823880558475,0.002095963273729597
2025-11-12 16:00:00+00:00,1.15968918800354,1.160092830657959,1.1587486267089844,1.1590172052383423,0,1.1573186399657223,1.1541099596023559,58.58412424664713,0.00010847390606598894,0.0019911101886204313
2025-11-12 20:00:00+00:00,1.1588828563690186,1.1603620052337646,1.1588828563690186,1.1594202518463135,0,1.1575187934781594,1.1542116737365722,59.84425264531546,9.342063310583803e-05,0.00187701838357108
2025-11-13 00:00:00+00:00,1.1595547199249268,1.1595547199249268,1.1583458185195923,1.1592857837677002,0,1.1576870782676394,1.15433997631073,59.197114352091106,5.971796049596069e-05,0.0017916560173034668
2025-11-13 04:00:00+00:00,1.1592857837677002,1.161440134048462,1.1584800481796265,1.161440134048462,0,1.1580445121515273,1.1544820880889892,65.61292687924043,0.00016202388656071315,0.0019362398556300572
2025-11-13 08:00:00+00:00,1.161440134048462,1.1637378931045532,1.1609008312225342,1.1609008312225342,0,1.1583165425392423,1.1546267318725585,62.944710244676806,0.00017194238803773954,0.0020625676427568707
2025-11-13 12:00:00+00:00,1.1610356569290161,1.1645511388778687,1.1610356569290161,1.1642799377441406,0,1.1588844849397089,1.1548256397247314,70.92336525430372,0.0003731061363460163,0.0022182890347072055
2025-11-13 16:00:00+00:00,1.1642799377441406,1.1657729148864746,1.163873314857483,1.163873314857483,0,1.1593596115985445,1.1550642848014832,68.99809718812634,0.00044114657320114574,0.0021818961415972027
2025-11-13 20:00:00+00:00,1.163873314857483,1.1644154787063599,1.1626555919647217,1.1633317470550537,0,1.1597379102134502,1.155273506641388,66.41229062412219,0.00041256377378936734,0.0020485094615391324
2025-11-14 00:00:00+00:00,1.1633317470550537,1.1648223400115967,1.163061261177063,1.1641442775726318,0,1.160157564247658,1.1555122637748718,68.32998217852023,0.0004103928344330681,0.0020686728613717215
2025-11-14 04:00:00+00:00,1.1641442775726318,1.1652295589447021,1.1637378931045532,1.1637378931045532,0,1.1604985479483148,1.1557428932189941,66.29135701282341,0.0003461664664448148,0.0020506211689540316
2025-11-14 08:00:00+00:00,1.163602590560913,1.163873314857483,1.16130530834198,1.16225004196167,0,1.1606653569019678,1.1559543800354004,59.31400853132942,0.00017660615026038828,0.0021477852548871723
2025-11-14 12:00:00+00:00,1.16225004196167,1.1656370162963867,1.1610356569290161,1.1615750789642334,0,1.1607519970983742,1.1561258101463319,56.41319782999177,1.387289211155938e-06,0.0023518715585981098
2025-11-14 16:00:00+00:00,1.1615750789642334,1.1626555919647217,1.161170482635498,1.1621150970458984,0,1.1608818161409957,1.156382248401642,58.17559935551378,-9.065888376539699e-05,0.0023047072546822684
2025-11-14 20:00:00+00:00,1.1621150970458984,1.1626555919647217,1.1619800329208374,1.162520408630371,0,1.1610378725685555,1.1566415071487426,59.49926458370644,-0.00013413883871139158,0.0021229982376098633
2025-11-17 00:00:00+00:00,1.1618449687957764,1.1618449687957764,1.160092830657959,1.1602274179458618,0,1.1609606864140134,1.1568813061714172,49.88128178307024,-0.0003167927555279232,0.0022003820964268278
2025-11-17 04:00:00+00:00,1.1602274179458618,1.1618449687957764,1.1598236560821533,1.1615750789642334,0,1.1610191999902248,1.1571375060081481,54.53317838758798,-0.0003440432740341188,0.0022391080856323242
2025-11-17 08:00:00+00:00,1.1615750789642334,1.1618449687957764,1.1598236560821533,1.160496711730957,0,1.1609694392036278,1.157364218235016,50.494451747093336,-0.0004265007470956278,0.0022971374647957937
2025-11-17 12:00:00+00:00,1.160496711730957,1.1607661247253418,1.1586142778396606,1.160092830657959,0,1.160885952675469,1.1575854921340942,49.02986255191013,-0.0004952221002426619,0.002239406108856201
2025-11-17 16:00:00+00:00,1.160092830657959,1.160496711730957,1.1587486267089844,1.1587486267089844,0,1.160682397821518,1.1577772426605224,44.41269494152712,-0.0006106119304907208,0.0021616220474243164
2025-11-17 20:00:00+00:00,1.1586142778396606,1.1598236560821533,1.1586142778396606,1.1592857837677002,0,1.1605493869592496,1.1579982089996337,46.577697291377184,-0.000627747960080958,0.0019872699465070453
2025-11-18 00:00:00+00:00,1.1592857837677002,1.1599582433700562,1.1588828563690186,1.1595547199249268,0,1.1604546567655045,1.158211362361908,47.67648119066156,-0.0005980885786627595,0.0019283975873674666
2025-11-18 04:00:00+00:00,1.1595547199249268,1.160496711730957,1.1592857837677002,1.1595547199249268,0,1.1603689484949733,1.158403377532959,47.67648119066157,-0.0005564532464047917,0.001889186246054513
2025-11-18 08:00:00+00:00,1.1595547199249268,1.1610356569290161,1.1583458185195923,1.1588828563690186,0,1.1602274159115489,1.1585607767105102,44.995113974103674,-0.0005511027061238357,0.001955526215689523
2025-11-18 12:00:00+00:00,1.1587486267089844,1.1610356569290161,1.1584800481796265,1.1584800481796265,0,1.1600609999370801,1.1587074708938598,43.418487964806964,-0.0005503486951912923,0.002031522137778146
2025-11-18 16:00:00+00:00,1.1584800481796265,1.1590172052383423,1.1575413942337036,1.1588828563690186,0,1.1599487957877408,1.1588383436203002,45.475969589568166,-0.00049984831507614,0.0019535081727164133
2025-11-18 20:00:00+00:00,1.1588828563690186,1.1590172052383423,1.158077597618103,1.1583458185195923,0,1.1597961312860123,1.1589185690879822,43.21948540078982,-0.0004796547110049819,0.0016919544764927455
2025-11-19 00:00:00+00:00,1.1583458185195923,1.1587486267089844,1.1576753854751587,1.1586142778396606,0,1.1596835738149311,1.1589961671829223,44.696753197612715,-0.0004270172114327301,0.0016625353268214635
2025-11-19 04:00:00+00:00,1.1587486267089844,1.1599582433700562,1.158077597618103,1.1583458185195923,0,1.1595561685487084,1.1590603923797607,43.47855025442291,-0.00039009548608199505,0.001748612948826381
2025-11-19 08:00:00+00:00,1.1590172052383423,1.159151554107666,1.1570056676864624,1.1590172052383423,0,1.1595048387096258,1.159156711101532,47.3437549377126,-0.00030409171633461536,0.00172849212374006
2025-11-19 12:00:00+00:00,1.159151554107666,1.1594202518463135,1.1544678211212158,1.155001163482666,0,1.1590759172594391,1.159183361530304,32.865653070177515,-0.0004902803797788785,0.0019378576959882463
2025-11-19 16:00:00+00:00,1.155001163482666,1.155001163482666,1.1522064208984375,1.152339220046997,0,1.1584343270487305,1.1591060853004456,26.976867577346766,-0.0007497808301824844,0.0019931026867457797
2025-11-19 20:00:00+00:00,1.1524720191955566,1.1544678211212158,1.1524720191955566,1.1542012691497803,0,1.1580311786774018,1.159039282798767,35.661146712319606,-0.0007512087088429769,0.0019914422716413227
2025-11-20 00:00:00+00:00,1.154068112373352,1.154068112373352,1.151410460472107,1.1516757011413574,0,1.1574258951025405,1.1589460611343383,30.383257478733626,-0.0008691021646347078,0.0020659225327628
2025-11-20 04:00:00+00:00,1.1516757011413574,1.1526048183441162,1.1516757011413574,1.1522064208984375,0,1.1569288023211972,1.1588500761985778,32.63937614701733,-0.0008567878133133109,0.0020459038870675223
2025-11-20 08:00:00+00:00,1.152339220046997,1.1532695293426514,1.151543140411377,1.1518083810806274,0,1.1564411431554285,1.1587702012062073,31.806818305149307,-0.0008208257432637481,0.0020924040249415805
2025-11-20 12:00:00+00:00,1.1518083810806274,1.1552680730819702,1.151145339012146,1.1530035734176636,0,1.1561137555613556,1.158687481880188,37.003044994012264,-0.0006683797504379153,0.0023003901754106793
2025-11-20 16:00:00+00:00,1.1532695293426514,1.1544678211212158,1.1528706550598145,1.154068112373352,0,1.1559189324005934,1.1586340832710267,41.29385367015231,-0.0004577299832505199,0.002222342150551932
2025-11-20 20:00:00+00:00,1.1542012691497803,1.1542012691497803,1.1527377367019653,1.1536686420440674,0,1.1557046190333053,1.1586074328422546,40.18768777629346,-0.00031402821991909926,0.002144336700439453
2025-11-21 00:00:00+00:00,1.1536686420440674,1.1542012691497803,1.1531364917755127,1.154068112373352,0,1.155548761256167,1.158559386730194,41.864787160774235,-0.00016811899210251264,0.0021149771554129465
2025-11-21 04:00:00+00:00,1.1539349555969238,1.1551345586776733,1.1538017988204956,1.154334545135498,0,1.1554331216256273,1.158527364730835,43.012506103428265,-3.658194068303878e-05,0.002143059458051409
2025-11-21 08:00:00+00:00,1.154334545135498,1.1555349826812744,1.1508804559707642,1.151012897491455,0,1.1550121478985633,1.158428909778595,34.00032404834511,-0.00014984801205415407,0.0023988655635288785
2025-11-21 12:00:00+00:00,1.151145339012146,1.1528706550598145,1.1500862836837769,1.1506155729293823,0,1.154593426472927,1.1583144855499268,33.10675451437014,-0.0002236493422711123,0.0024634173938206266
2025-11-21 16:00:00+00:00,1.150483250617981,1.1520737409591675,1.1494252681732178,1.1516757011413574,0,1.1543155478699205,1.1581944918632507,37.803619444809165,-0.0001753251763559826,0.0024993164198739187
2025-11-21 20:00:00+00:00,1.1516757011413574,1.1524720191955566,1.1512778997421265,1.1519410610198975,0,1.1540894062651565,1.1580368399620056,38.95895807049201,-0.00010330900483336851,0.002230865614754813
2025-11-24 00:00:00+00:00,1.151145339012146,1.1522064208984375,1.1506155729293823,1.1519410610198975,0,1.1538848019560843,1.157900688648224,38.95895807049201,-3.691753529838854e-05,0.0021448731422424316
2025-11-24 04:00:00+00:00,1.1520737409591675,1.1531364917755127,1.151543140411377,1.151543140411377,0,1.1536617865708743,1.1577512073516845,37.739761122276214,-2.8420916305298485e-06,0.0021066410200936453
2025-11-24 08:00:00+00:00,1.1519410610198975,1.155001163482666,1.1519410610198975,1.1548677682876587,0,1.1537766419724729,1.1576870107650756,51.41905759224016,0.0002467628274748523,0.002154299191066197
2025-11-24 12:00:00+00:00,1.1548677682876587,1.1552680730819702,1.1522064208984375,1.1532695293426514,0,1.1537283455315375,1.1575801157951355,46.16766768496592,0.0003036444617538401,0.0023066231182643344
2025-11-24 16:00:00+00:00,1.15340256690979,1.15340256690979,1.151543140411377,1.1531364917755127,0,1.153671978507154,1.1574839758872986,45.74882841134171,0.0003295627073211999,0.0023161258016313824
2025-11-24 20:00:00+00:00,1.1528706550598145,1.1531364917755127,1.1522064208984375,1.1522064208984375,0,1.153532401592038,1.1573316311836244,42.823856673831195,0.00028309907954592864,0.002088078430720738
2025-11-25 00:00:00+00:00,1.152339220046997,1.15340256690979,1.1520737409591675,1.1522064208984375,0,1.153406117716457,1.1571954154968263,42.8238566738312,0.00025241330646678765,0.002068911279950823
2025-11-25 04:00:00+00:00,1.1520737409591675,1.15340256690979,1.151543140411377,1.1524720191955566,0,1.1533171559525617,1.157056450843811,44.009448108327035,0.00024959994782690494,0.002097189426422119
2025-11-25 08:00:00+00:00,1.1526048183441162,1.1546010971069336,1.1524720191955566,1.1530035734176636,0,1.153287290949238,1.1569308066368102,46.40471414271081,0.00028080775652926794,0.002173210893358503
2025-11-25 12:00:00+00:00,1.1530035734176636,1.1587486267089844,1.1528706550598145,1.1566041707992554,0,1.1536031842682872,1.1568340873718261,59.15208395539044,0.000526922555836321,0.0024978688785008024
2025-11-25 16:00:00+00:00,1.1566041707992554,1.1588828563690186,1.155401587486267,1.1587486267089844,0,1.1540932264054966,1.1567910432815551,64.558757808514,0.0008007066389368881,0.002414064747946603
2025-11-25 20:00:00+00:00,1.1587486267089844,1.1587486267089844,1.156203031539917,1.156738042831421,0,1.154345113684156,1.1566402053833007,56.947990731560296,0.0008104911743423762,0.0023970093045915875
2025-11-26 00:00:00+00:00,1.1568717956542969,1.1595547199249268,1.156738042831421,1.1594202518463135,0,1.15482846017579,1.1565511441230774,63.18348700040544,0.0009519287921043332,0.0024090238979884555
2025-11-26 04:00:00+00:00,1.1594202518463135,1.1599582433700562,1.158077597618103,1.1582117080688477,0,1.155150674260843,1.1564487433433532,59.03453690093113,0.0009180012257325248,0.002458061490740095
2025-11-26 08:00:00+00:00,1.1583458185195923,1.1583458185195923,1.1570056676864624,1.1578094959259033,0,1.1554038953718013,1.1563220477104188,57.677112639648094,0.0008253025891172884,0.002440154552459717
2025-11-26 12:00:00+00:00,1.1575413942337036,1.15968918800354,1.1551345586776733,1.1592857837677002,0,1.1557735990285536,1.1562330055236816,61.20329551217805,0.0008186272489324731,0.0026516744068690707
2025-11-26 16:00:00+00:00,1.1595547199249268,1.1603620052337646,1.1588828563690186,1.1598236560821533,0,1.156159318747944,1.1561844778060912,62.43143304349883,0.0008044662730280585,0.002510326249258859
2025-11-26 20:00:00+00:00,1.1595547199249268,1.160496711730957,1.1595547199249268,1.160496711730957,0,1.156572403793945,1.1561629104614257,63.96849385185587,0.0007931493306547381,0.002358921936580113
2025-11-27 00:00:00+00:00,1.160496711730957,1.1617100238800049,1.1603620052337646,1.1606314182281494,0,1.1569589765972026,1.1561332368850707,64.28345581176242,0.0007480442932837827,0.0023223928042820524
2025-11-27 04:00:00+00:00,1.1606314182281494,1.1609008312225342,1.1588828563690186,1.1594202518463135,0,1.1571933837637847,1.1560712337493897,59.267089569779095,0.0005965306059509014,0.0024001002311706543
2025-11-27 08:00:00+00:00,1.1595547199249268,1.1599582433700562,1.158077597618103,1.1590172052383423,0,1.1573670810470758,1.1560470294952392,57.65473285361393,0.0004364773382906108,0.002439515931265695
2025-11-27 12:00:00+00:00,1.1590172052383423,1.1603620052337646,1.1586142778396606,1.15968918800354,0,1.1575882340905486,1.1560093116760255,59.626828369235646,0.0003470729268731285,0.002431537423815046
2025-11-27 16:00:00+00:00,1.1598236560821533,1.160496711730957,1.1594202518463135,1.1598236560821533,0,1.1578011314230823,1.1559958505630492,60.027994953093256,0.000271542595861655,0.0023563504219055176
2025-11-27 20:00:00+00:00,1.1598236560821533,1.160496711730957,1.1595547199249268,1.1602274179458618,0,1.1580322063300137,1.1559985423088073,61.272348594691536,0.00022523449416485264,0.0020037804331098285
2025-11-28 00:00:00+00:00,1.1603620052337646,1.160496711730957,1.1584800481796265,1.1590172052383423,0,1.1581260157498545,1.1560039138793945,55.67749562666923,9.615642531596302e-05,0.0018991657665797643
2025-11-28 04:00:00+00:00,1.159151554107666,1.1594202518463135,1.1582117080688477,1.1582117080688477,0,1.158134176923092,1.1559824323654175,52.25724705081657,-5.2424929559214024e-05,0.0018036620957510813
2025-11-28 08:00:00+00:00,1.1579434871673584,1.1583458185195923,1.1559356451034546,1.1570056676864624,0,1.158026699852937,1.1559314513206482,47.547592781001434,-0.00023088393121831544,0.0017746261187962123
2025-11-28 12:00:00+00:00,1.1568717956542969,1.1610356569290161,1.156738042831421,1.1610356569290161,0,1.158313267193516,1.15596107006073,60.3928501931531,-8.403713777281065e-05,0.0019472667149135045
2025-11-28 16:00:00+00:00,1.1606314182281494,1.1607661247253418,1.15968918800354,1.1606314182281494,0,1.1585340434825286,1.1559960412979127,58.83637577697138,-2.3783456289889864e-05,0.0019477180072239467
2025-11-28 20:00:00+00:00,1.1606314182281494,1.1607661247253418,1.160092830657959,1.1602274179458618,0,1.1586953172409413,1.1560309886932374,57.24838433626692,-2.0893834720810828e-05,0.0016704797744750977
2025-12-01 00:00:00+00:00,1.160496711730957,1.1618449687957764,1.1592857837677002,1.1599582433700562,0,1.1588155959199047,1.1560524964332581,56.16077632274894,-4.5458490430935836e-05,0.0017476252147129603
2025-12-01 04:00:00+00:00,1.160092830657959,1.1615750789642334,1.1594202518463135,1.16130530834198,0,1.1590527113886737,1.1561116862297058,60.23248593203163,1.7305005782370687e-05,0.0018342563084193639
2025-12-01 08:00:00+00:00,1.1609008312225342,1.1634671688079834,1.1609008312225342,1.163061261177063,0,1.159434478035187,1.156200625896454,64.81945201324712,0.00015756875619230633,0.0019212790897914342
2025-12-01 12:00:00+00:00,1.163061261177063,1.1655012369155884,1.1626555919647217,1.1633317470550537,0,1.1598056465132698,1.1563003444671631,65.47997005030271,0.00024389714498374514,0.001980398382459368
2025-12-01 16:00:00+00:00,1.1633317470550537,1.1637378931045532,1.1610356569290161,1.161170482635498,0,1.1599356309058628,1.1563434100151062,56.37250691880099,0.00013614990331669977,0.002039083412715367
2025-12-01 20:00:00+00:00,1.16130530834198,1.161440134048462,1.1606314182281494,1.1610356569290161,0,1.1600403952890201,1.1564640998840332,55.850631880255435,4.14203761683427e-05,0.0019720111574445453
2025-12-02 00:00:00+00:00,1.1610356569290161,1.1615750789642334,1.1607661247253418,1.1615750789642334,0,1.1601865556390405,1.1566488170623779,57.54410324251982,2.750488925203857e-06,0.0019529036113194057
2025-12-02 04:00:00+00:00,1.1615750789642334,1.1619800329208374,1.1609008312225342,1.1615750789642334,0,1.1603187959557255,1.156796293258667,57.54410324251982,-3.318608571258692e-05,0.0019627043179103305
2025-12-02 08:00:00+00:00,1.1617100238800049,1.1619800329208374,1.1603620052337646,1.161440134048462,0,1.1604255900597957,1.156991581916809,56.9107516075927,-7.406184980409108e-05,0.0019342303276062012
2025-12-02 12:00:00+00:00,1.161440134048462,1.1626555919647217,1.1598236560821533,1.1609008312225342,0,1.1604708511229138,1.157165470123291,54.336807904632046,-0.00014152700229496306,0.002050186906542097
2025-12-02 16:00:00+00:00,1.1610356569290161,1.1627906560897827,1.15968918800354,1.1626555919647217,0,1.1606789216792763,1.157382414340973,60.58353201165487,-7.539688730568263e-05,0.0020995650972638813
2025-12-02 20:00:00+00:00,1.162520408630371,1.1631964445114136,1.1618449687957764,1.1631964445114136,0,1.1609186857585276,1.157586271762848,62.29561032248131,-6.295437101003524e-06,0.0018891266414097377
2025-12-03 00:00:00+00:00,1.1631964445114136,1.1642799377441406,1.1631964445114136,1.1641442775726318,0,1.1612258849789185,1.1577877950668336,65.15226736136208,8.703287047900432e-05,0.0018703426633562361
2025-12-03 04:00:00+00:00,1.1641442775726318,1.1656370162963867,1.1640088558197021,1.1644154787063599,0,1.1615296558101034,1.1580027318000794,65.94725905980415,0.00014727424441471522,0.0019385474068777902
2025-12-03 08:00:00+00:00,1.1644154787063599,1.1668611764907837,1.163873314857483,1.1668611764907837,0,1.1620374196844538,1.158258593082428,72.1234773685518,0.00032205504541014235,0.0019691671643938336
2025-12-03 12:00:00+00:00,1.1668611764907837,1.1678149700164795,1.1659088134765625,1.1664528846740723,0,1.1624579401596555,1.1585009598731995,69.84594615536164,0.0003765956643915489,0.0019514049802507674
2025-12-03 16:00:00+00:00,1.1663167476654053,1.1680878400802612,1.16604483127594,1.1676785945892334,0,1.1629551453434248,1.1588342738151551,72.63924536496904,0.00045633279286028095,0.0019140243530273438
2025-12-03 20:00:00+00:00,1.1675423383712769,1.1676785945892334,1.1667250394821167,1.1669973134994507,0,1.1633401137392367,1.1591619086265563,68.82306343330245,0.0004249428677062458,0.0017788750784737723
2025-12-04 00:00:00+00:00,1.1668611764907837,1.1668611764907837,1.1657729148864746,1.1659088134765625,0,1.1635847518094582,1.1594465708732604,63.1175507327936,0.0002985898782502613,0.0016733152525765555
2025-12-04 04:00:00+00:00,1.1659088134765625,1.1668611764907837,1.1656370162963867,1.1668611764907837,0,1.1638967922552985,1.1597449731826783,65.78978906949037,0.0002489020767948839,0.0017029898507254465
2025-12-04 08:00:00+00:00,1.1668611764907837,1.168770432472229,1.1667250394821167,1.1683608293533325,0,1.1643219386455876,1.160073368549347,69.53310540819473,0.0002842307079550788,0.0017913069043840682
2025-12-04 12:00:00+00:00,1.1683608293533325,1.1684973239898682,1.1661807298660278,1.1676785945892334,0,1.1646416201640302,1.160396077632904,65.99524099171711,0.0002311032164909123,0.0018796920776367188
2025-12-04 16:00:00+00:00,1.1674060821533203,1.1674060821533203,1.1653653383255005,1.1656370162963867,0,1.164736419795683,1.1606114625930786,56.698366215914724,3.8041312628961724e-05,0.0019293512616838729
2025-12-04 20:00:00+00:00,1.1653653383255005,1.1655012369155884,1.1644154787063599,1.1645511388778687,0,1.1647187739939866,1.160837094783783,52.46493103787832,-0.0001717042526618905,0.0018143228122166225
2025-12-05 00:00:00+00:00,1.1648223400115967,1.1657729148864746,1.1648223400115967,1.1652295589447021,0,1.164767420179769,1.1610789561271668,54.73872804754244,-0.00026792691208115467,0.0016800590923854283
2025-12-05 04:00:00+00:00,1.1652295589447021,1.1675423383712769,1.1652295589447021,1.1665889024734497,0,1.1649408946839293,1.161366605758667,58.973387091185536,-0.00024388585839062952,0.0017487236431666783
2025-12-05 08:00:00+00:00,1.1663167476654053,1.1667250394821167,1.1645511388778687,1.164958119392395,0,1.1649425351323546,1.1616216397285462,52.613615778019614,-0.00033599314053045027,0.0018266098839896066
2025-12-05 12:00:00+00:00,1.1650937795639038,1.1663167476654053,1.1645511388778687,1.1650937795639038,0,1.1649569393639305,1.161874074935913,53.067039487709366,-0.0003825754554950896,0.0018364276204790389
2025-12-05 16:00:00+00:00,1.1650937795639038,1.1652295589447021,1.1631964445114136,1.164686679840088,0,1.1649312003616599,1.1621077370643615,51.47526203137358,-0.0004319473827588964,0.0017682313919067383
2025-12-05 20:00:00+00:00,1.1645511388778687,1.164958119392395,1.1644154787063599,1.1645511388778687,0,1.1648950040298702,1.1622666764259337,50.92753448703553,-0.00046216488574402125,0.00167083740234375
2025-12-08 00:00:00+00:00,1.1644154787063599,1.1659088134765625,1.1644154787063599,1.1653653383255005,0,1.1649397977723113,1.1623990106582642,54.08790532048989,-0.0004171291337848441,0.0016315749713352748
2025-12-08 04:00:00+00:00,1.1653653383255005,1.1674060821533203,1.1653653383255005,1.16604483127594,0,1.165045039058371,1.1625851464271546,56.59996023723923,-0.0003349328803393097,0.0017092313085283553
2025-12-08 08:00:00+00:00,1.1661807298660278,1.1667250394821167,1.1648223400115967,1.1655012369155884,0,1.1650884864733442,1.16270676612854,54.052023451553815,-0.00031104520294484715,0.0017576813697814941
2025-12-08 12:00:00+00:00,1.1653653383255005,1.1664528846740723,1.1621150970458984,1.1627906560897827,0,1.1648696454844334,1.1627983450889587,43.52933605588735,-0.000462539521729929,0.001980083329336984
2025-12-08 16:00:00+00:00,1.1627906560897827,1.1648223400115967,1.1619800329208374,1.1642799377441406,0,1.1648134828425007,1.1629277539253235,49.362282573009374,-0.0004469386625119817,0.002037005765097482
2025-12-08 20:00:00+00:00,1.1642799377441406,1.1645511388778687,1.163061261177063,1.1644154787063599,0,1.1647755776866777,1.1630303478240966,49.869790729107265,-0.0004127975104814092,0.001977954592023577
2025-12-09 00:00:00+00:00,1.1644154787063599,1.1655012369155884,1.1640088558197021,1.164958119392395,0,1.1647929626110316,1.1631330370903015,51.94624653923782,-0.0003419043953646194,0.0019193206514630998
2025-12-09 04:00:00+00:00,1.164958119392395,1.1653653383255005,1.1641442775726318,1.1644154787063599,0,1.1647570117629678,1.1632114124298096,49.72800469851716,-0.0003201730485021476,0.0019192865916660853
2025-12-09 08:00:00+00:00,1.1644154787063599,1.1659088134765625,1.1637378931045532,1.164686679840088,0,1.1647503134845982,1.1632925176620483,50.857478057446265,-0.00027772731587531534,0.001987082617623465
2025-12-09 12:00:00+00:00,1.164686679840088,1.164686679840088,1.1619800329208374,1.1631964445114136,0,1.1646023259633427,1.1633680415153504,44.889312519089756,-0.00033630104626064365,0.0020152160099574496
2025-12-09 16:00:00+00:00,1.1631964445114136,1.1642799377441406,1.1621150970458984,1.163061261177063,0,1.164455557888459,1.1634489226341247,44.3805307805963,-0.00036787853651420885,0.0020145688738141742
2025-12-09 20:00:00+00:00,1.1631964445114136,1.1634671688079834,1.1627906560897827,1.1631964445114136,0,1.1643356423287405,1.1635190677642822,45.051235215888454,-0.0003627873234693258,0.0019367762974330357
2025-12-10 00:00:00+00:00,1.1631964445114136,1.1631964445114136,1.162520408630371,1.1629259586334229,0,1.1642013867387102,1.1635811138153076,43.910259332299376,-0.000360041763108078,0.0018398421151297434
2025-12-10 04:00:00+00:00,1.163061261177063,1.1652295589447021,1.1629259586334229,1.1652295589447021,0,1.1642993079011856,1.1636811566352845,54.48305983515149,-0.00019381756414548984,0.0019656249455043246
2025-12-10 08:00:00+00:00,1.1650937795639038,1.16604483127594,1.163061261177063,1.1637378931045532,0,1.164245839825316,1.1637755703926087,48.15337049227312,-0.00017560513871374986,0.0020720703261239187
2025-12-10 12:00:00+00:00,1.163873314857483,1.1653653383255005,1.1631964445114136,1.1645511388778687,0,1.1642749159255592,1.1639023590087891,51.464066080434684,-0.0001036240367924869,0.002081223896571568
2025-12-10 16:00:00+00:00,1.1645511388778687,1.1683608293533325,1.1641442775726318,1.1683608293533325,0,1.164664050537728,1.1641294622421265,63.29000450469559,0.00018974714236494517,0.0022464990615844727
2025-12-10 20:00:00+00:00,1.1680878400802612,1.1706860065460205,1.1678149700164795,1.1704120635986328,0,1.1652114803530522,1.1643169903755188,67.83438174199998,0.0004938492902571993,0.0021417311259678434
2025-12-11 00:00:00+00:00,1.170548915863037,1.1709601879119873,1.1694538593292236,1.1695905923843384,0,1.1656285386417462,1.1644961738586426,64.39632603207228,0.0006042809306660691,0.002046304089682443
2025-12-11 04:00:00+00:00,1.1694538593292236,1.1702749729156494,1.1686338186264038,1.1697274446487427,0,1.1660189106424124,1.1646861743927002,64.71715308393314,0.0006473153270533425,0.0020571095602852957
2025-12-11 08:00:00+00:00,1.1697274446487427,1.17205810546875,1.1690436601638794,1.1716461181640625,0,1.166554835168284,1.1649199318885803,68.94262044167387,0.0007580868094252658,0.002165828432355608
2025-12-11 12:00:00+00:00,1.1716461181640625,1.1760554313659668,1.1713716983795166,1.1760554313659668,0,1.1674596538537776,1.16521493434906,76.04320871966796,0.0010627267338854756,0.0024131621633257183
2025-12-11 16:00:00+00:00,1.1760554313659668,1.1764705181121826,1.1743981838226318,1.1743981838226318,0,1.1681204662317637,1.1654416728019714,69.60220380015465,0.0010833340103936513,0.0024061203002929688
2025-12-11 20:00:00+00:00,1.1742602586746216,1.1749500036239624,1.17384672164917,1.1742602586746216,0,1.1687052083691787,1.1656602430343628,69.07779206376358,0.0010193253268155247,0.0022915942328316824
2025-12-12 00:00:00+00:00,1.1745359897613525,1.1749500036239624,1.1735711097717285,1.17384672164917,0,1.1691948763006064,1.1659137678146363,67.43718539656399,0.0008857242849546953,0.002235455172402518
2025-12-12 04:00:00+00:00,1.17384672164917,1.1746740341186523,1.1735711097717285,1.1741223335266113,0,1.1696641579411782,1.1661755013465882,67.98296258678684,0.000757468816725997,0.0022659131458827426
2025-12-12 08:00:00+00:00,1.1741223335266113,1.1745359897613525,1.1726078987121582,1.1730204820632935,0,1.1699838078575702,1.1664044094085693,63.40741280914622,0.0005496542970101661,0.0023553456578935894
2025-12-12 12:00:00+00:00,1.1728830337524414,1.1748120784759521,1.172333002090454,1.1739845275878906,0,1.1703648287842674,1.1666525983810425,65.58960042633268,0.00043345563178835093,0.002367879663194929
2025-12-12 16:00:00+00:00,1.1742602586746216,1.175364375114441,1.1730204820632935,1.1743981838226318,0,1.1707489578355401,1.166911759376526,66.51240480582304,0.0003446588435767348,0.0023221884454999652
2025-12-12 20:00:00+00:00,1.1745359897613525,1.1749500036239624,1.1742602586746216,1.1743981838226318,0,1.1710965031676441,1.167181706428528,66.51240480582305,0.0002505077736334243,0.0022165349551609586
2025-12-15 00:00:00+00:00,1.1741223335266113,1.1748120784759521,1.1731581687927246,1.1737089157104492,0,1.171345304362197,1.1674027729034424,63.235248612379394,0.00011337785974186365,0.002033489091055734
2025-12-15 04:00:00+00:00,1.1737089157104492,1.1741223335266113,1.1731581687927246,1.1731581687927246,0,1.1715179581174855,1.1676020073890685,60.66326132933013,-3.4920096271925244e-05,0.0018972839627947127
2025-12-15 08:00:00+00:00,1.1732958555221558,1.175364375114441,1.1730204820632935,1.1752262115478516,0,1.1718711251108538,1.167823646068573,66.2193559511223,-1.523931190749745e-05,0.0019571099962506977
2025-12-15 12:00:00+00:00,1.1752262115478516,1.177163004875183,1.1748120784759521,1.1766090393066406,0,1.172322355034262,1.1680675172805786,69.33799486627363,6.500150659469921e-05,0.002007808004106794
2025-12-15 16:00:00+00:00,1.1766090393066406,1.176747441291809,1.1742602586746216,1.175364375114441,0,1.1726120712323744,1.1682375812530517,63.642719976944846,1.1165275360164404e-05,0.0019701463835580008
2025-12-15 20:00:00+00:00,1.1752262115478516,1.1759172677993774,1.1750881671905518,1.1757789850234985,0,1.1729136820696244,1.1684241032600402,64.6833470378449,-1.802012008917525e-05,0.0016948154994419643
2025-12-16 00:00:00+00:00,1.1756407022476196,1.1763322353363037,1.1750881671905518,1.1755025386810303,0,1.1731602398421392,1.1685805821418762,63.380729802714605,-7.428542661869772e-05,0.0016356536320277623
2025-12-16 04:00:00+00:00,1.1755025386810303,1.1757789850234985,1.1749500036239624,1.175364375114441,0,1.1733701574871203,1.168747923374176,62.701108589947104,-0.00013558018122950466,0.001616060733795166
2025-12-16 08:00:00+00:00,1.1756407022476196,1.176747441291809,1.1750881671905518,1.1766090393066406,0,1.1736786224223126,1.1689619278907777,66.21564953345835,-0.00010825627245321465,0.0016360878944396973
2025-12-16 12:00:00+00:00,1.176747441291809,1.1806375980377197,1.1761938333511353,1.1773016452789307,0,1.174023672218181,1.1691707372665405,68.02137289965462,-6.180459468666574e-05,0.0018747193472726004
2025-12-16 16:00:00+00:00,1.1773016452789307,1.1781338453292847,1.1743981838226318,1.1761938333511353,0,1.1742303542308432,1.1693273973464966,62.2868595627922,-0.00012055667469533168,0.00200383152280535
2025-12-16 20:00:00+00:00,1.1761938333511353,1.1766090393066406,1.1748120784759521,1.1752262115478516,0,1.1743251977848441,1.1694783496856689,57.71040076874514,-0.0002329471715405737,0.0019551089831760953
2025-12-17 00:00:00+00:00,1.1752262115478516,1.1755025386810303,1.1741223335266113,1.1742602586746216,0,1.1743190131076802,1.1696508145332336,53.48561139153724,-0.00037242805240753855,0.0018862741334097727
2025-12-17 04:00:00+00:00,1.1742602586746216,1.1742602586746216,1.170823097229004,1.1716461181640625,0,1.1740644516844785,1.1697927141189575,44.08065683477228,-0.0006259114885768312,0.0020825181688581195
2025-12-17 08:00:00+00:00,1.171783447265625,1.1730204820632935,1.1709601879119873,1.1713716983795166,0,1.1738079989887678,1.1699155569076538,43.22146450695161,-0.0007868194076162513,0.0021115456308637348
2025-12-17 12:00:00+00:00,1.1712344884872437,1.1760554313659668,1.1712344884872437,1.1757789850234985,0,1.1739957119444564,1.1700993585586548,57.53665414870257,-0.0005806988394646637,0.0023870297840663363
2025-12-17 16:00:00+00:00,1.1756407022476196,1.1759172677993774,1.1745359897613525,1.1748120784759521,0,1.1740734611379322,1.170296437740326,54.30200857984362,-0.000496982031115774,0.0023182715688432965
2025-12-17 20:00:00+00:00,1.1748120784759521,1.1749500036239624,1.1742602586746216,1.1745359897613525,0,1.1741175114830198,1.1704852819442748,53.3792180233021,-0.00044915499868484554,0.002199615750994001
2025-12-18 00:00:00+00:00,1.1745359897613525,1.1749500036239624,1.1739845275878906,1.1742602586746216,0,1.1741311064536486,1.1706767535209657,52.4211083874913,-0.00042528361649759217,0.0020909224237714496
2025-12-18 04:00:00+00:00,1.1742602586746216,1.1752262115478516,1.17384672164917,1.17384672164917,0,1.1741040221865555,1.1708626651763916,50.944208127152486,-0.000425503694766031,0.0021302359444754465
2025-12-18 08:00:00+00:00,1.1737089157104492,1.1739845275878906,1.17205810546875,1.1724703311920166,0,1.173948432568028,1.1710047650337219,46.271482132449684,-0.000501289544471651,0.0021789755140032086
2025-12-18 12:00:00+00:00,1.1726078987121582,1.1763322353363037,1.1716461181640625,1.1730204820632935,0,1.1738600563294819,1.171144278049469,48.312224479502596,-0.0004963758291892001,0.0024544852120535715
2025-12-18 16:00:00+00:00,1.1730204820632935,1.1749500036239624,1.1719207763671875,1.1728830337524414,0,1.17376700656024,1.1712919139862061,47.82349680771244,-0.0004838884075822142,0.0025523390088762555
2025-12-18 20:00:00+00:00,1.1728830337524414,1.1731581687927246,1.17205810546875,1.1728830337524414,0,1.1736828186737829,1.1714937615394592,47.82349680771244,-0.0004574340351977857,0.0023135031972612652
2025-12-19 00:00:00+00:00,1.1728830337524414,1.1731581687927246,1.172195553779602,1.1724703311920166,0,1.1735673436755194,1.1716575694084168,46.19614028321014,-0.00044890735912718504,0.0021154284477233887
2025-12-19 04:00:00+00:00,1.1724703311920166,1.1726078987121582,1.170823097229004,1.1709601879119873,0,1.1733190431266116,1.1717884635925293,40.7339859705278,-0.000521077350465771,0.0021145599228995188
2025-12-19 08:00:00+00:00,1.1712344884872437,1.17205810546875,1.1710972785949707,1.1716461181640625,0,1.1731597169397021,1.1719222235679627,43.97433491585947,-0.0004987072563052044,0.0020943965230669293
2025-12-19 12:00:00+00:00,1.1713716983795166,1.1741223335266113,1.1706860065460205,1.1713716983795166,0,1.1729894294577796,1.1720613479614257,42.96230402134568,-0.00047840458646943084,0.002094336918422154
2025-12-19 16:00:00+00:00,1.1713716983795166,1.1730204820632935,1.1712344884872437,1.1727453470230103,0,1.1729661835116112,1.1722225213050843,49.257526077757184,-0.0003541957799365507,0.002074744020189558
2025-12-19 20:00:00+00:00,1.1727453470230103,1.1728830337524414,1.1710972785949707,1.1715089082717896,0,1.1728273953935329,1.1723887705802918,44.49693570798651,-0.0003371342468631603,0.001857944897242955
2025-12-22 00:00:00+00:00,1.1713716983795166,1.172333002090454,1.1713716983795166,1.172195553779602,0,1.1727672200017298,1.1725714564323426,47.529751267026676,-0.00026462980088371097,0.001827946731022426
2025-12-22 04:00:00+00:00,1.17205810546875,1.173433542251587,1.1716461181640625,1.1732958555221558,0,1.1728175662417704,1.1727734446525573,52.05113408141548,-0.00013417389469818792,0.0019063523837498256
2025-12-22 08:00:00+00:00,1.1732958555221558,1.1741223335266113,1.1727453470230103,1.1735711097717285,0,1.1728893322922427,1.1729863476753235,53.13900306628876,-2.6580644226400666e-05,0.0019357459885733469
2025-12-22 12:00:00+00:00,1.1737089157104492,1.1773016452789307,1.1737089157104492,1.176747441291809,0,1.1732567712445825,1.1732167053222655,63.44558330504027,0.0002462430772112104,0.002103677817753383
2025-12-22 16:00:00+00:00,1.1766090393066406,1.176747441291809,1.1752262115478516,1.1759172677993774,0,1.1735101518688487,1.1734602928161622,59.74690789288202,0.0003520811587513555,0.0020747355052403043
2025-12-22 20:00:00+00:00,1.1757789850234985,1.176885962486267,1.1756407022476196,1.176885962486267,0,1.173831657641936,1.17370698928833,62.494442609822954,0.00046170476967045054,0.0018289600099836076
2025-12-23 00:00:00+00:00,1.176747441291809,1.1782727241516113,1.176747441291809,1.1778563261032104,0,1.1742149594001527,1.1738968992233276,65.06670773357027,0.0005670086148915881,0.0017215354101998465
2025-12-23 04:00:00+00:00,1.1781338453292847,1.1784114837646484,1.1773016452789307,1.1784114837646484,0,1.1746146283872476,1.174056887626648,66.48299648717114,0.0006362949116769587,0.001722233636038644
2025-12-23 08:00:00+00:00,1.1782727241516113,1.18035888671875,1.177994966506958,1.179940938949585,0,1.175121896059851,1.1742638945579529,70.0817609177748,0.0007401011517112532,0.001822326864515032
2025-12-23 12:00:00+00:00,1.179940938949585,1.1804981231689453,1.176885962486267,1.1778563261032104,0,1.1753823179687426,1.1744264721870423,60.54046578926697,0.0006277739099088953,0.001952852521623884
2025-12-23 16:00:00+00:00,1.1778563261032104,1.1793843507766724,1.1773016452789307,1.1793843507766724,0,1.1757634639504502,1.1745812368392945,64.36969612441277,0.0006149860315298063,0.0020231945174080984
2025-12-23 20:00:00+00:00,1.1793843507766724,1.1816140413284302,1.1791062355041504,1.1798018217086792,0,1.176148069451234,1.1746561646461486,65.35878033422607,0.000592983236573498,0.001956871577671596
2025-12-24 00:00:00+00:00,1.179940938949585,1.1811953783035278,1.1791062355041504,1.1791062355041504,0,1.1764297995515118,1.174750325679779,62.25767823520011,0.0004939738984053499,0.00197852509362357
2025-12-24 04:00:00+00:00,1.1791062355041504,1.1807769536972046,1.1789672374725342,1.1792453527450562,0,1.1766979474747064,1.1748500275611877,62.63948155389501,0.00040403154136151986,0.0019802365984235492
2025-12-24 08:00:00+00:00,1.1795234680175781,1.18035888671875,1.1784114837646484,1.1796625852584839,0,1.1769802939303042,1.174966344833374,63.821550763687746,0.0003413149167632431,0.0020506722586495535
2025-12-24 12:00:00+00:00,1.1796625852584839,1.1796625852584839,1.1778563261032104,1.1782727241516113,0,1.1771033825228097,1.175049352645874,57.31600328092595,0.00018284814402383864,0.0020520176206316266
2025-12-24 16:00:00+00:00,1.1781338453292847,1.1786893606185913,1.1777175664901733,1.178550362586975,0,1.1772411901479682,1.1751599502563477,58.23191565246852,7.867330079529928e-05,0.0020230753081185477
2025-12-24 20:00:00+00:00,1.178550362586975,1.1791062355041504,1.177994966506958,1.1781338453292847,0,1.1773262049271411,1.1752429366111756,56.28078179821369,-3.049010242564586e-05,0.0018359848431178502
2025-12-25 00:00:00+00:00,1.1774401664733887,1.1795234680175781,1.177163004875183,1.1784114837646484,0,1.1774295648164275,1.1753232026100158,57.30763294647647,-9.26888246570506e-05,0.001895930085863386
2025-12-25 04:00:00+00:00,1.1784114837646484,1.1798018217086792,1.177994966506958,1.178550362586975,0,1.1775363074612415,1.1754062461853028,57.841048927682024,-0.0001308344926593645,0.0019360440117972238
2025-12-25 08:00:00+00:00,1.178550362586975,1.1786893606185913,1.178550362586975,1.1786893606185913,0,1.1776461220476557,1.1755058550834656,58.401262017288275,-0.0001515987073744758,0.0018370236669267928
2025-12-25 20:00:00+00:00,1.177994966506958,1.1792453527450562,1.177994966506958,1.178828239440918,0,1.1777587046565379,1.1756192564964294,58.98765679837249,-0.00016004215299583865,0.0018470627920968191
2025-12-26 00:00:00+00:00,1.1786893606185913,1.1796625852584839,1.1781338453292847,1.178828239440918,0,1.1778605651121932,1.1756912970542908,58.98765679837249,-0.00016881871342573455,0.0017874070576259068
2025-12-26 04:00:00+00:00,1.1786893606185913,1.1791062355041504,1.1774401664733887,1.1775789260864258,0,1.1778337423478344,1.1757106947898865,51.42477875574614,-0.0002566874696271356,0.0016484005110604422
2025-12-26 08:00:00+00:00,1.1775789260864258,1.178550362586975,1.177024483680725,1.177994966506958,0,1.1778490970296558,1.1757633066177369,53.560113326523066,-0.00028265942645359205,0.0016086271830967494
2025-12-26 12:00:00+00:00,1.1781338453292847,1.179940938949585,1.1777175664901733,1.177994966506958,0,1.1778629893608275,1.175807626247406,53.560113326523066,-0.0002943806653617209,0.001588310514177595
2025-12-26 16:00:00+00:00,1.1781338453292847,1.1782727241516113,1.1764705181121826,1.177994966506958,0,1.17787555861284,1.1758574748039246,53.560113326523066,-0.00029588443056527414,0.001567815031324114
2025-12-26 20:00:00+00:00,1.1781338453292847,1.1784114837646484,1.176885962486267,1.1777175664901733,0,1.1778605117440146,1.1759045386314393,51.668627565733935,-0.00030793389188525926,0.0015475153923034668
2025-12-29 00:00:00+00:00,1.1778563261032104,1.1789672374725342,1.1775789260864258,1.1777175664901733,0,1.1778468979103154,1.1759267091751098,51.668627565733935,-0.0003075566739111936,0.001507580280303955
2025-12-29 04:00:00+00:00,1.1775789260864258,1.1782727241516113,1.1757789850234985,1.177994966506958,0,1.1778609996814242,1.1759405755996704,53.57026265552237,-0.0002810064236036711,0.0015566859926496232
2025-12-29 08:00:00+00:00,1.1781338453292847,1.1792453527450562,1.1761938333511353,1.176885962486267,0,1.1777681389961712,1.1759544181823731,45.81010318683776,-0.00032727982797652706,0.0017052377973284041
2025-12-29 12:00:00+00:00,1.176885962486267,1.1792453527450562,1.1760554313659668,1.177163004875183,0,1.1777105071751248,1.1759931540489197,47.84273836867137,-0.00032757177922028684,0.0018537129674639022
2025-12-29 16:00:00+00:00,1.177024483680725,1.177163004875183,1.175364375114441,1.177024483680725,0,1.1776451716042295,1.1760484385490417,46.895569070456695,-0.0003248018365977455,0.0018135820116315568
2025-12-29 20:00:00+00:00,1.177163004875183,1.1778563261032104,1.176885962486267,1.1775789260864258,0,1.177638862507296,1.176167094707489,51.07101340854979,-0.00027529435602884067,0.0017538326127188547
2025-12-30 00:00:00+00:00,1.1777175664901733,1.177994966506958,1.1773016452789307,1.1775789260864258,0,1.177633154276737,1.1762912392616272,51.07101340854979,-0.00023384372359996908,0.0017934271267482213
2025-12-30 04:00:00+00:00,1.1775789260864258,1.1782727241516113,1.177024483680725,1.1773016452789307,0,1.1776015819912318,1.176321692466736,48.843543525643135,-0.00021677831435193976,0.001793273857661656
2025-12-30 08:00:00+00:00,1.1774401664733887,1.1781338453292847,1.176747441291809,1.177024483680725,0,1.1775466202473739,1.1763659405708313,46.65317832319219,-0.00021538999823896184,0.001783107008252825
2025-12-30 12:00:00+00:00,1.176885962486267,1.177163004875183,1.1749500036239624,1.1763322353363037,0,1.1774309645415577,1.1764018654823303,41.631540351392815,-0.0002498995072621427,0.0018221735954284668
2025-12-30 16:00:00+00:00,1.1761938333511353,1.177024483680725,1.1749500036239624,1.1750881671905518,0,1.1772078409843192,1.176418423652649,34.45406704793953,-0.00033974631117971945,0.0018613593918936594
2025-12-30 20:00:00+00:00,1.1750881671905518,1.175364375114441,1.1746740341186523,1.1749500036239624,0,1.1769928088547614,1.1764404892921447,33.757986197759465,-0.0003882169443353485,0.001751857144492013
2025-12-31 00:00:00+00:00,1.1749500036239624,1.1752262115478516,1.1742602586746216,1.1746740341186523,0,1.176771973165608,1.1764845633506775,32.35202633777506,-0.000416122512687982,0.0016921247754778182
2025-12-31 04:00:00+00:00,1.1746740341186523,1.1746740341186523,1.1732958555221558,1.1739845275878906,0,1.1765065021582064,1.1765038442611695,29.09192687587131,-0.0004551179803160235,0.0016816002982003348
2025-12-31 08:00:00+00:00,1.1739845275878906,1.1750881671905518,1.172333002090454,1.1750881671905518,0,1.1763714226374775,1.1765479469299316,39.585926777055796,-0.0003835484720557247,0.0017792327063424246
2025-12-31 12:00:00+00:00,1.1752262115478516,1.1761938333511353,1.1724703311920166,1.1748120784759521,0,1.1762229136697133,1.1765865278244019,38.06813218021881,-0.00033360762415343085,0.0018670729228428432
2025-12-31 16:00:00+00:00,1.1746740341186523,1.1750881671905518,1.1732958555221558,1.1743981838226318,0,1.176049129874753,1.1766250848770141,35.84903895366466,-0.0003078752771289835,0.0017771295138767787
2025-12-31 20:00:00+00:00,1.1745359897613525,1.1756407022476196,1.1743981838226318,1.1749500036239624,0,1.1759444511842017,1.1767048811912537,40.803560408903465,-0.0002363339311658092,0.0016380293028695242
2026-01-01 00:00:00+00:00,1.1749500036239624,1.1749500036239624,1.1749500036239624,1.1749500036239624,0,1.1758497418927505,1.1767709589004516,40.803560408903465,-0.0001745079054421947,0.0015095557485307967
2026-01-01 04:00:00+00:00,1.1749500036239624,1.1749500036239624,1.1749500036239624,1.1749500036239624,0,1.1757640525338184,1.1768425250053405,40.80356040890345,-0.00012161453784299316,0.001440244061606271
2026-01-01 08:00:00+00:00,1.1749500036239624,1.1749500036239624,1.1749500036239624,1.1749500036239624,0,1.175686524066213,1.1768866181373596,40.80356040890345,-7.681556090171758e-05,0.001390721116747175
2026-01-01 20:00:00+00:00,1.1748120784759521,1.1757789850234985,1.1742602586746216,1.175364375114441,0,1.1756558432136635,1.1769637274742126,45.087113372134326,-1.2819128931914475e-05,0.001410041536603655
2026-01-02 00:00:00+00:00,1.175364375114441,1.176885962486267,1.175364375114441,1.176885962486267,0,1.1757729974301019,1.177057535648346,57.30458862360259,0.00013054424549761303,0.0014196974890572684
2026-01-02 04:00:00+00:00,1.176747441291809,1.176885962486267,1.1737089157104492,1.1741223335266113,0,1.1756157913440552,1.177074065208435,39.928341392667605,4.2367904912838966e-05,0.0014885578836713517
2026-01-02 08:00:00+00:00,1.1737089157104492,1.1739845275878906,1.1716461181640625,1.1724703311920166,0,1.1753162237105277,1.1770520496368408,33.40721691705282,-0.00011546584467173732,0.0015172532626560756
2026-01-02 12:00:00+00:00,1.1724703311920166,1.1755025386810303,1.1719207763671875,1.175364375114441,0,1.1753208095585195,1.1770243883132934,49.09276984536866,-1.830438102151102e-05,0.001723783356802804
2026-01-02 16:00:00+00:00,1.1755025386810303,1.1755025386810303,1.171783447265625,1.1727453470230103,0,1.1750755274122806,1.176960949897766,39.927169569184514,-0.00011819987926612978,0.001920436109815325
2026-01-02 20:00:00+00:00,1.1727453470230103,1.1727453470230103,1.1719207763671875,1.172333002090454,0,1.1748143345244875,1.1768698906898498,38.70203890295042,-0.0001952754110915541,0.0018808926854814803
2026-01-05 00:00:00+00:00,1.1710972785949707,1.1713716983795166,1.1675423383712769,1.1679514646530151,0,1.1741607278700616,1.176671793460846,28.644260724667205,-0.0005068669240645717,0.0020262854439871652
2026-01-05 04:00:00+00:00,1.1678149700164795,1.1695905923843384,1.1676785945892334,1.1690436601638794,0,1.1736733880885204,1.1764844369888305,33.2976349959811,-0.0005986382673296891,0.0018968922751290457
2026-01-05 08:00:00+00:00,1.1689070463180542,1.1697274446487427,1.1678149700164795,1.1684973239898682,0,1.1731804296029344,1.1762555646896362,32.1675746267495,-0.0006510226279038112,0.001905475343976702
2026-01-05 12:00:00+00:00,1.1684973239898682,1.1706860065460205,1.1663167476654053,1.1706860065460205,0,1.172942865502276,1.1761121582984924,40.831006090725424,-0.0004999475979236873,0.0021288139479500906
2026-01-05 16:00:00+00:00,1.170823097229004,1.1731581687927246,1.170823097229004,1.1730204820632935,0,1.1729502575557063,1.1759848809242248,48.40084166819195,-0.00021882411843437174,0.002305396965571812
2026-01-05 20:00:00+00:00,1.1730204820632935,1.1731581687927246,1.1716461181640625,1.171783447265625,0,1.1728391327661747,1.1758245134353638,45.107630694025225,-9.835244774971026e-05,0.00241340058190482
2026-01-06 00:00:00+00:00,1.1719207763671875,1.1741223335266113,1.1713716983795166,1.17384672164917,0,1.1729350936121743,1.175719323158264,51.0857158279973,0.0001259526444154042,0.002609874520983015
2026-01-06 04:00:00+00:00,1.17384672164917,1.1748120784759521,1.1728830337524414,1.1731581687927246,0,1.1729563388674649,1.1755975794792175,49.16155780247921,0.00022767781275883844,0.0026391829763139996
2026-01-06 08:00:00+00:00,1.1732958555221558,1.1741223335266113,1.170823097229004,1.1709601879119873,0,1.1727662292526575,1.1754235315322876,43.52571953011643,0.00015039256420021634,0.002766157899584089
2026-01-06 12:00:00+00:00,1.1712344884872437,1.17205810546875,1.168770432472229,1.169864296913147,0,1.1724898547441327,1.1752553629875182,41.00186329930657,3.4948501277190036e-05,0.002774059772491455
2026-01-06 16:00:00+00:00,1.1701380014419556,1.170548915863037,1.168770432472229,1.1693171262741089,0,1.1721876901279398,1.175070698261261,39.76212962356017,-6.342260194125687e-05,0.002724221774509975
2026-01-06 20:00:00+00:00,1.1695905923843384,1.1697274446487427,1.1686338186264038,1.1691803932189941,0,1.1719012808985163,1.1748916292190552,39.441199608592974,-0.0001195982083063837,0.002546497753688267
2026-01-07 00:00:00+00:00,1.1691803932189941,1.170548915863037,1.1689070463180542,1.1702749729156494,0,1.1717463944239574,1.1747288990020752,43.380891684633525,-6.752958483918704e-05,0.002398124762943813
2026-01-07 04:00:00+00:00,1.1702749729156494,1.170548915863037,1.1683608293533325,1.1686338186264038,0,1.1714499586337144,1.1745305681228637,39.25715827259713,-0.00012477933665668798,0.002495518752506801
2026-01-07 08:00:00+00:00,1.1684973239898682,1.169864296913147,1.1676785945892334,1.1691803932189941,0,1.1712338095465982,1.1743403887748718,41.259840034723965,-0.00010764645800904245,0.0023094500814165387
2026-01-07 12:00:00+00:00,1.1693171262741089,1.1701380014419556,1.1683608293533325,1.1694538593292236,0,1.1710642904782769,1.174152901172638,42.28512213434705,-6.197391868690205e-05,0.0022998196738106863
2026-01-07 16:00:00+00:00,1.1694538593292236,1.169864296913147,1.1682243347167969,1.1686338186264038,0,1.1708328169685749,1.1739490127563477,40.02881821432418,-7.04513020215495e-05,0.0022803544998168945
2026-01-07 20:00:00+00:00,1.1684973239898682,1.168770432472229,1.1675423383712769,1.1679514646530151,0,1.170558402462331,1.1737564635276794,38.20216147478383,-0.0001034769911973073,0.0020559855869838168
2026-01-08 00:00:00+00:00,1.1680878400802612,1.1686338186264038,1.1675423383712769,1.1683608293533325,0,1.1703491097852834,1.1735637807846069,39.971959440306044,-8.025104139950182e-05,0.0019573654447283062
2026-01-08 04:00:00+00:00,1.1682243347167969,1.1686338186264038,1.1678149700164795,1.1682243347167969,0,1.1701467502549514,1.1733683681488036,39.565092437005134,-5.763775603034047e-05,0.001907851014818464
2026-01-08 08:00:00+00:00,1.1680878400802612,1.1683608293533325,1.1672697067260742,1.1680878400802612,0,1.1699506635716475,1.1731702256202698,39.13609059566926,-3.646253453672317e-05,0.0017893144062587193
2026-01-08 12:00:00+00:00,1.1679514646530151,1.1680878400802612,1.16604483127594,1.1669973134994507,0,1.1696693921362002,1.1729558205604553,35.79650238886836,-7.809968812032687e-05,0.001797454697745187
2026-01-08 16:00:00+00:00,1.1669973134994507,1.1671334505081177,1.1645511388778687,1.1653653383255005,0,1.1692594822494669,1.172708775997162,31.468797821359672,-0.00019129971243615805,0.0017462457929338729
2026-01-08 20:00:00+00:00,1.1653653383255005,1.1668611764907837,1.1653653383255005,1.16604483127594,0,1.1689533250138928,1.1724697732925415,34.99278764123977,-0.0001954713189667892,0.0016182575907026017
2026-01-09 00:00:00+00:00,1.16604483127594,1.1661807298660278,1.164958119392395,1.1659088134765625,0,1.168663371534147,1.1722502303123474,34.609139963093,-0.00018268581514914407,0.001578552382332938
2026-01-09 04:00:00+00:00,1.1661807298660278,1.1661807298660278,1.1644154787063599,1.1653653383255005,0,1.1683492731333236,1.1720142769813537,33.04996906030644,-0.00018552875867988662,0.0016265256064278738
2026-01-09 08:00:00+00:00,1.1655012369155884,1.1655012369155884,1.1642799377441406,1.164958119392395,0,1.168026306110378,1.171772949695587,31.890659627205935,-0.0001888998673573723,0.001596484865461077
2026-01-09 12:00:00+00:00,1.1648223400115967,1.1663167476654053,1.16225004196167,1.1642799377441406,0,1.167669509123117,1.1715069699287415,30.003114240671366,-0.0002092869670834213,0.0017306719507489885
2026-01-09 16:00:00+00:00,1.1645511388778687,1.1645511388778687,1.1631964445114136,1.163873314857483,0,1.1673079668121042,1.1712328577041626,28.898673843751567,-0.00022146338180178255,0.0016713142395019531
2026-01-09 20:00:00+00:00,1.1637378931045532,1.1641442775726318,1.1633317470550537,1.163873314857483,0,1.1669808571021403,1.1709642910957336,28.898673843751567,-0.00020140070791855843,0.0016024112701416016
2026-01-12 00:00:00+00:00,1.1627906560897827,1.1674060821533203,1.1626555919647217,1.1659088134765625,0,1.166878757709228,1.1707419776916503,41.418179274147946,-3.182311686578988e-05,0.0018245918410164969
2026-01-12 04:00:00+00:00,1.1659088134765625,1.1689070463180542,1.1656370162963867,1.1689070463180542,0,1.1670719280529258,1.1705934739112853,54.208318947094654,0.0002840899704191922,0.0019704444067818777
2026-01-12 08:00:00+00:00,1.168770432472229,1.169864296913147,1.1679514646530151,1.1682243347167969,0,1.1671816810685325,1.1704561972618104,51.45355483981052,0.0004396058522085813,0.0020291124071393695
2026-01-12 12:00:00+00:00,1.1682243347167969,1.1701380014419556,1.1676785945892334,1.1684973239898682,0,1.167306980394374,1.1703271436691285,52.49315806934147,0.0005464241199503762,0.0021462951387677875
2026-01-12 16:00:00+00:00,1.1684973239898682,1.1684973239898682,1.1668611764907837,1.1675423383712769,0,1.1673293954397934,1.170184509754181,48.574357323498674,0.0005375081766206631,0.002185225486755371
2026-01-12 20:00:00+00:00,1.1675423383712769,1.1675423383712769,1.1667250394821167,1.1669973134994507,0,1.1672977685883323,1.1700447654724122,46.44338166767635,0.0004814573076720686,0.0020976747785295758
2026-01-13 00:00:00+00:00,1.1671334505081177,1.1671334505081177,1.16604483127594,1.1661807298660278,0,1.167191383948113,1.1698666167259217,43.37321420132032,0.00038037387532336656,0.0019909824643816266
2026-01-13 04:00:00+00:00,1.1661807298660278,1.1671334505081177,1.1657729148864746,1.1668611764907837,0,1.1671599356188433,1.1697075986862182,46.544316098382126,0.0003510338899551941,0.0019813179969787598
2026-01-13 08:00:00+00:00,1.1667250394821167,1.1676785945892334,1.1661807298660278,1.1671334505081177,0,1.1671574132273457,1.169562304019928,47.80388883580468,0.0003413506582858666,0.002000979014805385
2026-01-13 12:00:00+00:00,1.1672697067260742,1.1680878400802612,1.1648223400115967,1.1653653383255005,0,1.16698673942717,1.1693706107139588,41.04095524216084,0.00021350482226017357,0.0021081396511622836
2026-01-13 16:00:00+00:00,1.1655012369155884,1.1657729148864746,1.163873314857483,1.1653653383255005,0,1.16683232027463,1.1691789174079894,41.04095524216084,0.00013064901317831395,0.0021565897124154227
2026-01-13 20:00:00+00:00,1.1652295589447021,1.1653653383255005,1.1644154787063599,1.1645511388778687,0,1.1666150649035099,1.1689709401130677,38.15793857317423,2.807743764992991e-05,0.0019339578492300852
2026-01-14 00:00:00+00:00,1.1645511388778687,1.1652295589447021,1.1640088558197021,1.1650937795639038,0,1.166470180585452,1.1687738156318666,41.126303103857694,5.051746495919715e-06,0.001924387046269008
2026-01-14 04:00:00+00:00,1.164958119392395,1.1655012369155884,1.1645511388778687,1.164958119392395,0,1.1663261747575417,1.1685656905174255,40.601614929810765,-1.0208170659425876e-05,0.001934213297707694
2026-01-14 08:00:00+00:00,1.164958119392395,1.1661807298660278,1.1645511388778687,1.164958119392395,0,1.166195883770385,1.168327133655548,40.601614929810765,-1.111991934282569e-05,0.001711291926247733
2026-01-14 12:00:00+00:00,1.1650937795639038,1.1663167476654053,1.1648223400115967,1.1663167476654053,0,1.1662073946175298,1.168171021938324,48.26750644577157,8.373910829999798e-05,0.0015844617571149553
2026-01-14 16:00:00+00:00,1.1663167476654053,1.1664528846740723,1.163873314857483,1.1641442775726318,0,1.1660109072799203,1.1680045008659363,39.490961501583726,8.115429398395909e-06,0.0016320858682904924
2026-01-14 20:00:00+00:00,1.1640088558197021,1.1652295589447021,1.1640088558197021,1.164958119392395,0,1.1659106417668226,1.1677963757514953,43.626345002608645,2.01617640278271e-05,0.001543607030596052
2026-01-15 00:00:00+00:00,1.1648223400115967,1.164958119392395,1.1637378931045532,1.1642799377441406,0,1.1657553366218052,1.167627067565918,41.10528098269252,-8.736928907308351e-06,0.0015138983726501465
2026-01-15 04:00:00+00:00,1.1642799377441406,1.1642799377441406,1.163061261177063,1.1631964445114136,0,1.1655116326112918,1.1674443364143372,37.38794751149526,-8.763037985778444e-05,0.0015425682067871094
2026-01-15 08:00:00+00:00,1.1631964445114136,1.1644154787063599,1.163061261177063,1.1634671688079834,0,1.1653169217728816,1.1673546504974366,38.87537506541308,-0.00010710112512641473,0.0015615395137241908
2026-01-15 12:00:00+00:00,1.1634671688079834,1.163873314857483,1.15968918800354,1.160496711730957,0,1.164857854149841,1.167183711528778,30.354538325942073,-0.0002949066991855321,0.0017632246017456055
2026-01-15 16:00:00+00:00,1.1606314182281494,1.1621150970458984,1.1602274179458618,1.1617100238800049,0,1.164558060790809,1.1670479655265809,36.47888431804504,-0.00031070567423566067,0.0017910684858049666
2026-01-15 20:00:00+00:00,1.1617100238800049,1.1618449687957764,1.1606314182281494,1.16130530834198,0,1.1642482748433014,1.1668603515625,35.36185654868129,-0.0003204166228703222,0.001644500664302281
2026-01-16 00:00:00+00:00,1.16130530834198,1.1617100238800049,1.1606314182281494,1.1615750789642334,0,1.1639936847595806,1.1666314435005187,36.752122344774634,-0.00028202822519480283,0.0015858582087925502
2026-01-16 04:00:00+00:00,1.1615750789642334,1.1617100238800049,1.1607661247253418,1.1615750789642334,0,1.1637633413505,1.166427276134491,36.752122344774634,-0.00023207780383658803,0.001585432461329869
2026-01-16 08:00:00+00:00,1.1615750789642334,1.1626555919647217,1.161170482635498,1.16225004196167,0,1.1636192175991829,1.166195342540741,40.46761915944246,-0.00013389549973517835,0.001604318618774414
2026-01-16 12:00:00+00:00,1.16225004196167,1.1629259586334229,1.1590172052383423,1.15968918800354,0,1.1632449290662645,1.1659259629249572,32.63446077200983,-0.00021682636827423623,0.0018156511443001883
2026-01-16 16:00:00+00:00,1.1598236560821533,1.1609008312225342,1.1592857837677002,1.1599582433700562,0,1.1629319113809113,1.1657059240341185,34.078236059363874,-0.00022783569844601241,0.001814612320491246
2026-01-16 20:00:00+00:00,1.1599582433700562,1.1606314182281494,1.1599582433700562,1.1603620052337646,0,1.1626871584145164,1.165515878200531,36.28507829997038,-0.0001840729368465968,0.0017559528350830078
2026-01-19 00:00:00+00:00,1.1627906560897827,1.1641442775726318,1.161170482635498,1.1627906560897827,0,1.1626970153359704,1.1653853487968444,47.63962258661134,2.1369018922476682e-05,0.001841860158102853
2026-01-19 04:00:00+00:00,1.1629259586334229,1.1644154787063599,1.1626555919647217,1.1629259586334229,0,1.1627188194595375,1.165260260105133,48.193531183783314,0.00017097391861976168,0.001880373273577009
2026-01-19 08:00:00+00:00,1.163061261177063,1.1633317470550537,1.161440134048462,1.1631964445114136,0,1.1627643075597163,1.1651186895370484,49.34715054636003,0.0002859760977020954,0.0019283294677734375
2026-01-19 12:00:00+00:00,1.163061261177063,1.164686679840088,1.1629259586334229,1.1642799377441406,0,1.1629086532915662,1.165031611919403,53.78644744485737,0.00042449379028238095,0.0019670469420296805
2026-01-19 16:00:00+00:00,1.1642799377441406,1.1652295589447021,1.1641442775726318,1.164686679840088,0,1.1630779891533303,1.164941737651825,55.367826382918736,0.0005263330410672075,0.0019478372165134975
2026-01-19 20:00:00+00:00,1.164686679840088,1.1656370162963867,1.1642799377441406,1.1642799377441406,0,1.163192460447693,1.1648382592201232,53.399974843246596,0.0005467300931608065,0.0017459051949637277
2026-01-20 00:00:00+00:00,1.1642799377441406,1.1661807298660278,1.163602590560913,1.16604483127594,0,1.163464114812288,1.164786479473114,60.03704650375704,0.0006523541096882903,0.0017952237810407365
2026-01-20 04:00:00+00:00,1.1659088134765625,1.1697274446487427,1.1659088134765625,1.1693171262741089,0,1.1640215444753186,1.164813792705536,68.88557026871975,0.0009005717439661247,0.0019813009670802523
2026-01-20 08:00:00+00:00,1.1691803932189941,1.1742602586746216,1.1691803932189941,1.1737089157104492,0,1.1649441512596168,1.1649207544326783,76.42894930535537,0.0012945432513327114,0.0022671052387782504
2026-01-20 12:00:00+00:00,1.17384672164917,1.177024483680725,1.17205810546875,1.1731581687927246,0,1.1657264386437223,1.1650194311141968,74.00588148650812,0.0014408461758272022,0.002554425171443394
2026-01-20 16:00:00+00:00,1.1731581687927246,1.1745359897613525,1.1715089082717896,1.1715089082717896,0,1.1662771500368716,1.1650878524780273,67.14122495885361,0.0013508572379426539,0.0026645660400390625
2026-01-20 20:00:00+00:00,1.1715089082717896,1.1732958555221558,1.1715089082717896,1.1731581687927246,0,1.1669324851564766,1.1652110695838929,70.12549411713377,0.001324907537326196,0.0025130084582737516
2026-01-21 00:00:00+00:00,1.1727453470230103,1.1737089157104492,1.1715089082717896,1.172195553779602,0,1.1674337297872504,1.165347673892975,66.33845306923772,0.0011707531891248055,0.0025547913142613004
2026-01-21 04:00:00+00:00,1.172195553779602,1.1728830337524414,1.1715089082717896,1.17205810546875,0,1.1678741465188216,1.165467939376831,65.79210511620946,0.0009943155050761898,0.0026048592158726285
2026-01-21 08:00:00+00:00,1.172195553779602,1.172333002090454,1.1704120635986328,1.1716461181640625,0,1.1682333819136066,1.165582685470581,64.08833086367312,0.0007933735293871242,0.0024719067982264926
2026-01-21 12:00:00+00:00,1.1716461181640625,1.1745359897613525,1.1704120635986328,1.170548915863037,0,1.1684539089564097,1.1656863570213318,59.65744581304451,0.0005420693697959441,0.002640766756875174
2026-01-21 16:00:00+00:00,1.170548915863037,1.1715089082717896,1.1682243347167969,1.1691803932189941,0,1.1685230979337986,1.1657708024978637,54.58801942222927,0.0002538224321378686,0.0027402639389038086
2026-01-21 20:00:00+00:00,1.1693171262741089,1.1694538593292236,1.1675423383712769,1.1675423383712769,0,1.1684296922611777,1.1658360505104064,49.19897956062779,-6.0248570562504086e-05,0.002751035349709647
2026-01-22 00:00:00+00:00,1.1676785945892334,1.1697274446487427,1.1676785945892334,1.1693171262741089,0,1.1685142097862187,1.165944926738739,54.446330701129014,-0.0001561045060002363,0.0028295942715236117
2026-01-22 04:00:00+00:00,1.1693171262741089,1.1700011491775513,1.168770432472229,1.1694538593292236,0,1.1686037002188858,1.1660565376281737,54.83340716316109,-0.00021434357811669718,0.002820568425314767
2026-01-22 08:00:00+00:00,1.1693171262741089,1.170823097229004,1.168770432472229,1.1706860065460205,0,1.1688020151071843,1.166152081489563,58.2741510420317,-0.00017555683558409941,0.002783034529004778
2026-01-22 12:00:00+00:00,1.170548915863037,1.1737089157104492,1.1704120635986328,1.1737089157104492,0,1.169269338974162,1.166248118877411,65.265262374717,3.669291622349861e-05,0.002745764596121652
2026-01-22 16:00:00+00:00,1.1737089157104492,1.175364375114441,1.1737089157104492,1.1748120784759521,0,1.1697972189267136,1.1663798737525939,67.41116055877632,0.00022394207811183339,0.002501164163861956
2026-01-22 20:00:00+00:00,1.1746740341186523,1.1764705181121826,1.1745359897613525,1.1757789850234985,0,1.1703669109359314,1.1665255069732665,69.20684049731736,0.00037649948129470567,0.0022846034594944547
2026-01-23 00:00:00+00:00,1.1756407022476196,1.1756407022476196,1.1746740341186523,1.1746740341186523,0,1.1707771131438094,1.166668140888214,64.81185305101344,0.0003662362301971847,0.002147308417728969
2026-01-23 04:00:00+00:00,1.1748120784759521,1.1757789850234985,1.1739845275878906,1.1739845275878906,0,1.1710825811861028,1.166807885169983,62.15911993781316,0.0002801361268882402,0.0021478448595319477
2026-01-23 08:00:00+00:00,1.1742602586746216,1.1748120784759521,1.1731581687927246,1.1741223335266113,0,1.1713720814090083,1.1669667172431946,62.48956966652583,0.0002031751256570209,0.0021088378770010813
2026-01-23 12:00:00+00:00,1.1741223335266113,1.1763322353363037,1.1735711097717285,1.1761938333511353,0,1.171831295879687,1.1671533703804016,67.13550148085577,0.0002589175085320706,0.002207909311567034
2026-01-23 16:00:00+00:00,1.1760554313659668,1.1817537546157837,1.1750881671905518,1.1816140413284302,0,1.1727629859224247,1.1674429821968078,75.63804197842231,0.0006080302995941497,0.0025468128068106516
2026-01-23 20:00:00+00:00,1.1816140413284302,1.1835720539093018,1.1814744472503662,1.1823126077651978,0,1.1736724737169746,1.1677819275856018,76.48252108822666,0.0008200109530438807,0.0024020756993974957
2026-01-26 00:00:00+00:00,1.1856770515441895,1.187930703163147,1.1848341226577759,1.186521053314209,0,1.1748961479643303,1.168205041885376,80.80037663992613,0.001157050777586858,0.002568755831037249
2026-01-26 04:00:00+00:00,1.186380386352539,1.1872254610061646,1.1842728853225708,1.1842728853225708,0,1.175789170569877,1.16859947681427,73.08113942245636,0.0011401239381305067,0.0026431168828691754
2026-01-26 08:00:00+00:00,1.1846938133239746,1.1870845556259155,1.1842728853225708,1.1859582662582397,0,1.1767576558735307,1.1690167665481568,75.0086827541449,0.0011506563140227986,0.0026878714561462402
2026-01-26 12:00:00+00:00,1.1858175992965698,1.18990957736969,1.1839923858642578,1.18990957736969,0,1.1780102198255458,1.1695157957077027,78.8350940638874,0.0013198312612728784,0.0030226196561540875
2026-01-26 16:00:00+00:00,1.1900511980056763,1.1906179189682007,1.1873664855957031,1.1882128715515137,0,1.1789819009423048,1.169980890750885,73.6223972563796,0.0012161204604789807,0.003108245985848563
2026-01-26 20:00:00+00:00,1.1886366605758667,1.1889193058013916,1.1876484155654907,1.1877895593643188,0,1.179820725553925,1.1704103469848632,72.33727650902233,0.0010253000731626424,0.0029635344232831684
2026-01-27 00:00:00+00:00,1.1877895593643188,1.190334439277649,1.1877895593643188,1.1883541345596313,0,1.180633431173516,1.1708945441246033,73.01385856792865,0.0008505920032288502,0.003027064459664481
2026-01-27 04:00:00+00:00,1.1883541345596313,1.1884952783584595,1.186521053314209,1.1868027448654175,0,1.181220984858459,1.1713314366340637,68.08590562419857,0.0005581667001981518,0.003029899937765939
2026-01-27 08:00:00+00:00,1.1869436502456665,1.1900511980056763,1.1855363845825195,1.1900511980056763,0,1.1820619575391464,1.1718468618392945,72.30149219684091,0.0005123305151915527,0.003273461546216692
2026-01-27 12:00:00+00:00,1.18990957736969,1.1974613666534424,1.1897679567337036,1.1953144073486328,0,1.1833240956162403,1.172489221096039,77.48968183845601,0.000750863749836698,0.003694815295083182
2026-01-27 16:00:00+00:00,1.1956002712249756,1.1993283033370972,1.1956002712249756,1.1980352401733398,0,1.1847251570026307,1.173180582523346,79.61536399781255,0.0009911700209412127,0.0038633857454572406
2026-01-27 20:00:00+00:00,1.1978917121887207,1.2084592580795288,1.1978917121887207,1.2022120952606201,0,1.1863905796938679,1.1740148901939391,82.36800942182245,0.0013106512074231797,0.00442098719733102
2026-01-28 00:00:00+00:00,1.2023565769195557,1.2026457786560059,1.199184536933899,1.2000479698181152,0,1.1876912835152247,1.1747816491127014,76.59669112817704,0.0012553561623346917,0.00419210536139352
2026-01-28 04:00:00+00:00,1.2000479698181152,1.2029350996017456,1.1980352401733398,1.199472188949585,0,1.1888132745089732,1.1755449867248535,75.08920458827703,0.0010665605229762268,0.004392266273498535
2026-01-28 08:00:00+00:00,1.1993283033370972,1.2006243467330933,1.1966016292572021,1.1971746683120728,0,1.1896095977283159,1.1762569785118102,69.2339048133198,0.0006916779599178136,0.004278310707637242
2026-01-28 12:00:00+00:00,1.1973179578781128,1.1986095905303955,1.193602204322815,1.1946003437042236,0,1.1900849068688786,1.17691748380661,63.279689434282815,0.00020057022490118596,0.004425082887922015
2026-01-28 16:00:00+00:00,1.1950286626815796,1.1954572200775146,1.1906179189682007,1.194457769393921,0,1.1905013699665017,1.1775616383552552,62.95675770239811,-0.000182909034392581,0.00456991365977696
2026-01-28 20:00:00+00:00,1.1947431564331055,1.1980352401733398,1.1933174133300781,1.1980352401733398,0,1.191218881414772,1.1783285593986512,67.44597451692091,-0.0002410047601611124,0.004484244755336216
2026-01-29 00:00:00+00:00,1.198178768157959,1.1990407705307007,1.1958861351013184,1.1990407705307007,0,1.1919638232353367,1.179110209941864,68.59789915521216,-0.00025569684751493727,0.004477330616542271
2026-01-29 04:00:00+00:00,1.199184536933899,1.1997599601745605,1.1971746683120728,1.1977481842041016,0,1.1925147147561712,1.1798579335212707,65.39450991905926,-0.0003884918447946504,0.004571216447012765
2026-01-29 08:00:00+00:00,1.198178768157959,1.1988970041275024,1.1943150758743286,1.1951714754104614,0,1.1927677395803893,1.1805055499076844,59.4359841710153,-0.0006694143691960376,0.004716719899858747
2026-01-29 12:00:00+00:00,1.1950286626815796,1.1973179578781128,1.1911852359771729,1.1933174133300781,0,1.1928200894613121,1.1811133790016175,55.516210763047944,-0.0009808105791971628,0.00501375538962228
2026-01-29 16:00:00+00:00,1.1934598684310913,1.1967447996139526,1.193174958229065,1.1954572200775146,0,1.1930712447580933,1.1817585945129394,58.886239970945155,-0.0010378683571794743,0.004946257386888776
2026-01-29 20:00:00+00:00,1.1954572200775146,1.1983222961425781,1.1950286626815796,1.1968880891799927,0,1.193434753750655,1.1824107575416565,61.013200876467025,-0.0009753979026893428,0.004631987639835903
2026-01-30 00:00:00+00:00,1.1970313787460327,1.1977481842041016,1.18990957736969,1.1924636363983154,0,1.1933422663837656,1.182966296672821,52.046931487352275,-0.0012127341066089925,0.0049051812716892785
2026-01-30 04:00:00+00:00,1.1923214197158813,1.194457769393921,1.1917530298233032,1.1940299272537231,0,1.19340775789519,1.1835612964630127,54.5909924539534,-0.001240462430021294,0.004343552248818534
2026-01-30 08:00:00+00:00,1.1941723823547363,1.1953144073486328,1.190334439277649,1.1953144073486328,0,1.1935893435574225,1.1841466879844667,56.623379750539264,-0.0011505162697545762,0.004452032702309745
2026-01-30 12:00:00+00:00,1.1954572200775146,1.1958861351013184,1.1889193058013916,1.18990957736969,0,1.1932388896347812,1.1845585370063783,47.07564980434655,-0.0014158030313627997,0.0045996734074183875
2026-01-30 16:00:00+00:00,1.1900511980056763,1.1900511980056763,1.1859582662582397,1.1872254610061646,0,1.1926661821463416,1.1848288679122925,43.181554326272085,-0.0017129796476388613,0.004604688712528774
2026-01-30 20:00:00+00:00,1.1870845556259155,1.1870845556259155,1.1853959560394287,1.1853959560394287,0,1.1919737796599688,1.1850736236572266,40.7096879926623,-0.0019561221877931736,0.004377697195325579
2026-02-02 00:00:00+00:00,1.1852554082870483,1.1877895593643188,1.1852554082870483,1.1869436502456665,0,1.1914947197157495,1.185382318496704,43.648478354182984,-0.001932667922504815,0.004213043621608189
2026-02-02 04:00:00+00:00,1.1868027448654175,1.1873664855957031,1.1845533847808838,1.1858175992965698,0,1.1909540415805895,1.185635507106781,42.01668838793249,-0.0019095726840690113,0.004076991762433734
2026-02-02 08:00:00+00:00,1.1860989332199097,1.1875073909759521,1.1848341226577759,1.1869436502456665,0,1.1905720995486921,1.1859304690361023,44.260780685973295,-0.001739836983035317,0.004042608397347587
2026-02-02 12:00:00+00:00,1.186661958694458,1.1872254610061646,1.1795234680175781,1.1796625852584839,0,1.18953309818772,1.186082558631897,34.86472651122996,-0.002019644764946495,0.004408087049211774
2026-02-02 16:00:00+00:00,1.1796625852584839,1.1816140413284302,1.177994966506958,1.1793843507766724,0,1.1885665508152392,1.1862373232841492,34.562775988186075,-0.002115042244659337,0.004339311804090228
2026-02-02 20:00:00+00:00,1.1791062355041504,1.1802195310592651,1.1784114837646484,1.1802195310592651,0,1.1877715965527655,1.1864307355880737,36.34489509415959,-0.002013977887823097,0.004030406475067139
2026-02-03 00:00:00+00:00,1.1802195310592651,1.1817537546157837,1.1802195310592651,1.1816140413284302,0,1.1871851627218766,1.1866794085502625,39.31661468223174,-0.0017547876224841585,0.0038850052016122
2026-02-03 04:00:00+00:00,1.1813349723815918,1.182732105255127,1.1809163093566895,1.1818934679031372,0,1.1866811917867586,1.1869664311408996,39.92184662037061,-0.0014772368034972087,0.003779445375714983
2026-02-03 08:00:00+00:00,1.1818934679031372,1.1823126077651978,1.1786893606185913,1.1792453527450562,0,1.1859730166399296,1.1871649956703185,36.23361993890423,-0.001386189570374798,0.0034783482551574707
2026-02-03 12:00:00+00:00,1.1792453527450562,1.1817537546157837,1.1784114837646484,1.1817537546157837,0,1.1855711821614394,1.1874109935760497,41.72560895035904,-0.0010845757414631777,0.003523886203765869
2026-02-03 16:00:00+00:00,1.1816140413284302,1.1831519603729248,1.1810559034347534,1.1817537546157837,0,1.1852076176332818,1.1876323485374451,41.72560895035904,-0.0008244023247722591,0.003317892551422119
2026-02-03 20:00:00+00:00,1.1816140413284302,1.1828720569610596,1.1813349723815918,1.1818934679031372,0,1.184891984325649,1.1877960395812988,42.04802459187274,-0.0005930465207855057,0.002930053642817906
2026-02-04 00:00:00+00:00,1.1818934679031372,1.1835720539093018,1.1813349723815918,1.1830118894577026,0,1.184712927671559,1.187960035800934,44.68631994451692,-0.00032807054353991075,0.002797492912837437
2026-02-04 04:00:00+00:00,1.1830118894577026,1.1839923858642578,1.1828720569610596,1.18343186378479,0,1.1845909215871049,1.1881130933761597,45.68624374343683,-9.973810283262765e-05,0.002746837479727609
2026-02-04 08:00:00+00:00,1.18343186378479,1.1841325759887695,1.1809163093566895,1.1814744472503662,0,1.1842941145074155,1.188249101638794,41.885703313727035,-5.783489221945033e-05,0.0027955600193568637
2026-02-04 12:00:00+00:00,1.1814744472503662,1.1828720569610596,1.1796625852584839,1.179940938949585,0,1.1838795263590507,1.1883682298660279,39.13873144621908,-0.0001077938962748934,0.002823872225625174
2026-02-04 16:00:00+00:00,1.179940938949585,1.1817537546157837,1.1795234680175781,1.1811953783035278,0,1.1836238932109056,1.1885096907615662,42.46291124321874,-3.454543300723551e-05,0.0027922306741986957
2026-02-04 20:00:00+00:00,1.1813349723815918,1.1821727752685547,1.1804981231689453,1.1804981231689453,0,1.183326200825957,1.1885957765579223,41.11857383753167,-1.2386568342523732e-05,0.0023617063249860492
2026-02-05 00:00:00+00:00,1.1804981231689453,1.1811953783035278,1.178828239440918,1.1792453527450562,0,1.182937548627776,1.188548402786255,38.74512416102991,-5.8834735097474875e-05,0.002272282327924456
2026-02-05 04:00:00+00:00,1.1792453527450562,1.1806375980377197,1.178828239440918,1.1802195310592651,0,1.1826786898117274,1.1885065412521363,41.56956668284807,-3.5968081843460765e-06,0.0022723759923662457
2026-02-05 08:00:00+00:00,1.1802195310592651,1.1810559034347534,1.1784114837646484,1.1796625852584839,0,1.1823914417590375,1.1883693718910218,40.42202285852731,1.4775762667486314e-05,0.002351675714765276
2026-02-05 12:00:00+00:00,1.1793843507766724,1.1824523210525513,1.178550362586975,1.1796625852584839,0,1.1821315506637466,1.18827716588974,40.42202285852731,4.458802494465303e-05,0.0025006873267037527
2026-02-05 16:00:00+00:00,1.1795234680175781,1.1807769536972046,1.1789672374725342,1.1798018217086792,0,1.181909671715645,1.1881540369987489,40.89509425198964,8.879177597388233e-05,0.002371149403708322
2026-02-05 20:00:00+00:00,1.1796625852584839,1.1798018217086792,1.1778563261032104,1.1781338453292847,0,1.1815500692026581,1.1879185223579407,37.09513034043372,2.4164124447796816e-05,0.0022713797433035715
2026-02-06 00:00:00+00:00,1.177994966506958,1.1795234680175781,1.177024483680725,1.1791062355041504,0,1.1813173231361336,1.1877363896369935,40.56253015645418,6.315789668708644e-05,0.0023001602717808317
2026-02-06 04:00:00+00:00,1.1791062355041504,1.1804981231689453,1.1791062355041504,1.1793843507766724,0,1.1811332305304707,1.1875682854652405,41.554817234663176,0.00012060449995052137,0.0022897890635899137
2026-02-06 08:00:00+00:00,1.1795234680175781,1.18035888671875,1.1789672374725342,1.1793843507766724,0,1.1809666705539186,1.1873888897895812,41.554817234663176,0.0001685819853242121,0.002229401043483189
2026-02-06 12:00:00+00:00,1.1793843507766724,1.1828720569610596,1.1792453527450562,1.1823126077651978,0,1.181094855050231,1.1872990870475768,51.45182000960382,0.0003945996396097053,0.0024084278515407015
2026-02-06 16:00:00+00:00,1.1823126077651978,1.182732105255127,1.1814744472503662,1.1823126077651978,0,1.1812108314992755,1.1871443152427674,51.45182000960382,0.0005325873111805637,0.0022685272353036062
2026-02-06 20:00:00+00:00,1.1823126077651978,1.182732105255127,1.1817537546157837,1.1820330619812012,0,1.1812891391642208,1.1868786883354188,50.5049250024373,0.000589112120174214,0.002109161445072719
2026-02-09 00:00:00+00:00,1.1830118894577026,1.1835720539093018,1.1820330619812012,1.1821727752685547,0,1.1813732949836813,1.186561439037323,50.99038320070012,0.0006170278899929886,0.0020597832543509348
2026-02-09 04:00:00+00:00,1.1823126077651978,1.186380386352539,1.1823126077651978,1.1859582662582397,0,1.1818099589145916,1.1862363624572754,61.89559737274103,0.0008568073619119381,0.0022407088960920063
2026-02-09 08:00:00+00:00,1.1859582662582397,1.1875073909759521,1.1855363845825195,1.1872254610061646,0,1.182325721018551,1.1859799122810364,64.72518693154416,0.001054144641448201,0.0022124137197222027
2026-02-09 12:00:00+00:00,1.1873664855957031,1.1928904056549072,1.1873664855957031,1.1913270950317383,0,1.1831829947340926,1.1858170104026795,71.97851949820608,0.0013930199148265605,0.0024878127234322684
2026-02-09 16:00:00+00:00,1.1914690732955933,1.1926058530807495,1.1897679567337036,1.1923214197158813,0,1.1840533209228346,1.1857199454307557,73.4061321024464,0.0016013678618095246,0.0025016324860709055
2026-02-09 20:00:00+00:00,1.1923214197158813,1.1924636363983154,1.1906179189682007,1.1906179189682007,0,1.1846785207366788,1.1856402969360351,67.09897069262183,0.001541163107955239,0.0023547581263950895
2026-02-10 00:00:00+00:00,1.1907596588134766,1.1920371055603027,1.1900511980056763,1.1913270950317383,0,1.1853117182885893,1.1855776834487914,68.31934263028504,0.001466249531798235,0.0023673432213919504
2026-02-10 04:00:00+00:00,1.1914690732955933,1.1916110515594482,1.190334439277649,1.190901517868042,0,1.1858440801532992,1.1854350090026855,66.71997776610729,0.0013102846649835867,0.002319565841129848
2026-02-10 08:00:00+00:00,1.1911852359771729,1.1923214197158813,1.1904761791229248,1.1907596588134766,0,1.1863122305018876,1.185269386768341,66.16395984442465,0.001126814178560017,0.0022728698594229563
2026-02-10 12:00:00+00:00,1.1907596588134766,1.1930327415466309,1.1893434524536133,1.1918951272964478,0,1.1868439349585123,1.185152325630188,68.43166837457574,0.001014669350638308,0.00243696996143886
2026-02-10 16:00:00+00:00,1.1917530298233032,1.1917530298233032,1.189202070236206,1.1904761791229248,0,1.1871898629741706,1.1850584197044371,62.770101213577,0.000787779340717511,0.0025299276624407086
2026-02-10 20:00:00+00:00,1.1906179189682007,1.1906179189682007,1.1884952783584595,1.189202070236206,0,1.1873815017610312,1.1849761128425598,58.120322890201244,0.0005083110193848763,0.0024224945477076937
2026-02-11 00:00:00+00:00,1.189202070236206,1.1917530298233032,1.1890605688095093,1.1913270950317383,0,1.1877572725487178,1.1848935103416443,63.03817002371776,0.00042630404924555963,0.002524980476924351
2026-02-11 04:00:00+00:00,1.1914690732955933,1.1928904056549072,1.1910432577133179,1.1921793222427368,0,1.1881784201386243,1.1847993350028991,64.8222559343356,0.00039016236793859983,0.0025870374270847867
2026-02-11 08:00:00+00:00,1.1920371055603027,1.1930327415466309,1.1910432577133179,1.1913270950317383,0,1.1884782939379686,1.1847766041755676,61.61921041272199,0.0002749992095151064,0.0026192154203142437
2026-02-11 12:00:00+00:00,1.1911852359771729,1.1911852359771729,1.1841325759887695,1.1862396001815796,0,1.1882650850087886,1.1846207976341248,46.7638680472436,-0.00015456770200074528,0.0028325659888131277
2026-02-11 16:00:00+00:00,1.1862396001815796,1.1896264553070068,1.1858175992965698,1.1883541345596313,0,1.1882735659183927,1.1844815921783447,51.949049622292975,-0.00029870921646521086,0.002963840961456299
2026-02-11 20:00:00+00:00,1.1883541345596313,1.1884952783584595,1.1872254610061646,1.187930703163147,0,1.1882409123226552,1.1844420146942138,50.880338189177024,-0.00041768171314886205,0.0026499032974243164
2026-02-12 00:00:00+00:00,1.1877895593643188,1.1887779235839844,1.1869436502456665,1.1872254610061646,0,1.1881442026734657,1.1844420146942138,49.06968203888505,-0.0005316745454848058,0.002578215939658029
2026-02-12 04:00:00+00:00,1.1873664855957031,1.187930703163147,1.1856770515441895,1.1876484155654907,0,1.1880969848536584,1.1844870638847351,50.21396560013161,-0.0005633598554469097,0.002607354096003941
2026-02-12 08:00:00+00:00,1.1877895593643188,1.1890605688095093,1.1875073909759521,1.1887779235839844,0,1.1881618361613084,1.1845237493515015,53.235671972584015,-0.0004954208064481237,0.002576444830213274
2026-02-12 12:00:00+00:00,1.1887779235839844,1.189202070236206,1.1870845556259155,1.1890605688095093,0,1.1882474297468513,1.1845886087417603,53.98824822923956,-0.0004215162572999561,0.002636509282248361
2026-02-12 16:00:00+00:00,1.1889193058013916,1.1893434524536133,1.1860989332199097,1.1873664855957031,0,1.1881635303038847,1.184597065448761,48.90790935824071,-0.0004729363170024371,0.002736457756587437
2026-02-12 20:00:00+00:00,1.1873664855957031,1.1883541345596313,1.186661958694458,1.1870845556259155,0,1.1880607708107447,1.1847455048561095,48.0967606846458,-0.0005090136505767884,0.0025938068117414203
2026-02-13 00:00:00+00:00,1.1872254610061646,1.1876484155654907,1.186661958694458,1.1870845556259155,0,1.187967797935999,1.1848995089530945,48.0967606846458,-0.0005144309701064601,0.0024719067982264926
2026-02-13 04:00:00+00:00,1.1870845556259155,1.1870845556259155,1.1851149797439575,1.1862396001815796,0,1.1878032076736733,1.1850199103355408,45.47521143362879,-0.0005530977922227537,0.0024609736033848356
2026-02-13 08:00:00+00:00,1.1862396001815796,1.1869436502456665,1.1856770515441895,1.1860989332199097,0,1.187640895820934,1.1851096081733703,45.035126438114595,-0.0005643711123351092,0.0023591262953622
2026-02-13 12:00:00+00:00,1.1862396001815796,1.1883541345596313,1.1852554082870483,1.1852554082870483,0,1.1874137065319923,1.1851768469810486,42.386160273441284,-0.0006014521878148341,0.0024485247475760324
2026-02-13 16:00:00+00:00,1.1852554082870483,1.1886366605758667,1.1852554082870483,1.1869436502456665,0,1.187368939266628,1.1853308129310607,48.86854264806274,-0.0004898229335866689,0.0025479367801121305
2026-02-13 20:00:00+00:00,1.1869436502456665,1.1880717277526855,1.1868027448654175,1.1870845556259155,0,1.1873418551103698,1.1854374289512635,49.38046436246846,-0.0003884677156848052,0.0021246841975620817
2026-02-16 00:00:00+00:00,1.1870845556259155,1.1872254610061646,1.186380386352539,1.1870845556259155,0,1.1873173503975647,1.185544044971466,49.38046436246846,-0.0003069721283995286,0.0019129855292184012
2026-02-16 04:00:00+00:00,1.1870845556259155,1.1873664855957031,1.186521053314209,1.186661958694458,0,1.187254932140126,1.1856394147872924,47.718690117143765,-0.00026846580351738063,0.0018826723098754883
2026-02-16 08:00:00+00:00,1.186661958694458,1.1873664855957031,1.1860989332199097,1.186521053314209,0,1.1871850389186103,1.1857095980644226,47.148952592924516,-0.00024033409606165113,0.0018421922411237443
2026-02-16 12:00:00+00:00,1.186521053314209,1.186661958694458,1.1852554082870483,1.1858175992965698,0,1.1870548065736541,1.1857573127746581,44.30494141872744,-0.000255532478211982,0.0017816850117274693
2026-02-16 16:00:00+00:00,1.1856770515441895,1.1859582662582397,1.1849744319915771,1.1858175992965698,0,1.18693697730917,1.1858441758155822,44.30494141872744,-0.0002516173945617946,0.0017410176140921457
2026-02-16 20:00:00+00:00,1.1858175992965698,1.1859582662582397,1.1848341226577759,1.1852554082870483,0,1.1867768278784918,1.1859504652023316,41.95907794303852,-0.0002712318258995753,0.00167006254196167
2026-02-17 00:00:00+00:00,1.1853959560394287,1.1855363845825195,1.1842728853225708,1.184413194656372,0,1.1865517199525757,1.1860148215293884,38.65689879773505,-0.00032181807778949905,0.0015285611152648926
2026-02-17 04:00:00+00:00,1.1845533847808838,1.1849744319915771,1.1832919120788574,1.183712124824524,0,1.1862812823213327,1.1860791015625,36.10937438197232,-0.0003794240958640453,0.0015278714043753488
2026-02-17 08:00:00+00:00,1.183712124824524,1.1852554082870483,1.1831519603729248,1.1832919120788574,0,1.185996580393478,1.186160032749176,34.636004599472045,-0.0004196217373596237,0.001607656478881836
2026-02-17 12:00:00+00:00,1.18343186378479,1.1838523149490356,1.1809163093566895,1.1814744472503662,0,1.185565901046515,1.186185131072998,29.104605560249865,-0.0005350138797510981,0.001676687172480992
2026-02-17 16:00:00+00:00,1.1814744472503662,1.1856770515441895,1.1814744472503662,1.1851149797439575,0,1.1855229561605571,1.1862941789627075,47.27011573074323,-0.00034195138869181263,0.001886401857648577
2026-02-17 20:00:00+00:00,1.1851149797439575,1.1860989332199097,1.1851149797439575,1.1855363845825195,0,1.1855242350578867,1.1864116549491883,48.90223091456088,-0.00017033399403670142,0.0017353466578892299
2026-02-18 00:00:00+00:00,1.1855363845825195,1.1856770515441895,1.184413194656372,1.184413194656372,0,1.185418421686314,1.1865038824081422,44.912027690829284,-0.00011933864156098953,0.001584104129246303
2026-02-18 04:00:00+00:00,1.1845533847808838,1.1849744319915771,1.183712124824524,1.1838523149490356,0,1.185269268663716,1.186618251800537,43.02412501858118,-0.000110462787519334,0.0015836272920880998
2026-02-18 08:00:00+00:00,1.1838523149490356,1.184413194656372,1.1832919120788574,1.1838523149490356,0,1.1851343206908895,1.1867131733894347,43.02412501858118,-9.240610639931271e-05,0.001603356429508754
2026-02-18 12:00:00+00:00,1.1838523149490356,1.1852554082870483,1.1816140413284302,1.1825922727584839,0,1.1848922208878032,1.186777331829071,38.77716899671526,-0.00014974395849479951,0.0018030660493033273
2026-02-18 16:00:00+00:00,1.1824523210525513,1.1828720569610596,1.178828239440918,1.1791062355041504,0,1.1843411746607888,1.1867717695236206,29.964548386148792,-0.0003930484062906036,0.002001370702471052
2026-02-18 20:00:00+00:00,1.1789672374725342,1.1795234680175781,1.1784114837646484,1.1792453527450562,0,1.1838558582878618,1.1867104244232178,30.641970447509195,-0.0005079139646168558,0.001980330262865339
2026-02-19 00:00:00+00:00,1.1792453527450562,1.179940938949585,1.178828239440918,1.1795234680175781,0,1.1834432496906917,1.1866546416282653,32.056837796907104,-0.0005262269046056188,0.00198953492300851
2026-02-19 04:00:00+00:00,1.1795234680175781,1.1806375980377197,1.178828239440918,1.1804981231689453,0,1.1831627614505253,1.1866239428520202,36.91379429043954,-0.0004374116139967644,0.0020384788513183594
2026-02-19 08:00:00+00:00,1.18035888671875,1.1810559034347534,1.1781338453292847,1.1784114837646484,0,1.182710258813775,1.1865487170219422,31.690663565589702,-0.00048047398541430563,0.002156947340284075
2026-02-19 12:00:00+00:00,1.1782727241516113,1.1784114837646484,1.1745359897613525,1.1766090393066406,0,1.1821291902892859,1.18636173248291,28.004540512866953,-0.0005847055648850279,0.0023135883467538016
2026-02-19 16:00:00+00:00,1.1766090393066406,1.1777175664901733,1.1759172677993774,1.1766090393066406,0,1.1816034616242719,1.1861494040489198,28.004540512866953,-0.0006054523705610511,0.0022919348308018278
2026-02-19 20:00:00+00:00,1.176747441291809,1.1781338453292847,1.176747441291809,1.177163004875183,0,1.1811805609815016,1.1858661222457885,30.87064012027868,-0.0005360522187127493,0.0021911348615373883
2026-02-20 00:00:00+00:00,1.1773016452789307,1.1775789260864258,1.1757789850234985,1.1761938333511353,0,1.1807056345405142,1.1855435705184936,28.71674782479394,-0.0005097690504477486,0.0020195160593305317
2026-02-20 04:00:00+00:00,1.1761938333511353,1.1766090393066406,1.175364375114441,1.1755025386810303,0,1.1802101016015156,1.1852412629127502,27.255960200816688,-0.0004929932608601622,0.0020381382533482145
2026-02-20 08:00:00+00:00,1.1756407022476196,1.1773016452789307,1.1748120784759521,1.177024483680725,0,1.179906709418583,1.18495521068573,35.08514188674975,-0.0003406885100906351,0.0021256889615740094
2026-02-20 12:00:00+00:00,1.177024483680725,1.1809163093566895,1.1760554313659668,1.1789672374725342,0,1.1798172358999117,1.1847165250778198,43.451618906790934,-8.37893667362255e-05,0.0023827297346932547
2026-02-20 16:00:00+00:00,1.1792453527450562,1.1800801753997803,1.177024483680725,1.1784114837646484,0,1.1796833547441723,1.1844695615768432,41.79224778575443,6.594249921418891e-05,0.0025209018162318637
2026-02-20 20:00:00+00:00,1.1782727241516113,1.1795234680175781,1.1781338453292847,1.178550362586975,0,1.1795754507292011,1.184202666282654,42.38437656656232,0.00018483432902483433,0.0023600629397800992
2026-02-23 00:00:00+00:00,1.1835720539093018,1.183712124824524,1.1821727752685547,1.182732105255127,0,1.179876084493575,1.184047784805298,56.67571016867431,0.0005357485664252903,0.0024399161338806152
2026-02-23 04:00:00+00:00,1.182732105255127,1.183712124824524,1.1818934679031372,1.1825922727584839,0,1.1801347690902328,1.1839155888557433,56.173942255181345,0.0007366805393158088,0.0024903927530561176
2026-02-23 08:00:00+00:00,1.182732105255127,1.182732105255127,1.1784114837646484,1.1789672374725342,0,1.180023575602833,1.1836683917045594,45.04114813435505,0.0006089768044990104,0.002719530037471226
2026-02-23 12:00:00+00:00,1.1789672374725342,1.1813349723815918,1.1778563261032104,1.1798018217086792,0,1.1800024561843423,1.183420841693878,47.61519939762168,0.0005651995337174788,0.0028387648718697684
2026-02-23 16:00:00+00:00,1.1796625852584839,1.1810559034347534,1.1792453527450562,1.1795234680175781,0,1.1799568382636982,1.183184769153595,46.82744382766238,0.0005040073189839262,0.002759371485028948
2026-02-23 20:00:00+00:00,1.1795234680175781,1.179940938949585,1.178550362586975,1.1796625852584839,0,1.1799288141679636,1.183053228855133,47.296745352506385,0.00046060083673875817,0.0025818773678370883
2026-02-24 00:00:00+00:00,1.1796625852584839,1.179940938949585,1.1775789260864258,1.1778563261032104,0,1.179731434352273,1.1828432726860045,42.10107700244734,0.00030541836724826,0.00262199980872018
2026-02-24 04:00:00+00:00,1.1778563261032104,1.178550362586975,1.177163004875183,1.1781338453292847,0,1.1795792830167502,1.1826473355293274,43.13468371620583,0.00022059755386372084,0.0026121820722307476
2026-02-24 08:00:00+00:00,1.1782727241516113,1.1796625852584839,1.1778563261032104,1.1784114837646484,0,1.1794680640403594,1.182471055984497,44.20775814276408,0.0001838293318024314,0.00261263336454119
2026-02-24 12:00:00+00:00,1.1784114837646484,1.178550362586975,1.177024483680725,1.1775789260864258,0,1.179288146139985,1.1822696661949157,41.66848443437545,0.0001078378874254677,0.0026327201298304965
2026-02-24 16:00:00+00:00,1.1775789260864258,1.1793843507766724,1.1775789260864258,1.1782727241516113,0,1.1791914392839493,1.1820595622062684,44.52797383398751,0.0001084083576058173,0.00258385283606393
2026-02-24 20:00:00+00:00,1.1782727241516113,1.1786893606185913,1.1773016452789307,1.1777175664901733,0,1.1790510704464467,1.1818327021598816,42.72322330289105,7.698392632978228e-05,0.0023357697895595004
2026-02-25 00:00:00+00:00,1.1778563261032104,1.1796625852584839,1.1777175664901733,1.1793843507766724,0,1.1790828114302778,1.181673059463501,49.359574134540004,0.00016877671359451186,0.0022564360073634555
2026-02-25 04:00:00+00:00,1.1792453527450562,1.1810559034347534,1.1792453527450562,1.1802195310592651,0,1.1791910704425623,1.181535758972168,52.33943167891605,0.00027953203571656727,0.0022865022931780133
2026-02-25 08:00:00+00:00,1.1800801753997803,1.18035888671875,1.1774401664733887,1.1777175664901733,0,1.179050736732811,1.1813484191894532,43.98869422582175,0.00018276083201311782,0.0021262850080217633
2026-02-25 12:00:00+00:00,1.1778563261032104,1.18035888671875,1.1777175664901733,1.1802195310592651,0,1.1791620504781877,1.181228017807007,52.20155206284027,0.0002799114473872066,0.002185046672821045
2026-02-25 16:00:00+00:00,1.1804981231689453,1.1817537546157837,1.1802195310592651,1.1810559034347534,0,1.1793424174264322,1.1811271572113038,54.598150967264395,0.0003865835287997683,0.001986018248966762
2026-02-25 20:00:00+00:00,1.1809163093566895,1.1818934679031372,1.1806375980377197,1.1818934679031372,0,1.1795853746146898,1.1810599184036255,56.92724722920126,0.0004928265284128855,0.0018272485051836287
2026-02-26 00:00:00+00:00,1.1818934679031372,1.1832919120788574,1.1816140413284302,1.1821727752685547,0,1.1798317937245817,1.1809645009040832,57.706425999586116,0.0005564812388009994,0.0018177713666643416
2026-02-26 04:00:00+00:00,1.1820330619812012,1.1825922727584839,1.1811953783035278,1.1820330619812012,0,1.1800414383204503,1.180863471031189,57.149513421861364,0.0005620962970130444,0.0018182226589747838
2026-02-26 08:00:00+00:00,1.1818934679031372,1.1818934679031372,1.1798018217086792,1.1804981231689453,0,1.180084932115545,1.1807317423820496,51.292759791261815,0.0004407177103669615,0.0018088817596435547
2026-02-26 12:00:00+00:00,1.1804981231689453,1.1820330619812012,1.178550362586975,1.1802195310592651,0,1.180097751062566,1.1806028938293458,50.285481534364536,0.00032527746017358544,0.0019585490226745605
2026-02-26 16:00:00+00:00,1.1802195310592651,1.1802195310592651,1.1777175664901733,1.1800801753997803,0,1.1800960771899198,1.180474076271057,49.759093108888266,0.0002277551847361502,0.002008242266518729
2026-02-26 20:00:00+00:00,1.1800801753997803,1.1806375980377197,1.1793843507766724,1.1806375980377197,0,1.180147650603996,1.1803704762458802,51.926851897980534,0.0001905234905778074,0.0019887685775756836
2026-02-27 00:00:00+00:00,1.1806375980377197,1.1810559034347534,1.1793843507766724,1.1807769536972046,0,1.1802075842319206,1.1802696633338927,52.478884596876505,0.00016591821221424035,0.00197920628956386
2026-02-27 04:00:00+00:00,1.1807769536972046,1.1821727752685547,1.1800801753997803,1.1818934679031372,0,1.1803681445815604,1.1802024245262146,56.7628290926694,0.00021249859045298646,0.0020295551845005582
2026-02-27 08:00:00+00:00,1.1818934679031372,1.1824523210525513,1.1798018217086792,1.18035888671875,0,1.1803672628803403,1.1801213383674622,50.08038725785755,0.000131583897117662,0.002079946654183524
2026-02-27 12:00:00+00:00,1.18035888671875,1.1820330619812012,1.1795234680175781,1.1810559034347534,0,1.1804328476950465,1.1800682139396668,52.798485182053845,0.000117114903104298,0.002129878316606794
2026-02-27 16:00:00+00:00,1.1810559034347534,1.1830118894577026,1.1810559034347534,1.1823126077651978,0,1.1806118724636325,1.1800486278533935,57.31161867941876,0.0001805023022013771,0.0020611115864345004
2026-02-27 20:00:00+00:00,1.1823126077651978,1.1828720569610596,1.1814744472503662,1.1817537546157837,0,1.1807206231447898,1.180054214000702,54.802219973738545,0.00017308966981766333,0.001972275120871408
2026-03-02 00:00:00+00:00,1.1761938333511353,1.179940938949585,1.1761938333511353,1.1792453527450562,0,1.180580121201958,1.179936821460724,45.22954505112003,-3.1206194981850746e-06,0.002259824957166399
2026-03-02 04:00:00+00:00,1.1792453527450562,1.1793843507766724,1.1709601879119873,1.1719207763671875,0,1.1797554216938848,1.1796645092964173,29.193639739762617,-0.0005832426685462251,0.002771845885685512
2026-03-02 08:00:00+00:00,1.172195553779602,1.1749500036239624,1.1701380014419556,1.1737089157104492,0,1.1791795639811766,1.1794504237174988,35.23093507155363,-0.0008032362707294199,0.0029957124165126254
2026-03-02 12:00:00+00:00,1.173433542251587,1.1737089157104492,1.1683608293533325,1.1683608293533325,0,1.1781492083023344,1.1791405940055848,27.64007338226756,-0.001239562425851212,0.0032779404095241
2026-03-02 16:00:00+00:00,1.1683608293533325,1.1716461181640625,1.1675423383712769,1.1715089082717896,0,1.1775167987756159,1.1788937258720398,36.33559212621522,-0.0012435780632486602,0.0034116932324000765
2026-03-02 20:00:00+00:00,1.1715089082717896,1.1716461181640625,1.1683608293533325,1.1700011491775513,0,1.1768010226234193,1.1786419034004212,34.21487214511335,-0.0012707096761624805,0.00339759247643607
2026-03-03 00:00:00+00:00,1.1697274446487427,1.1709601879119873,1.1690436601638794,1.1694538593292236,0,1.176101292785877,1.1784488558769226,33.4516709843667,-0.0012467165428845617,0.0033557755606515066
2026-03-03 04:00:00+00:00,1.1694538593292236,1.1695905923843384,1.1648223400115967,1.1648223400115967,0,1.175027106807374,1.1781603956222535,27.800186054068817,-0.0014497416328775514,0.0036068473543439594
2026-03-03 08:00:00+00:00,1.164686679840088,1.164686679840088,1.1586142778396606,1.1599582433700562,0,1.1735919769562009,1.177769091129303,23.34037908936662,-0.0017959527234777599,0.003930883748190743
2026-03-03 12:00:00+00:00,1.1599582433700562,1.1618449687957764,1.1535356044769287,1.1576753854751587,0,1.1720761111008635,1.1773126363754272,21.589812647257872,-0.0020449391017216927,0.0043749383517674035
2026-03-03 16:00:00+00:00,1.1576753854751587,1.1627906560897827,1.1574074029922485,1.1618449687957764,0,1.1711017165956172,1.17698130607605,31.670242158439663,-0.0018034940822819175,0.004570135048457554
2026-03-03 20:00:00+00:00,1.1617100238800049,1.1626555919647217,1.1609008312225342,1.1615750789642334,0,1.1701944177735808,1.1766806268692016,31.388947267144005,-0.0015465193882263396,0.004516218389783587
2026-03-04 00:00:00+00:00,1.16130530834198,1.16130530834198,1.1579434871673584,1.161170482635498,0,1.1693349953794776,1.1763718557357787,30.94521192446193,-0.0012983538565116944,0.0046359045164925715
2026-03-04 04:00:00+00:00,1.16130530834198,1.1627906560897827,1.1590172052383423,1.1621150970458984,0,1.168647386014375,1.1760708975791931,33.3154386008666,-0.0009796562958985988,0.004805607455117362
2026-03-04 08:00:00+00:00,1.1619800329208374,1.1657729148864746,1.1599582433700562,1.163873314857483,0,1.1681927125708613,1.17582448720932,37.608104209635705,-0.0005793021755547464,0.004823803901672363
2026-03-04 12:00:00+00:00,1.163873314857483,1.1653653383255005,1.1621150970458984,1.1641442775726318,0,1.1678071473329348,1.175597321987152,38.26763671783595,-0.00024234732898063393,0.004454238074166434
2026-03-04 16:00:00+00:00,1.1644154787063599,1.1648223400115967,1.1626555919647217,1.1644154787063599,0,1.1674841312732611,1.1753451418876648,38.96308881500148,3.7773925094800737e-05,0.004265291350228446
2026-03-04 20:00:00+00:00,1.1644154787063599,1.164686679840088,1.1633317470550537,1.163873314857483,0,1.167140243995568,1.1750432634353638,38.04046663287603,0.00021559541798788287,0.003980066095079694
2026-03-05 00:00:00+00:00,1.1637378931045532,1.164958119392395,1.16130530834198,1.1615750789642334,0,1.1666102282782982,1.1747065353393555,34.32950252283844,0.00020741590501849663,0.003947854042053223
2026-03-05 04:00:00+00:00,1.1615750789642334,1.1619800329208374,1.159151554107666,1.1609008312225342,0,1.1660664761777493,1.1743535447120665,33.30305999152783,0.0001862497356945915,0.0039152247565133235
2026-03-05 08:00:00+00:00,1.1606314182281494,1.1642799377441406,1.1586142778396606,1.161440134048462,0,1.1656258721654362,1.1739277052879333,34.9777220767552,0.00023507480866076513,0.004183019910539899
2026-03-05 12:00:00+00:00,1.16130530834198,1.1627906560897827,1.1574074029922485,1.1587486267089844,0,1.164970896407679,1.1734508323669433,30.81876814359987,0.00011849100530035919,0.004226948533739362
2026-03-05 16:00:00+00:00,1.1584800481796265,1.1595547199249268,1.156336784362793,1.1574074029922485,0,1.1642505637014475,1.1730196356773377,28.97020417929032,-9.754480296483847e-06,0.0040133680616106305
2026-03-05 20:00:00+00:00,1.1576753854751587,1.1617100238800049,1.1574074029922485,1.161170482635498,0,1.1639572226475474,1.172647008895874,39.86827739855789,0.00018718050616089998,0.0037271721022469656
2026-03-06 00:00:00+00:00,1.1609008312225342,1.1623852252960205,1.1607661247253418,1.1623852252960205,0,1.1638075086140685,1.1723042440414428,42.91316108660837,0.00041455312020510825,0.003458304064614432
2026-03-06 04:00:00+00:00,1.1623852252960205,1.1623852252960205,1.1606314182281494,1.1617100238800049,0,1.1636077481632052,1.1719451928138733,41.65068558101423,0.0005275275352751413,0.003458235945020403
2026-03-06 08:00:00+00:00,1.1617100238800049,1.1617100238800049,1.1564704179763794,1.1566041707992554,0,1.16294074079521,1.1715201497077943,33.600620307439996,0.00027892088957642705,0.003573094095502581
2026-03-06 12:00:00+00:00,1.156738042831421,1.1594202518463135,1.1551345586776733,1.1582117080688477,0,1.1624903567260325,1.1711217069625854,37.68430418992253,0.0002445117824752866,0.003609682832445417
2026-03-06 16:00:00+00:00,1.1583458185195923,1.16225004196167,1.1583458185195923,1.1606314182281494,0,1.1623133149643294,1.1707661056518555,43.333675485886396,0.00039743500974925156,0.0034828015736171176
2026-03-06 20:00:00+00:00,1.1606314182281494,1.162520408630371,1.1599582433700562,1.1621150970458984,0,1.162294437067336,1.1704568290710449,46.534330818696446,0.0005991168584535914,0.0034336532865251812
2026-03-09 00:00:00+00:00,1.1526048183441162,1.15340256690979,1.151145339012146,1.1519410610198975,0,1.1613084012532942,1.1699301958084107,32.83745733422687,7.545353539643775e-05,0.004062439714159284
2026-03-09 04:00:00+00:00,1.1522064208984375,1.1574074029922485,1.1519410610198975,1.1566041707992554,0,1.1608603793052905,1.1695079278945923,41.35725557061133,7.13092168079018e-05,0.0043561117989676336
2026-03-09 08:00:00+00:00,1.1568717956542969,1.1574074029922485,1.1520737409591675,1.156336784362793,0,1.1604295607393382,1.1690469765663147,41.03580547453044,7.819131940840947e-05,0.004476172583443778
2026-03-09 12:00:00+00:00,1.1564704179763794,1.15968918800354,1.1551345586776733,1.1595547199249268,0,1.1603462425665372,1.168633680343628,46.43202637529209,0.00031387069177159135,0.0045994690486363
2026-03-09 16:00:00+00:00,1.15968918800354,1.1634671688079834,1.1579434871673584,1.161170482635498,0,1.1604247416207238,1.1683027386665343,48.95791765962084,0.0005776387549264791,0.00458932774407523
2026-03-09 20:00:00+00:00,1.1617100238800049,1.1648223400115967,1.1615750789642334,1.1619800329208374,0,1.160572864601687,1.1679379487037658,50.224336681133835,0.0007924179584887711,0.004465656621115548
2026-03-10 00:00:00+00:00,1.1619800329208374,1.163873314857483,1.161170482635498,1.16130530834198,0,1.1606426211483816,1.1675429368019103,49.13021631640053,0.0008687037780604925,0.004428863525390625
2026-03-10 04:00:00+00:00,1.1610356569290161,1.1665889024734497,1.1610356569290161,1.1664528846740723,0,1.1611959795793996,1.167234125137329,56.85282766769724,0.0012237712894406583,0.0045181938580104285
2026-03-10 08:00:00+00:00,1.16604483127594,1.1663167476654053,1.1623852252960205,1.1642799377441406,0,1.1614896898808034,1.1668762683868408,53.182506268686325,0.0012649926238624438,0.004693090915679932
2026-03-10 12:00:00+00:00,1.1644154787063599,1.1657729148864746,1.162520408630371,1.1650937795639038,0,1.161832936517289,1.166537482738495,54.37065771487461,0.0012950670705628527,0.004800140857696533
2026-03-10 16:00:00+00:00,1.1648223400115967,1.1669973134994507,1.16130530834198,1.1617100238800049,0,1.1618212305518334,1.166161720752716,48.82274623007592,0.0010457457256495785,0.004832455090114048
2026-03-10 20:00:00+00:00,1.1617100238800049,1.1619800329208374,1.1606314182281494,1.161440134048462,0,1.1617849356467504,1.1657861328125,48.39854739522924,0.0008307105263305435,0.00462266377040318
2026-03-11 00:00:00+00:00,1.1615750789642334,1.1634671688079834,1.1610356569290161,1.1633317470550537,0,1.1619322510189698,1.1654511642456056,51.57434778883759,0.0007844864234543864,0.0045078907694135395
2026-03-11 04:00:00+00:00,1.1633317470550537,1.1644154787063599,1.1618449687957764,1.1621150970458984,0,1.1619496649262964,1.165080714225769,49.46565603535027,0.0006463429018284805,0.004508486815861293
2026-03-11 08:00:00+00:00,1.1618449687957764,1.1623852252960205,1.1594202518463135,1.1599582433700562,0,1.161760005730464,1.164664340019226,45.88402713641962,0.0003963530332444005,0.003936716488429478
2026-03-11 12:00:00+00:00,1.1598236560821533,1.16130530834198,1.1570056676864624,1.1570056676864624,0,1.1613072116310355,1.1641665840148925,41.458588128542075,3.768043489078962e-05,0.0038533806800842285
2026-03-11 16:00:00+00:00,1.1568717956542969,1.1579434871673584,1.156738042831421,1.1576753854751587,0,1.160961323425714,1.1637129139900209,42.80606187424396,-0.00013922975693331121,0.0035585079874311176
2026-03-11 20:00:00+00:00,1.1575413942337036,1.1578094959259033,1.154334545135498,1.1546010971069336,0,1.16035558758583,1.1631838178634644,38.43288035280351,-0.00043155726255643596,0.0034813880920410156
2026-03-12 00:00:00+00:00,1.1544678211212158,1.1558021306991577,1.1536686420440674,1.1542012691497803,0,1.159769462020492,1.162621591091156,37.890706988855094,-0.000609240391867018,0.003239231450217111
2026-03-12 04:00:00+00:00,1.1542012691497803,1.1555349826812744,1.1535356044769287,1.155401587486267,0,1.1593534739696134,1.1620945477485656,40.59984296051772,-0.0006022460235732576,0.00312119722366333
2026-03-12 08:00:00+00:00,1.1556684970855713,1.1568717956542969,1.1547343730926514,1.1559356451034546,0,1.1590279664585506,1.1616283535957337,41.81590260152902,-0.0005210125960118514,0.003080810819353376
2026-03-12 12:00:00+00:00,1.1559356451034546,1.1559356451034546,1.151410460472107,1.1524720191955566,0,1.1584035905287418,1.161239378452301,36.584775992311215,-0.0006514412850128985,0.003007377896990095
2026-03-12 16:00:00+00:00,1.1526048183441162,1.15340256690979,1.151410460472107,1.1518083810806274,0,1.157775475343207,1.1608013677597047,35.66417598304088,-0.0007275249545713517,0.002859124115535191
2026-03-12 20:00:00+00:00,1.1516757011413574,1.1526048183441162,1.151145339012146,1.1526048183441162,0,1.1572830318194842,1.1604862475395203,37.690594368447435,-0.0006707210109173681,0.002731050763811384
2026-03-13 00:00:00+00:00,1.1526048183441162,1.1532695293426514,1.1508804559707642,1.1512778997421265,0,1.1567111144787836,1.160081627368927,35.67449700301606,-0.0006675823442847707,0.0024951270648411344
2026-03-13 04:00:00+00:00,1.1512778997421265,1.1512778997421265,1.1458691358566284,1.1461317539215088,0,1.1557035563304718,1.1596042394638062,29.159906374384363,-0.000940457171192224,0.0027851377214704242
2026-03-13 08:00:00+00:00,1.145737886428833,1.147446870803833,1.1436413526535034,1.147315263748169,0,1.1549046713226336,1.159161467552185,32.225199309772734,-0.0009659400309422511,0.0028832810265677316
2026-03-13 12:00:00+00:00,1.1470520496368408,1.1491611003875732,1.1439030170440674,1.144688606262207,0,1.15393171274545,1.1587587928771972,29.20480635415001,-0.0010759809487664224,0.0030752505574907574
2026-03-13 16:00:00+00:00,1.1445575952529907,1.145213007926941,1.1423349380493164,1.1425960063934326,0,1.1528521216643057,1.158411548137665,27.031108740899896,-0.0011967180047792445,0.0030690431594848633
2026-03-13 20:00:00+00:00,1.1424654722213745,1.1425960063934326,1.141422152519226,1.1423349380493164,0,1.1518504851295448,1.158104739189148,26.763475525189662,-0.0011982183314896075,0.0028457726751055035
2026-03-16 00:00:00+00:00,1.144164800643921,1.1458691358566284,1.144164800643921,1.1453442573547363,0,1.1512308443890868,1.1577747249603272,34.779499706280546,-0.0009134652551431254,0.0030121122087751117
2026-03-16 04:00:00+00:00,1.1453442573547363,1.1454753875732422,1.1419435739517212,1.1428571939468384,0,1.1504333538707776,1.1574003672599793,31.692147149385804,-0.0008129056503252971,0.003016173839569092
2026-03-16 08:00:00+00:00,1.1432491540908813,1.1488970518112183,1.142987847328186,1.1482374668121338,0,1.1502242217699543,1.157141706943512,43.397860175986324,-0.00032913864785839636,0.0032952002116612028
2026-03-16 12:00:00+00:00,1.1482374668121338,1.150483250617981,1.1475785970687866,1.1490291357040405,0,1.150110404049391,1.1568799877166749,44.89426131000685,7.737164962774625e-05,0.0033598627362932476
2026-03-16 16:00:00+00:00,1.1488970518112183,1.1527377367019653,1.1481056213378906,1.151012897491455,0,1.1501963558057782,1.1566227793693542,48.5638252991506,0.0004900492376275095,0.0035380550793239047
2026-03-16 20:00:00+00:00,1.1512778997421265,1.1512778997421265,1.1498217582702637,1.1502184867858887,0,1.1501984635181695,1.1563442635536194,47.20809177926417,0.0007065457232367312,0.003318837710789272
2026-03-17 00:00:00+00:00,1.1499539613723755,1.150483250617981,1.1490291357040405,1.1495574712753296,0,1.1501374166378988,1.1560471034049988,46.055969383106536,0.0007956332000949758,0.003280409744807652
2026-03-17 04:00:00+00:00,1.1495574712753296,1.15035080909729,1.1470520496368408,1.1498217582702637,0,1.1501073539362192,1.1557660722732543,46.61693277754134,0.0008574303010656565,0.003411786896841867
2026-03-17 08:00:00+00:00,1.1498217582702637,1.1527377367019653,1.1491611003875732,1.151012897491455,0,1.150193596179575,1.1555548286437989,49.18189521363121,0.0009560781036726355,0.003496612821306501
2026-03-17 12:00:00+00:00,1.151012897491455,1.1544678211212158,1.1507480144500732,1.1528706550598145,0,1.1504485541681693,1.1553942251205445,52.976799835374294,0.0011130148615091737,0.0033759730202811106
2026-03-17 16:00:00+00:00,1.1526048183441162,1.1551345586776733,1.152339220046997,1.1538017988204956,0,1.1507679108017241,1.1552414584159851,54.79878522039363,0.0012365880085911736,0.0033038173403058734
2026-03-17 20:00:00+00:00,1.1539349555969238,1.1547343730926514,1.1536686420440674,1.1542012691497803,0,1.1510948973110628,1.155150511264801,55.59371653885589,0.0012960229917341752,0.003004363604954311
2026-03-18 00:00:00+00:00,1.154068112373352,1.1546010971069336,1.1535356044769287,1.1539349555969238,0,1.1513653790525735,1.1550810623168946,54.900531037395396,0.0012666990657329129,0.0028748938015529086
2026-03-18 04:00:00+00:00,1.154068112373352,1.1552680730819702,1.1527377367019653,1.1530035734176636,0,1.1515213975635346,1.154917724132538,52.437959341358635,0.0011379497942690091,0.0029717854091099332
2026-03-18 08:00:00+00:00,1.1528706550598145,1.1556684970855713,1.1522064208984375,1.155001163482666,0,1.1518528038415472,1.1547700428962708,56.90297287984234,0.0011379584402672269,0.0029666338648114887
2026-03-18 12:00:00+00:00,1.1548677682876587,1.1551345586776733,1.1496896743774414,1.151543140411377,0,1.151823312086293,1.1545667052268982,48.42755627118584,0.0008679114787161158,0.0031032817704336984
2026-03-18 16:00:00+00:00,1.1516757011413574,1.1527377367019653,1.147315263748169,1.147315263748169,0,1.1513939741493289,1.1543809270858765,40.48746047838699,0.00039164679861735773,0.003059182848249163
2026-03-18 20:00:00+00:00,1.1471836566925049,1.1475785970687866,1.145213007926941,1.1466574668884277,0,1.1509428782197193,1.154149842262268,39.40493537346386,3.803693957848617e-05,0.0030206782477242605
2026-03-19 00:00:00+00:00,1.1466574668884277,1.1492931842803955,1.1466574668884277,1.1478420495986938,0,1.150647561208193,1.153894054889679,42.39209086549543,-0.00010266877457159316,0.0028780783925737652
2026-03-19 04:00:00+00:00,1.1477103233337402,1.1479737758636475,1.1454753875732422,1.1456066370010376,0,1.150167473188464,1.1535638856887818,38.53182558768212,-0.00032057637721706763,0.002952524593898228
2026-03-19 08:00:00+00:00,1.145737886428833,1.1488970518112183,1.144688606262207,1.1482374668121338,0,1.1499836630573848,1.1534898138046266,44.89196955552497,-0.00026416667080947484,0.0031492624964032856
2026-03-19 12:00:00+00:00,1.1482374668121338,1.1542012691497803,1.1467890739440918,1.1518083810806274,0,1.1501574457262649,1.1533938980102538,52.13189681340054,2.1818803620864678e-05,0.003443079335348947
2026-03-19 16:00:00+00:00,1.1518083810806274,1.1618449687957764,1.1518083810806274,1.1590172052383423,0,1.1510012323464627,1.153447506427765,62.76653005052333,0.0006688192715304803,0.0039045044354030062
2026-03-19 20:00:00+00:00,1.1588828563690186,1.1599582433700562,1.1579434871673584,1.158077597618103,0,1.1516751718961427,1.1534179639816284,60.86836185005477,0.0009866418554299154,0.003782715116228376
2026-03-20 00:00:00+00:00,1.1579434871673584,1.1582117080688477,1.1559356451034546,1.1560693979263306,0,1.1520936696133035,1.153315942287445,56.9072319557442,0.0010110375278973831,0.0037456239972795758
2026-03-20 04:00:00+00:00,1.1560693979263306,1.1578094959259033,1.1555349826812744,1.1576753854751587,0,1.1526252616001469,1.1532298493385316,59.1942460351943,0.0010785846626975445,0.003831965582711356
2026-03-20 08:00:00+00:00,1.1576753854751587,1.1583458185195923,1.1539349555969238,1.1575413942337036,0,1.1530934647081048,1.153154571056366,58.913316861677366,0.001056137671572478,0.004070920603615897
2026-03-20 12:00:00+00:00,1.1575413942337036,1.1582117080688477,1.1527377367019653,1.1547343730926514,0,1.1532497416971093,1.1529202008247375,53.215488562545815,0.0008054671392649045,0.004281180245535714
2026-03-20 16:00:00+00:00,1.1547343730926514,1.157273530960083,1.1547343730926514,1.1560693979263306,0,1.1535182803856066,1.1527559900283812,55.423639880061884,0.0006873909512790284,0.004215257508414132
2026-03-20 20:00:00+00:00,1.156336784362793,1.1575413942337036,1.156336784362793,1.1575413942337036,0,1.1539014340854254,1.1526049423217772,57.78929482918022,0.000665786574858466,0.003931479794638497
2026-03-23 00:00:00+00:00,1.1564704179763794,1.156738042831421,1.154334545135498,1.155001163482666,0,1.154006170218496,1.1524707651138306,52.60135576925716,0.0004482129782162875,0.0037732209478105816
2026-03-23 04:00:00+00:00,1.1552680730819702,1.1555349826812744,1.1524720191955566,1.1530035734176636,0,1.153910684808893,1.1523020339012147,48.884811585420984,0.0001528237311869227,0.003823033400944301
2026-03-23 08:00:00+00:00,1.1532695293426514,1.16225004196167,1.1488970518112183,1.1558021306991577,0,1.1540908225127278,1.1521514415740968,53.80877028036752,0.00012987653725367808,0.00458855288369315
2026-03-23 12:00:00+00:00,1.1558021306991577,1.1642799377441406,1.1551345586776733,1.1590172052383423,0,1.1545600018199291,1.1520894837379456,58.727639465039104,0.0003051788173715471,0.005063337939126151
2026-03-23 16:00:00+00:00,1.1587486267089844,1.1640088558197021,1.158077597618103,1.1617100238800049,0,1.155240956301841,1.1521245193481446,62.344523909295035,0.0005615256763460627,0.0051863959857395715
2026-03-23 20:00:00+00:00,1.1615750789642334,1.1626555919647217,1.1610356569290161,1.1610356569290161,0,1.1557928325520481,1.1522051191329956,60.90505424761281,0.0006390658325482856,0.004772663116455078
2026-03-24 00:00:00+00:00,1.1610356569290161,1.1610356569290161,1.1583458185195923,1.1586142778396606,0,1.1560615416270588,1.1522238969802856,55.91311718872412,0.00048752183476293617,0.0042478953089032856
2026-03-24 04:00:00+00:00,1.1586142778396606,1.1618449687957764,1.1579434871673584,1.161170482635498,0,1.1565481074373862,1.152355284690857,59.671059589716,0.0005168831282672919,0.004382661410740444
2026-03-24 08:00:00+00:00,1.161170482635498,1.161170482635498,1.1583458185195923,1.1592857837677002,0,1.1568088385164637,1.1524569749832154,55.88843140047508,0.00037350700785457607,0.004421847207205636
2026-03-24 12:00:00+00:00,1.1594202518463135,1.1606314182281494,1.157273530960083,1.158077597618103,0,1.1569296727166198,1.152510495185852,53.54513880526212,0.00017170059922338088,0.004499231066022601
2026-03-24 16:00:00+00:00,1.158077597618103,1.1595547199249268,1.156336784362793,1.1590172052383423,0,1.1571284853377362,1.1525721263885498,55.12109524812585,8.052608368517645e-05,0.004414021968841553
2026-03-24 20:00:00+00:00,1.1588828563690186,1.163061261177063,1.1586142778396606,1.1617100238800049,0,1.1575648223417618,1.1527568864822388,59.37468005291781,0.0001751753105383297,0.004340665681021554
2026-03-25 00:00:00+00:00,1.1618449687957764,1.1633317470550537,1.160496711730957,1.1606314182281494,0,1.1578568790928463,1.1529333472251893,57.04255370236843,0.00014025084260146274,0.004361799785069057
2026-03-25 04:00:00+00:00,1.1606314182281494,1.1607661247253418,1.159151554107666,1.160092830657959,0,1.1580698268609524,1.153083107471466,55.86263914025906,6.008592370007658e-05,0.004371983664376395
2026-03-25 08:00:00+00:00,1.15968918800354,1.1618449687957764,1.1595547199249268,1.1609008312225342,0,1.1583394463239602,1.1532755661010743,57.28995996091863,4.1566705013607215e-05,0.004306512219565255
2026-03-25 12:00:00+00:00,1.161170482635498,1.1615750789642334,1.156738042831421,1.1574074029922485,0,1.1582506802923687,1.1535010790824891,49.7926521274191,-0.00021194525070361786,0.0044332316943577355
2026-03-25 16:00:00+00:00,1.1574074029922485,1.1584800481796265,1.1559356451034546,1.1566041707992554,0,1.1580938698644532,1.1536868572235108,48.22980571195792,-0.0004272914933886726,0.003661189760480608
2026-03-25 20:00:00+00:00,1.1564704179763794,1.156738042831421,1.1559356451034546,1.1564704179763794,0,1.1579392553989223,1.1539224934577943,47.95986058765768,-0.0005637289075327008,0.0030652625220162527
2026-03-26 00:00:00+00:00,1.1566041707992554,1.157273530960083,1.1558021306991577,1.157139539718628,0,1.157863092000799,1.1542133641242982,49.4831523240236,-0.0005910330906682135,0.0027467012405395508
2026-03-26 04:00:00+00:00,1.157139539718628,1.1575413942337036,1.1555349826812744,1.1556684970855713,0,1.1576540829612534,1.1544800353050233,46.27609902714029,-0.0006837365551218609,0.00277430670601981
2026-03-26 08:00:00+00:00,1.155401587486267,1.156738042831421,1.1527377367019653,1.1527377367019653,0,1.157185859507988,1.1546279048919679,40.62672453672017,-0.0009041687560776878,0.0028679115431649344
2026-03-26 12:00:00+00:00,1.1528706550598145,1.1558021306991577,1.1527377367019653,1.1544678211212158,0,1.1569269987092479,1.1548601174354554,44.90279503637684,-0.0008935984241108343,0.002808119569505964
2026-03-26 16:00:00+00:00,1.1544678211212158,1.1546010971069336,1.1524720191955566,1.1524720191955566,0,1.1565027149460392,1.1549448084831238,41.215177678959655,-0.0009745349646560115,0.0027584348406110492
2026-03-26 20:00:00+00:00,1.1524720191955566,1.1560693979263306,1.152339220046997,1.1536686420440674,0,1.1562328032410896,1.1550375986099244,44.175389018134545,-0.0009026291595987482,0.002785027027130127
2026-03-27 00:00:00+00:00,1.1538017988204956,1.1544678211212158,1.1527377367019653,1.1542012691497803,0,1.156039323803822,1.1551013660430909,45.4911446177011,-0.0007790115371384706,0.0026787519454956055
2026-03-27 04:00:00+00:00,1.1542012691497803,1.1548677682876587,1.1520737409591675,1.1522064208984375,0,1.1556742854318807,1.1551411247253418,41.54195707974143,-0.0007889842371650483,0.00256068365914481
2026-03-27 08:00:00+00:00,1.1522064208984375,1.1530035734176636,1.1508804559707642,1.151145339012146,0,1.1552429572014298,1.1551728820800782,39.57400457462501,-0.000820776935196702,0.0025098323822021484
2026-03-27 12:00:00+00:00,1.151012897491455,1.155001163482666,1.150483250617981,1.1524720191955566,0,1.1549790583437276,1.1552258872985839,43.197260149710395,-0.0007103272457863535,0.00271721397127424
2026-03-27 16:00:00+00:00,1.152339220046997,1.1528706550598145,1.151012897491455,1.1520737409591675,0,1.15470236144996,1.1552471041679382,42.37577850832121,-0.0006249765759052174,0.00268632173538208
2026-03-27 20:00:00+00:00,1.1519410610198975,1.1522064208984375,1.151012897491455,1.151012897491455,0,1.1543509839301025,1.155209949016571,40.18377230394264,-0.0006006906255205324,0.002426070826394217
2026-03-29 21:00:00+01:00,1.1491611003875732,1.1496896743774414,1.1491611003875732,1.1494252681732178,0,1.1538818681437326,1.1551224184036255,37.091478690050266,-0.0006482011148154889,0.002376598971230643
2026-03-30 01:00:00+01:00,1.1495574712753296,1.1522064208984375,1.1494252681732178,1.1519410610198975,0,1.1536970293700342,1.155077214241028,44.39384086039059,-0.00047487344553654776,0.0025179386138916016
2026-03-30 05:00:00+01:00,1.1519410610198975,1.1524720191955566,1.1498217582702637,1.1500862836837769,0,1.1533531488284858,1.1550002408027649,40.647641944773135,-0.00045005206562126064,0.002602142947060721
2026-03-30 09:00:00+01:00,1.1500862836837769,1.1502184867858887,1.1488970518112183,1.1488970518112183,0,1.1529287586363652,1.154918110370636,38.40960429155755,-0.00047611341224222626,0.0025532160486493793
2026-03-30 13:00:00+01:00,1.1487650871276855,1.1490291357040405,1.144819736480713,1.145737886428833,0,1.1522439136642193,1.1547328448295593,33.18280698661124,-0.000657332282938616,0.0025681512696402414
2026-03-30 17:00:00+01:00,1.145737886428833,1.1469204425811768,1.145213007926941,1.1461317539215088,0,1.1516618032125325,1.154624617099762,34.381707674641945,-0.0006980566403818407,0.0024712256022862028
2026-03-30 21:00:00+01:00,1.1462632417678833,1.1471836566925049,1.1456066370010376,1.1458691358566284,0,1.1511101206072083,1.1545956945419311,33.94436504335606,-0.0006888912829653929,0.0024317928722926547
2026-03-31 01:00:00+01:00,1.1460003852844238,1.1492931842803955,1.145213007926941,1.147315263748169,0,1.1507487056682522,1.1546088504791259,38.577635877595675,-0.0005383181844009722,0.0024567927633013043
2026-03-31 05:00:00+01:00,1.147315263748169,1.1477103233337402,1.1463946104049683,1.1475785970687866,0,1.1504467905635412,1.1546035814285278,39.411038988917795,-0.0003812629941052099,0.002427194799695696
2026-03-31 09:00:00+01:00,1.1475785970687866,1.1494252681732178,1.1461317539215088,1.1491611003875732,0,1.1503243438801156,1.1546746706962585,44.30197397843851,-0.00014332272394124287,0.002462872437068394
2026-03-31 13:00:00+01:00,1.1495574712753296,1.1542012691497803,1.1492931842803955,1.1519410610198975,0,1.1504783169410473,1.1547487425804137,51.68094075310875,0.00020958711489074038,0.0026712332453046527
2026-03-31 17:00:00+01:00,1.1519410610198975,1.156336784362793,1.1518083810806274,1.156336784362793,0,1.1510362662193088,1.154839310646057,60.57506389168931,0.0007186940451679284,0.002671982560838972
2026-03-31 21:00:00+01:00,1.156336784362793,1.1576753854751587,1.155001163482666,1.1576753854751587,0,1.1516685632912944,1.1548124742507935,62.81949103459382,0.001102277611914935,0.002730301448277065
2026-04-01 01:00:00+01:00,1.1576753854751587,1.1582117080688477,1.1559356451034546,1.1564704179763794,0,1.1521258827851122,1.154780330657959,59.533941744176346,0.0012222405616135643,0.0028076257024492535
2026-04-01 05:00:00+01:00,1.156336784362793,1.160092830657959,1.156336784362793,1.1586142778396606,0,1.1527438251712596,1.1548312282562256,63.21975968810738,0.001381611164975097,0.002943643501826695
2026-04-01 09:00:00+01:00,1.1584800481796265,1.161440134048462,1.158077597618103,1.1610356569290161,0,1.153533523433903,1.1548984336853028,66.88816492831961,0.0015718889091803881,0.002985170909336635
2026-04-01 13:00:00+01:00,1.161170482635498,1.163061261177063,1.1598236560821533,1.1617100238800049,0,1.1543122377621033,1.1549818062782287,67.8499167525145,0.0016564910906091887,0.0030271240643092562
2026-04-01 17:00:00+01:00,1.1617100238800049,1.162520408630371,1.158077597618103,1.1588828563690186,0,1.1547475347722858,1.155064775943756,59.98390725549884,0.0014431876630071885,0.003250079495566232
2026-04-01 21:00:00+01:00,1.1588828563690186,1.1598236560821533,1.1584800481796265,1.1592857837677002,0,1.1551797489623252,1.1551291036605835,60.68349151987741,0.0012571922836307919,0.003045380115509033
2026-04-02 01:00:00+01:00,1.1592857837677002,1.1606314182281494,1.1542012691497803,1.154334545135498,0,1.1550992533597704,1.1550649666786195,49.28192007089208,0.0007535074816661507,0.003382716860089983
2026-04-02 05:00:00+01:00,1.154334545135498,1.1544678211212158,1.1519410610198975,1.1536686420440674,0,1.1549630046630368,1.1550383162498474,47.97634114098224,0.00034886780082575737,0.0034505554607936312
2026-04-02 09:00:00+01:00,1.1536686420440674,1.1538017988204956,1.1512778997421265,1.1522064208984375,0,1.1547004728759322,1.1550223731994629,45.14794514570666,-2.4094734372957847e-05,0.0033393927982875277
2026-04-02 13:00:00+01:00,1.1522064208984375,1.1560693979263306,1.1522064208984375,1.1548677682876587,0,1.1547164057722872,1.155003685951233,50.8297779497162,-9.44399087260885e-05,0.003521340233939035
2026-04-02 17:00:00+01:00,1.1548677682876587,1.1551345586776733,1.1536686420440674,1.1538017988204956,0,1.154629300348307,1.154899377822876,48.65578604482139,-0.00020907618012126435,0.0033907975469316754
2026-04-02 21:00:00+01:00,1.1536686420440674,1.1547343730926514,1.1536686420440674,1.1544678211212158,0,1.1546139213742983,1.1547545337677,50.09206243796305,-0.00023445563502363129,0.0031069091388157438
2026-04-03 01:00:00+01:00,1.1544678211212158,1.1547343730926514,1.1535356044769287,1.1539349555969238,0,1.1545492579669294,1.1546125197410584,48.91313905116609,-0.0002785360619303282,0.0028690780912126812
2026-04-03 05:00:00+01:00,1.1539349555969238,1.155001163482666,1.1532695293426514,1.1546010971069336,0,1.1545541950278821,1.1545322561264038,50.48210109164752,-0.000254874459116236,0.0028017503874642508
2026-04-03 09:00:00+01:00,1.1546010971069336,1.1551345586776733,1.154334545135498,1.1547343730926514,0,1.1545713548435743,1.154403533935547,50.80761621905587,-0.00022341916721411385,0.0026963182858058383
2026-04-03 13:00:00+01:00,1.1548677682876587,1.1548677682876587,1.1524720191955566,1.1524720191955566,0,1.1543714181151918,1.154267258644104,45.35698871955201,-0.00034110216537700026,0.002599154199872698
2026-04-03 17:00:00+01:00,1.1524720191955566,1.1524720191955566,1.1516757011413574,1.1519410610198975,0,1.1541399555346876,1.1541445279121398,44.159621189747725,-0.00043482194631947515,0.002415852887289865
2026-04-03 21:00:00+01:00,1.1519410610198975,1.1532695293426514,1.1518083810806274,1.1522064208984375,0,1.1539558093788544,1.1540083122253417,44.94190452421991,-0.0004567988961253815,0.0022889631135123117
2026-04-05 21:00:00+01:00,1.1518083810806274,1.1519410610198975,1.1512778997421265,1.1512778997421265,0,1.1537007703658329,1.1537996697425843,42.68835863438922,-0.000507806322675734,0.002037942409515381
2026-04-06 01:00:00+01:00,1.151410460472107,1.1531364917755127,1.151012897491455,1.1522064208984375,0,1.153558451368938,1.15363116979599,45.62466625590787,-0.0004546661007200146,0.0020936557224818637
2026-04-06 05:00:00+01:00,1.152339220046997,1.157139539718628,1.1522064208984375,1.156738042831421,0,1.1538612696034602,1.1535640740394593,57.16051382820608,-0.00010805609852114167,0.001986724989754813
2026-04-06 09:00:00+01:00,1.1570056676864624,1.1570056676864624,1.1544678211212158,1.1548677682876587,0,1.1539571266210031,1.1534434127807618,52.23506212536373,-3.982588023618516e-06,0.0019875168800354004
2026-04-06 13:00:00+01:00,1.1548677682876587,1.157273530960083,1.1539349555969238,1.1547343730926514,0,1.1540311500944933,1.1533899521827697,51.89160969764008,5.347070228898003e-05,0.002045708043234689
2026-04-06 17:00:00+01:00,1.1548677682876587,1.1555349826812744,1.1538017988204956,1.1546010971069336,0,1.1540854307623447,1.1533498907089232,51.527077089477665,7.857728246987413e-05,0.0018935799598693848
2026-04-06 21:00:00+01:00,1.1546010971069336,1.1551345586776733,1.1542012691497803,1.1544678211212158,0,1.154121848891761,1.1533098387718201,51.14018821122295,8.191434945887567e-05,0.0018555351666041783
2026-04-07 01:00:00+01:00,1.1544678211212158,1.1546010971069336,1.1528706550598145,1.1538017988204956,0,1.154091367932593,1.1532430839538574,49.15395272594969,3.72464481563542e-05,0.0019030145236424037
2026-04-07 05:00:00+01:00,1.1538017988204956,1.1548677682876587,1.15340256690979,1.1546010971069336,0,1.1541399135682444,1.1532217359542847,51.584252519215376,5.8259972362831873e-05,0.0019220454352242605
2026-04-07 09:00:00+01:00,1.1546010971069336,1.1578094959259033,1.1546010971069336,1.156203031539917,0,1.154336400994118,1.1532910418510438,56.111875099605534,0.0001704293554616969,0.002027528626578195
2026-04-07 13:00:00+01:00,1.156336784362793,1.1582117080688477,1.1558021306991577,1.1575413942337036,0,1.1546416384455072,1.1533525133132934,59.51799085995882,0.0003166443848995634,0.0021424974714006695
2026-04-07 17:00:00+01:00,1.1574074029922485,1.160496711730957,1.1570056676864624,1.1598236560821533,0,1.1551351639347116,1.1534995460510253,64.56792073957058,0.0005360494747630244,0.0022207328251429965
2026-04-07 21:00:00+01:00,1.15968918800354,1.1693171262741089,1.1595547199249268,1.1689070463180542,0,1.1564467717807443,1.153804314136505,76.9123349874734,0.0012226374590404822,0.0028611677033560617
2026-04-08 01:00:00+01:00,1.1690436601638794,1.169864296913147,1.1669973134994507,1.1675423383712769,0,1.1575034924084142,1.154071135520935,72.80812004582475,0.0014964946985916196,0.0029615844999040875
2026-04-08 05:00:00+01:00,1.1674060821533203,1.1710972785949707,1.1674060821533203,1.169864296913147,0,1.1586807118850555,1.1544242930412292,75.23003514758277,0.001729167882699503,0.003158918448856899
2026-04-08 09:00:00+01:00,1.169864296913147,1.1710972785949707,1.1675423383712769,1.1704120635986328,0,1.1597979834768248,1.154809627532959,75.77812687053864,0.0018066646831196762,0.0032611574445452008
2026-04-08 13:00:00+01:00,1.1704120635986328,1.1724703311920166,1.1689070463180542,1.1691803932189941,0,1.1606915463094125,1.1551437950134278,71.92434327662815,0.0016651601515050999,0.0031633121626717703
2026-04-08 17:00:00+01:00,1.1689070463180542,1.1690436601638794,1.164958119392395,1.1674060821533203,0,1.1613310259135943,1.1554504418373108,66.6646658327476,0.0013553824314166303,0.003283628395625523
2026-04-08 21:00:00+01:00,1.1671334505081177,1.1671334505081177,1.1659088134765625,1.1661807298660278,0,1.1617929024804927,1.1557537984848023,63.22596374561983,0.0009883174727978975,0.003152106489453997
2026-04-09 01:00:00+01:00,1.1661807298660278,1.1669973134994507,1.1653653383255005,1.1665889024734497,0,1.1622496643845839,1.156097071170807,63.89406912024609,0.0007065833017157104,0.0031448772975376676
2026-04-09 05:00:00+01:00,1.1667250394821167,1.1674060821533203,1.1657729148864746,1.1665889024734497,0,1.162662925154952,1.156390027999878,63.89406912024609,0.0004654427174093966,0.003194868564605713
2026-04-09 09:00:00+01:00,1.1665889024734497,1.1693171262741089,1.1663167476654053,1.1691803932189941,0,1.1632836363991466,1.1567719101905822,68.15426973891681,0.00042670844184465075,0.003285578319004604
2026-04-09 13:00:00+01:00,1.1691803932189941,1.1709601879119873,1.1678149700164795,1.170823097229004,0,1.1640016802877045,1.157210431098938,70.52812183354638,0.0004553471262913455,0.0034055794988359723
2026-04-09 17:00:00+01:00,1.170823097229004,1.1726078987121582,1.1701380014419556,1.1704120635986328,0,1.1646121929839834,1.157703914642334,69.13935138075138,0.00039261002316840323,0.0033528293882097516
2026-04-09 21:00:00+01:00,1.1702749729156494,1.1706860065460205,1.1694538593292236,1.1694538593292236,0,1.1650733040644825,1.1581703567504882,65.88245921742632,0.000240075139701393,0.0032687272344316754
2026-04-10 01:00:00+01:00,1.1694538593292236,1.1700011491775513,1.1689070463180542,1.169864296913147,0,1.1655295890976887,1.1586502599716186,66.60805295443248,0.0001260492237074671,0.0030975171497889926
2026-04-10 05:00:00+01:00,1.169864296913147,1.1700011491775513,1.1682243347167969,1.1682243347167969,0,1.1657862315376037,1.1590684413909913,61.0235482588965,-8.900160612940623e-05,0.0025271177291870117
2026-04-10 09:00:00+01:00,1.1683608293533325,1.172195553779602,1.1680878400802612,1.171783447265625,0,1.1663573949402726,1.159552538394928,67.40969525950713,-2.4103918016175375e-05,0.002615741321018764
2026-04-10 13:00:00+01:00,1.171783447265625,1.1741223335266113,1.1713716983795166,1.1726078987121582,0,1.1669526810137856,1.1600214743614197,68.68947436544074,3.8393288418558415e-05,0.002548558371407645
2026-04-10 17:00:00+01:00,1.1724703311920166,1.17384672164917,1.1716461181640625,1.1731581687927246,0,1.167543679849875,1.1604458165168763,69.54897077930592,7.852459230003926e-05,0.002451820032937186
2026-04-10 21:00:00+01:00,1.1730204820632935,1.173433542251587,1.1727453470230103,1.1728830337524414,0,1.1680521897453575,1.1607767415046693,68.53593050446189,4.967923255223567e-05,0.0022464564868382047
2026-04-12 21:00:00+01:00,1.1675423383712769,1.1678149700164795,1.1667250394821167,1.1676785945892334,0,1.168016609254298,1.1609768056869507,52.85324659041041,-0.0003355771446279655,0.0023847222328186035
2026-04-13 01:00:00+01:00,1.1679514646530151,1.1693171262741089,1.1674060821533203,1.1691803932189941,0,1.1681274458223645,1.161231005191803,55.983234450450325,-0.0004952879896619965,0.0024142776216779438
2026-04-13 05:00:00+01:00,1.1691803932189941,1.1702749729156494,1.1682243347167969,1.1701380014419556,0,1.1683189273099446,1.161461479663849,57.90238565389919,-0.0005388590572026524,0.0024441821234566824
2026-04-13 09:00:00+01:00,1.1700011491775513,1.1702749729156494,1.1686338186264038,1.1686338186264038,0,1.1683489169591312,1.1616134428977967,53.92516242200478,-0.0006632294789476281,0.0024447526250566754
2026-04-13 13:00:00+01:00,1.1684973239898682,1.172195553779602,1.1684973239898682,1.1712344884872437,0,1.168623733295142,1.1618039321899414,59.14970200800075,-0.0005682499252807581,0.0024945991379874094
2026-04-13 17:00:00+01:00,1.1713716983795166,1.176885962486267,1.1710972785949707,1.1764705181121826,0,1.16937104613486,1.1621556854248047,67.21113351384248,-0.00017128738170159872,0.0026834181376865934
2026-04-13 21:00:00+01:00,1.1764705181121826,1.177024483680725,1.1759172677993774,1.177024483680725,0,1.170099944948752,1.162510459423065,67.93216128205736,9.573482575458503e-05,0.0025860837527683805
2026-04-14 01:00:00+01:00,1.177024483680725,1.177163004875183,1.1760554313659668,1.177163004875183,0,1.1707726173226978,1.1629670286178588,68.1209383583766,0.00024058431411026673,0.00257718563079834
2026-04-14 05:00:00+01:00,1.177024483680725,1.1796625852584839,1.1761938333511353,1.1784114837646484,0,1.1715001284124074,1.1634618854522705,69.8440080469356,0.00037155162619540924,0.002746803419930594
2026-04-14 09:00:00+01:00,1.1782727241516113,1.1807769536972046,1.1778563261032104,1.1807769536972046,0,1.172383635582388,1.1640332961082458,72.83942438997326,0.0005573892537857976,0.0028285043580191477
2026-04-14 13:00:00+01:00,1.1800801753997803,1.1813349723815918,1.1791062355041504,1.1793843507766724,0,1.1730503703627961,1.1645236277580262,68.52402501741449,0.0005267747838015487,0.002694291727883475
2026-04-14 17:00:00+01:00,1.1793843507766724,1.1802195310592651,1.1792453527450562,1.1795234680175781,0,1.1736668558537278,1.1650380611419677,68.72337340700231,0.0004586473695732756,0.0025674019541059223
2026-04-14 21:00:00+01:00,1.1795234680175781,1.18035888671875,1.1791062355041504,1.1802195310592651,0,1.174290920159017,1.1655530953407287,69.75549835456803,0.00040507655001758647,0.0024996910776410785
2026-04-15 01:00:00+01:00,1.1802195310592651,1.1802195310592651,1.1782727241516113,1.1791062355041504,0,1.1747495216204584,1.1660565209388734,66.00380015732283,0.00024704550282481216,0.0025895919118608746
2026-04-15 05:00:00+01:00,1.1791062355041504,1.1802195310592651,1.1786893606185913,1.178828239440918,0,1.1751379709366927,1.166541063785553,65.06278855997249,8.456885279499796e-05,0.002259033066885812
2026-04-15 09:00:00+01:00,1.1789672374725342,1.1798018217086792,1.1777175664901733,1.178550362586975,0,1.175462960617672,1.1670173835754394,64.07936045737361,-7.236206235697621e-05,0.0022714052881513324
2026-04-15 13:00:00+01:00,1.1786893606185913,1.1810559034347534,1.1781338453292847,1.18035888671875,0,1.175929239293965,1.1675751209259033,67.52031093877793,-8.427627596490316e-05,0.0023336495671953473
2026-04-15 17:00:00+01:00,1.1802195310592651,1.1807769536972046,1.1796625852584839,1.1804981231689453,0,1.1763643710915823,1.1681462621688843,67.77624250866236,-0.00011101022511853962,0.0022960220064435688
2026-04-15 21:00:00+01:00,1.18035888671875,1.1811953783035278,1.179940938949585,1.1810559034347534,0,1.176811183695694,1.1687232518196107,68.83565452265543,-0.00011866795634019869,0.0021214655467442106
2026-04-16 01:00:00+01:00,1.1810559034347534,1.182732105255127,1.1800801753997803,1.1816140413284302,0,1.1772685987083358,1.1693299746513366,69.90197976608725,-0.00011367436155370215,0.001897411687033517
2026-04-16 05:00:00+01:00,1.1816140413284302,1.1816140413284302,1.1795234680175781,1.1796625852584839,0,1.1774965974273974,1.1698790979385376,61.92400479662671,-0.0002609102702377502,0.001967651503426688
2026-04-16 09:00:00+01:00,1.1795234680175781,1.1796625852584839,1.1777175664901733,1.178828239440918,0,1.1776234204763043,1.1703209018707275,58.832347356221376,-0.0004239562990764989,0.0020274690219334195
2026-04-16 13:00:00+01:00,1.1786893606185913,1.1786893606185913,1.177163004875183,1.1784114837646484,0,1.1776984741228131,1.1707917761802673,57.29363023356654,-0.0005607487532684444,0.001898646354675293
2026-04-16 17:00:00+01:00,1.178550362586975,1.1791062355041504,1.177163004875183,1.178550362586975,0,1.1777796063574952,1.1712680959701538,57.69074602956891,-0.0006371777335273587,0.0018288322857448033
2026-04-16 21:00:00+01:00,1.178550362586975,1.1791062355041504,1.1777175664901733,1.1784114837646484,0,1.1778397851581763,1.1717443037033082,57.11875668943027,-0.0006880391113681821,0.0017688274383544922
2026-04-17 01:00:00+01:00,1.1784114837646484,1.178828239440918,1.1777175664901733,1.1786893606185913,0,1.1779206971067873,1.1722287344932556,58.01570957058791,-0.0006920444199167391,0.0017785770552498953
2026-04-17 05:00:00+01:00,1.1786893606185913,1.178828239440918,1.1777175664901733,1.178550362586975,0,1.1779806652477576,1.1727237057685853,57.36927793173636,-0.0006914979591742666,0.0017684357506888254
2026-04-17 09:00:00+01:00,1.1786893606185913,1.1802195310592651,1.1784114837646484,1.1798018217086792,0,1.1781541087202263,1.17322772026062,61.52587950958488,-0.0005978153931097347,0.0017585243497576033
2026-04-17 13:00:00+01:00,1.1798018217086792,1.1852554082870483,1.1798018217086792,1.18035888671875,0,1.1783640875772285,1.1737108373641967,63.24386481778858,-0.0004936199832583817,0.002038768359592983
2026-04-17 17:00:00+01:00,1.18035888671875,1.1807769536972046,1.177163004875183,1.177163004875183,0,1.1782496987484623,1.1741032695770264,49.568817926354356,-0.0006266766629883375,0.0021480321884155273
2026-04-17 21:00:00+01:00,1.1773016452789307,1.1774401664733887,1.1766090393066406,1.176747441291809,0,1.1781066266097335,1.1744417452812195,48.11203253283402,-0.0007226015662000875,0.001998679978506906
2026-04-19 21:00:00+01:00,1.1743981838226318,1.1748120784759521,1.1739845275878906,1.1742602586746216,0,1.1777403058540086,1.1745488095283507,40.449756368325254,-0.0009207833812391632,0.002116433211735317
2026-04-20 01:00:00+01:00,1.1741223335266113,1.1764705181121826,1.1741223335266113,1.1763322353363037,0,1.1776062038999415,1.1747246074676514,47.894496791261595,-0.0008796152836106049,0.0021945578711373465
2026-04-20 05:00:00+01:00,1.1763322353363037,1.1764705181121826,1.1750881671905518,1.1755025386810303,0,1.1774058548314736,1.174837372303009,45.44449467692863,-0.00087375858849603,0.0021038736615862164
2026-04-20 09:00:00+01:00,1.1763322353363037,1.1778563261032104,1.1763322353363037,1.177163004875183,0,1.177382726264208,1.1749723911285401,50.86193658596004,-0.0007294335658747804,0.0021226746695382254
2026-04-20 13:00:00+01:00,1.176885962486267,1.1792453527450562,1.1760554313659668,1.178828239440918,0,1.1775203941857995,1.1751653480529785,55.621413336211916,-0.000503918201340915,0.0022115962845938547
2026-04-20 17:00:00+01:00,1.1789672374725342,1.1792453527450562,1.1784114837646484,1.1789672374725342,0,1.177658188784536,1.1753965711593628,56.00447404122221,-0.0003355885099976696,0.002152213028499058
2026-04-20 21:00:00+01:00,1.178828239440918,1.1793843507766724,1.178550362586975,1.178828239440918,0,1.177769622180382,1.1756495213508606,55.488671888732966,-0.0002289019965204498,0.002072981425694057
2026-04-21 01:00:00+01:00,1.178828239440918,1.1789672374725342,1.1777175664901733,1.1778563261032104,0,1.177777879696842,1.1758748698234558,51.889957987190314,-0.00021907791107105023,0.0020630529948643278
2026-04-21 05:00:00+01:00,1.177994966506958,1.178550362586975,1.176747441291809,1.176747441291809,0,1.1776797427058865,1.176078040599823,48.060193378187996,-0.0002787221903516881,0.002112499305180141
2026-04-21 09:00:00+01:00,1.176885962486267,1.177163004875183,1.1760554313659668,1.177024483680725,0,1.1776173370844425,1.1762349224090576,49.07152572945106,-0.00028969934274480935,0.0021122779164995465
2026-04-21 13:00:00+01:00,1.177163004875183,1.1778563261032104,1.1745359897613525,1.1755025386810303,0,1.177415927712689,1.1763285112380981,44.00266907172847,-0.0003837443313527091,0.0022202985627310617
2026-04-21 17:00:00+01:00,1.1755025386810303,1.1761938333511353,1.1724703311920166,1.1730204820632935,0,1.1769973138413181,1.1763806796073915,37.24567276993694,-0.0005853220862168841,0.0020967211042131695
2026-04-21 21:00:00+01:00,1.1728830337524414,1.1759172677993774,1.1727453470230103,1.1746740341186523,0,1.1767760491058261,1.17648508310318,43.4732555059141,-0.000578473305299113,0.00206514767238072
2026-04-22 01:00:00+01:00,1.1749500036239624,1.1755025386810303,1.1741223335266113,1.1742602586746216,0,1.17653645001714,1.1765730023384093,42.340938998971325,-0.0005719593877401267,0.002104367528642927
2026-04-22 05:00:00+01:00,1.1742602586746216,1.1764705181121826,1.1742602586746216,1.1759172677993774,0,1.176477480282115,1.176726861000061,48.16364666241166,-0.00043254058177959317,0.002064892223903111
2026-04-22 09:00:00+01:00,1.1759172677993774,1.1761938333511353,1.1735711097717285,1.1737089157104492,0,1.176213807465766,1.1767653703689576,42.06655814118298,-0.0004628206057402894,0.0020845021520342144
2026-04-22 13:00:00+01:00,1.17384672164917,1.1746740341186523,1.1716461181640625,1.1716461181640625,0,1.1757787894370324,1.1767461347579955,37.31477182834331,-0.0005875334271492524,0.0022020425115312848
2026-04-22 17:00:00+01:00,1.171783447265625,1.17205810546875,1.170823097229004,1.170823097229004,0,1.1753068187505535,1.1766994333267211,35.58751641449996,-0.0006844384898379166,0.0021221297127859934
2026-04-22 21:00:00+01:00,1.1709601879119873,1.1713716983795166,1.1706860065460205,1.1709601879119873,0,1.1748928539087853,1.176660976409912,36.117956472207176,-0.000696002210338887,0.001943256173815046
2026-04-23 01:00:00+01:00,1.170823097229004,1.1716461181640625,1.1695905923843384,1.169864296913147,0,1.1744139437187244,1.1767046904563905,33.72691561113568,-0.0007305691221958904,0.002030517373766218
2026-04-23 05:00:00+01:00,1.1700011491775513,1.1713716983795166,1.169864296913147,1.170548915863037,0,1.1740458458277068,1.1767320609092713,36.552726107241725,-0.0006624488339699399,0.002078618322099958
2026-04-23 09:00:00+01:00,1.1706860065460205,1.170823097229004,1.1682243347167969,1.1694538593292236,0,1.1736085137802321,1.1767183780670165,34.05170680216226,-0.0006456020530173207,0.0021749820028032574
2026-04-23 13:00:00+01:00,1.1694538593292236,1.1719207763671875,1.168770432472229,1.170823097229004,0,1.1733432360134484,1.1767621636390686,39.61525157367201,-0.0005030386778046448,0.0022712264742170063
2026-04-23 17:00:00+01:00,1.1706860065460205,1.1709601879119873,1.1674060821533203,1.1690436601638794,0,1.1729337525992036,1.1767183470726013,35.43184392856698,-0.000488946538028924,0.0024459787777491976
2026-04-23 21:00:00+01:00,1.1689070463180542,1.1697274446487427,1.1682243347167969,1.1686338186264038,0,1.1725242350779848,1.1765616130828858,34.52746490036448,-0.00046759761796322783,0.0023161768913269043
2026-04-24 01:00:00+01:00,1.1686338186264038,1.1691803932189941,1.1676785945892334,1.1680878400802612,0,1.1721017212686777,1.1763828802108764,33.3077825527686,-0.0004504416305617417,0.0021574837820870535
2026-04-24 05:00:00+01:00,1.1680878400802612,1.1695905923843384,1.1679514646530151,1.1695905923843384,0,1.171862566136836,1.1762314319610596,39.62908160458218,-0.0003050411730889412,0.0020479985645839144
2026-04-24 09:00:00+01:00,1.1691803932189941,1.172195553779602,1.168770432472229,1.171783447265625,0,1.1718550310062446,1.1760988712310791,47.45554006508686,-4.214571371808067e-05,0.0021940640040806363
2026-04-24 13:00:00+01:00,1.1719207763671875,1.172195553779602,1.1702749729156494,1.17205810546875,0,1.171874371431245,1.17592449426651,48.35857200369568,0.0001582931500550425,0.002173372677394322
2026-04-24 17:00:00+01:00,1.172195553779602,1.1724703311920166,1.1715089082717896,1.172195553779602,0,1.1719049602263265,1.1757807183265685,48.83248867717019,0.0002999608963586539,0.002054708344595773
2026-04-24 21:00:00+01:00,1.172195553779602,1.1727453470230103,1.17205810546875,1.1726078987121582,0,1.1719719067487866,1.1756424069404603,50.30586873180908,0.0004142251760916966,0.0018875173160008021
2026-04-26 21:00:00+01:00,1.1710972785949707,1.1713716983795166,1.1709601879119873,1.1709601879119873,0,1.1718755525738533,1.1754572200775146,44.759477390641514,0.00037291152435302223,0.0019169960703168596
2026-04-27 01:00:00+01:00,1.1709601879119873,1.1735711097717285,1.1709601879119873,1.1732958555221558,0,1.1720108195213108,1.1753410124778747,52.71752904299263,0.0004896103325585761,0.0020545125007629395
2026-04-27 05:00:00+01:00,1.1732958555221558,1.1748120784759521,1.17205810546875,1.1748120784759521,0,1.1722776060884197,1.1752606892585755,57.04378033314871,0.0006458197805016305,0.0021044015884399414
2026-04-27 09:00:00+01:00,1.1746740341186523,1.175364375114441,1.1741223335266113,1.1743981838226318,0,1.1724795658726304,1.1751776456832885,55.54959688369783,0.0006939574241038996,0.002085447311401367
2026-04-27 13:00:00+01:00,1.1745359897613525,1.1757789850234985,1.173433542251587,1.173433542251587,0,1.1725704207658643,1.1750391387939454,52.122830813471204,0.0006351052486359363,0.0020673530442374094
2026-04-27 17:00:00+01:00,1.173433542251587,1.1737089157104492,1.172195553779602,1.172333002090454,0,1.1725478094634443,1.1748758363723755,48.45062090150619,0.0005021587917331603,0.0019504257610866002
2026-04-27 21:00:00+01:00,1.1724703311920166,1.1727453470230103,1.172195553779602,1.1726078987121582,0,1.1725535322490361,1.1747068762779236,49.40939776182905,0.0004163733883727757,0.0017358320099966867
2026-04-28 01:00:00+01:00,1.1727453470230103,1.1730204820632935,1.1710972785949707,1.171783447265625,0,1.1724801908220446,1.1745102643966674,46.60945900297958,0.0002935378076961867,0.001765838691166469
2026-04-28 05:00:00+01:00,1.1716461181640625,1.1719207763671875,1.1690436601638794,1.1701380014419556,0,1.172257125166798,1.174319772720337,41.54886679894653,0.00010085616257770246,0.0018640756607055664
2026-04-28 09:00:00+01:00,1.1701380014419556,1.1710972785949707,1.1686338186264038,1.1686338186264038,0,1.171912048353427,1.1741158843040467,37.536649019791675,-0.00011671774879521042,0.0019229565347943986
2026-04-28 13:00:00+01:00,1.1684973239898682,1.1719207763671875,1.1682243347167969,1.1716461181640625,0,1.1718867216687257,1.1739805769920348,48.30308901200704,-4.999069064031271e-05,0.0019423365592956543
2026-04-28 17:00:00+01:00,1.1716461181640625,1.17205810546875,1.1709601879119873,1.1712344884872437,0,1.1718246042228702,1.1738342595100404,47.10817586628375,-2.6960459909323108e-05,0.0018835748944963729
2026-04-28 21:00:00+01:00,1.1713716983795166,1.172195553779602,1.1713716983795166,1.172195553779602,0,1.1718599327520827,1.1737099409103393,50.20541306678578,5.5137797599271376e-05,0.001883549349648612
2026-04-29 01:00:00+01:00,1.172333002090454,1.1724703311920166,1.1709601879119873,1.1709601879119873,0,1.1717742427673117,1.1735553574562072,46.44085888295512,2.9658248074523712e-05,0.0019423280443464006
2026-04-29 05:00:00+01:00,1.1709601879119873,1.1712344884872437,1.1701380014419556,1.1709601879119873,0,1.1716967137334713,1.1734035539627075,46.44085888295512,1.6857259803673046e-05,0.0019029549189976283
2026-04-29 09:00:00+01:00,1.170823097229004,1.1712344884872437,1.169864296913147,1.170548915863037,0,1.1715873996505728,1.1732184958457947,45.13417223522368,-1.3610845402512372e-05,0.0018143313271658762
2026-04-29 13:00:00+01:00,1.170548915863037,1.1710972785949707,1.168770432472229,1.169864296913147,0,1.1714232946279608,1.1730086040496825,42.96691820154048,-7.096850757387901e-05,0.0017838222639901297
2026-04-29 17:00:00+01:00,1.169864296913147,1.1701380014419556,1.1667250394821167,1.1679514646530151,0,1.1710926441541565,1.1728243732452392,37.54264167662898,-0.00022039319222862043,0.0019388880048479354
2026-04-29 21:00:00+01:00,1.1679514646530151,1.1689070463180542,1.1671334505081177,1.1689070463180542,0,1.1708844919792896,1.172667565345764,41.51482269041073,-0.00023613281782651702,0.0018980417932782853
2026-04-30 01:00:00+01:00,1.1691803932189941,1.1693171262741089,1.1665889024734497,1.1668611764907837,0,1.1705013190756222,1.1725195837020874,36.20575886069471,-0.0003582635689801789,0.0019848176411220004
2026-04-30 05:00:00+01:00,1.1669973134994507,1.1684973239898682,1.1659088134765625,1.1682243347167969,0,1.1702844634224008,1.1723574256896974,41.56768476883735,-0.00032230315931417364,0.0021304403032575336
2026-04-30 09:00:00+01:00,1.1683608293533325,1.172195553779602,1.1678149700164795,1.170823097229004,0,1.1703357618801724,1.1722638368606568,50.16695785732679,-0.00010955140383395547,0.002305967467171805
2026-04-30 13:00:00+01:00,1.170823097229004,1.17384672164917,1.168770432472229,1.1732958555221558,0,1.1706176755603614,1.1721864938735962,56.69713594585014,0.00019506533852497727,0.0024630512510027203
2026-04-30 17:00:00+01:00,1.1731581687927246,1.1743981838226318,1.1727453470230103,1.1739845275878906,0,1.170938328134412,1.1720896196365356,58.33469755194777,0.0004269919535019518,0.002405149596078055
2026-04-30 21:00:00+01:00,1.17384672164917,1.1741223335266113,1.1732958555221558,1.1732958555221558,0,1.1711628545522923,1.171976191997528,56.051957326145924,0.0005123277427032829,0.0022001521927969797
2026-05-01 01:00:00+01:00,1.1732958555221558,1.1741223335266113,1.1728830337524414,1.1735711097717285,0,1.1713922121922387,1.1718710494041442,56.77994018537016,0.0005616576261403012,0.0022102509226117817
2026-05-01 05:00:00+01:00,1.173433542251587,1.1748120784759521,1.172333002090454,1.17384672164917,0,1.1716259749976607,1.1717908573150635,57.538389663650506,0.0005845764430244774,0.0023186802864074707
2026-05-01 09:00:00+01:00,1.1739845275878906,1.1760554313659668,1.1735711097717285,1.1755025386810303,0,1.171995171538934,1.171765959262848,61.867831380194865,0.0006764889733909396,0.0023882644517081125
2026-05-01 13:00:00+01:00,1.1756407022476196,1.178828239440918,1.1748120784759521,1.1760554313659668,0,1.1723818629510323,1.1717465782165528,63.21648926622718,0.000734899309619352,0.002596812588827951
2026-05-01 17:00:00+01:00,1.1759172677993774,1.1760554313659668,1.172195553779602,1.172333002090454,0,1.1723772095357392,1.1716831874847413,50.314096359324736,0.0004947331094979553,0.0027746473039899555
2026-05-01 21:00:00+01:00,1.172333002090454,1.1726078987121582,1.17205810546875,1.172333002090454,0,1.1723729993028549,1.1716694378852843,50.314096359324736,0.00031644397310672163,0.0026477149554661344
2026-05-04 05:00:00+01:00,1.1732958555221558,1.1739845275878906,1.17205810546875,1.172333002090454,0,1.172369190044531,1.1716226172447204,50.314096359324736,0.00018556315281711565,0.0025415335382734027
2026-05-04 09:00:00+01:00,1.1719207763671875,1.1726078987121582,1.1693171262741089,1.1697274446487427,0,1.172117595244932,1.171531960964203,42.695868046465655,-7.544558935548617e-05,0.0026499032974243164
2026-05-04 13:00:00+01:00,1.1695905923843384,1.17205810546875,1.1695905923843384,1.1701380014419556,0,1.1719290625017913,1.1714163756370544,44.13132428760759,-0.0002116801623668101,0.0026312811034066336
2026-05-04 17:00:00+01:00,1.1701380014419556,1.170548915863037,1.1684973239898682,1.169864296913147,0,1.1717324181600157,1.1713394832611084,43.351667875831026,-0.00030575255909484373,0.0025929297719682965
2026-05-04 21:00:00+01:00,1.1697274446487427,1.1702749729156494,1.1690436601638794,1.1695905923843384,0,1.1715284347528083,1.171298372745514,42.54227077261764,-0.0003677702181322775,0.0023679818425859723
2026-05-05 01:00:00+01:00,1.1695905923843384,1.1697274446487427,1.1683608293533325,1.168770432472229,0,1.1712657678689435,1.1712573194503784,40.124754211365975,-0.0004404808036460912,0.0021030051367623465
2026-05-05 05:00:00+01:00,1.168770432472229,1.169864296913147,1.1679514646530151,1.1694538593292236,0,1.171093205150875,1.1712271928787232,43.02993836527629,-0.00041912255947494127,0.0021215762410845074
2026-05-05 09:00:00+01:00,1.1693171262741089,1.169864296913147,1.1686338186264038,1.1691803932189941,0,1.170911032585934,1.1712135148048402,42.14867356375382,-0.0004000348383241661,0.0021504334041050504
2026-05-05 13:00:00+01:00,1.1691803932189941,1.1716461181640625,1.1689070463180542,1.1710972785949707,0,1.1709287703010804,1.1712244820594788,49.89497352946341,-0.00024267597179469135,0.0022575599806649344
2026-05-05 17:00:00+01:00,1.1709601879119873,1.1710972785949707,1.1697274446487427,1.169864296913147,0,1.170827391883182,1.1712326908111572,45.65989862481445,-0.00020736449124273987,0.0021783283778599332
2026-05-05 21:00:00+01:00,1.169864296913147,1.1727453470230103,1.1689070463180542,1.171783447265625,0,1.170918444776748,1.1712518978118895,52.428353550143086,-4.876670583543253e-05,0.0022750411714826313
2026-05-06 01:00:00+01:00,1.171783447265625,1.1728830337524414,1.1715089082717896,1.17205810546875,0,1.1710269838902718,1.171312186717987,53.32439340141238,7.395409106959852e-05,0.0020863243511744906
2026-05-06 05:00:00+01:00,1.17205810546875,1.1746740341186523,1.1719207763671875,1.17384672164917,0,1.1712955303435002,1.1714164447784423,58.77061450531095,0.0002642033645703932,0.002007280077253069
2026-05-06 09:00:00+01:00,1.1742602586746216,1.179940938949585,1.1737089157104492,1.1773016452789307,0,1.1718675412897317,1.1716007208824157,66.82335559384072,0.0005925426733764734,0.002413153648376465
2026-05-06 13:00:00+01:00,1.1773016452789307,1.1773016452789307,1.1749500036239624,1.1756407022476196,0,1.1722268899523876,1.1717217230796815,60.6867049477105,0.0006623888686170083,0.002443526472364153
2026-05-06 17:00:00+01:00,1.1756407022476196,1.1759172677993774,1.1746740341186523,1.1752262115478516,0,1.172512539628146,1.171790578365326,59.22502230575918,0.0006445910927887018,0.002297273703983852
2026-05-06 21:00:00+01:00,1.1749500036239624,1.1756407022476196,1.1748120784759521,1.1750881671905518,0,1.1727578374912322,1.171851179599762,58.71777740219944,0.0005889657689176776,0.0021802101816449848
2026-05-07 01:00:00+01:00,1.1752262115478516,1.1766090393066406,1.1749500036239624,1.1752262115478516,0,1.1729929207347198,1.171911792755127,59.095065275650974,0.0005288238068183358,0.0021521704537527902
2026-05-07 05:00:00+01:00,1.1752262115478516,1.177163004875183,1.1749500036239624,1.177024483680725,0,1.17337687911053,1.1720001244544982,63.74359823475315,0.0005737502060286033,0.0022222910608564106
2026-05-07 09:00:00+01:00,1.177024483680725,1.1781338453292847,1.1766090393066406,1.1773016452789307,0,1.1737506663646633,1.172126953601837,64.4148286056332,0.0005837948890034929,0.002233590398515974
2026-05-07 13:00:00+01:00,1.1774401664733887,1.1781338453292847,1.176747441291809,1.176747441291809,0,1.1740360735005821,1.1721959853172301,61.94528649530237,0.0005170634330578726,0.002195988382611956
2026-05-07 17:00:00+01:00,1.1766090393066406,1.176885962486267,1.17384672164917,1.17384672164917,0,1.174018039990924,1.1721766781806946,50.93772921230298,0.0002547807144252346,0.002325185707637242
2026-05-07 21:00:00+01:00,1.1737089157104492,1.1746740341186523,1.1727453470230103,1.173433542251587,0,1.1739623735395586,1.1721573853492737,49.58609195205606,4.184785661708089e-05,0.002267301082611084
2026-05-08 01:00:00+01:00,1.1735711097717285,1.17384672164917,1.1728830337524414,1.1732958555221558,0,1.1738988956331393,1.1721546316146851,49.118354128873015,-0.00011150525348054799,0.002238290650503976
2026-05-08 05:00:00+01:00,1.173433542251587,1.1750881671905518,1.1731581687927246,1.1746740341186523,0,1.1739727183460453,1.172201452255249,53.81454691931264,-0.00012248278173864846,0.0021019833428519113
2026-05-08 09:00:00+01:00,1.1746740341186523,1.1777175664901733,1.1746740341186523,1.176885962486267,0,1.1742501701689236,1.1722870135307313,60.16872290094627,9.840532234143586e-06,0.002221226692199707
2026-05-08 13:00:00+01:00,1.176885962486267,1.1789672374725342,1.1763322353363037,1.1777175664901733,0,1.174580398389995,1.1724056959152223,62.270401997676124,0.00013693392638028997,0.002212779862540109
2026-05-08 17:00:00+01:00,1.1777175664901733,1.1786893606185913,1.1774401664733887,1.1784114837646484,0,1.1749452636637714,1.172571165561676,63.97837606390698,0.00024498791683858433,0.0018568634986877441
2026-05-08 21:00:00+01:00,1.1782727241516113,1.1791062355041504,1.1782727241516113,1.1789672374725342,0,1.1753283087884154,1.1727778339385986,65.33196763332484,0.00032606835612627853,0.0017484256199428014
2026-05-10 21:00:00+01:00,1.176747441291809,1.1773016452789307,1.176747441291809,1.177024483680725,0,1.1754898492543497,1.1728854012489318,57.235265959021234,0.00022579983809614007,0.0018181800842285156
2026-05-11 01:00:00+01:00,1.177163004875183,1.1775789260864258,1.1760554313659668,1.1760554313659668,0,1.1755437142173608,1.1729818201065063,53.66278633988619,7.87462583490663e-05,0.0018678137234279088
2026-05-11 05:00:00+01:00,1.1760554313659668,1.1777175664901733,1.1752262115478516,1.1774401664733887,0,1.1757243287179349,1.173086712360382,57.72355866604146,6.011123569530166e-05,0.0019272650991167342
2026-05-11 09:00:00+01:00,1.1774401664733887,1.178550362586975,1.176885962486267,1.177024483680725,0,1.1758481530001053,1.1732079982757568,56.13325884903631,7.907885482996528e-06,0.0018880793026515416
2026-05-11 13:00:00+01:00,1.177163004875183,1.1791062355041504,1.176885962486267,1.1784114837646484,0,1.1760922797395854,1.17335702419281,60.08477380258876,5.242612988096899e-05,0.001937755516597203
2026-05-11 17:00:00+01:00,1.1784114837646484,1.1784114837646484,1.1775789260864258,1.177994966506958,0,1.1762734880031447,1.1735059452056884,58.38393628817276,4.0018122886104675e-05,0.0018981950623648508
2026-05-11 21:00:00+01:00,1.1781338453292847,1.1791062355041504,1.1778563261032104,1.1781338453292847,0,1.1764506648913484,1.1736713361740112,58.80268646224348,2.7933163516622936e-05,0.001770385674067906
2026-05-12 01:00:00+01:00,1.177994966506958,1.177994966506958,1.1759172677993774,1.1759172677993774,0,1.1763998651683036,1.1738306522369384,50.132218985055744,-0.00013369918927428476,0.0017909492765154158
2026-05-12 05:00:00+01:00,1.1760554313659668,1.176747441291809,1.1746740341186523,1.1750881671905518,0,1.176274941551375,1.1739542746543885,47.3215280268475,-0.00029174165282793156,0.0018702149391174316
2026-05-12 09:00:00+01:00,1.1750881671905518,1.175364375114441,1.17384672164917,1.1748120784759521,0,1.1761356212584775,1.1741132926940918,46.38884129759724,-0.0004032923308701663,0.001840761729649135
2026-05-12 13:00:00+01:00,1.1746740341186523,1.175364375114441,1.1727453470230103,1.1737089157104492,0,1.1759045064443796,1.1742229843139649,42.76213765539531,-0.0005317179365109687,0.0018104399953569686
2026-05-12 17:00:00+01:00,1.1735711097717285,1.1749500036239624,1.1731581687927246,1.1743981838226318,0,1.1757610471470703,1.1742944860458373,45.62268774437975,-0.000548387493486048,0.001750213759286063
2026-05-12 21:00:00+01:00,1.1742602586746216,1.1745359897613525,1.17384672164917,1.17384672164917,0,1.1755787304329846,1.1743055033683776,43.739256495249634,-0.000572067300743201,0.001710219042641776
2026-05-13 01:00:00+01:00,1.17384672164917,1.1745359897613525,1.1735711097717285,1.17384672164917,0,1.1754137772154785,1.1743027472496033,43.739256495249634,-0.0005624027777507346,0.0017196025167192733
2026-05-13 05:00:00+01:00,1.17384672164917,1.1739845275878906,1.1710972785949707,1.1710972785949707,0,1.1750026821087636,1.1742587757110596,35.31038041659181,-0.0007065265076356903,0.001767277717590332
2026-05-13 09:00:00+01:00,1.1710972785949707,1.17205810546875,1.1700011491775513,1.1715089082717896,0,1.1746699417433375,1.1742175316810608,37.2597367849979,-0.000736143937299167,0.0018053821155003139
2026-05-13 13:00:00+01:00,1.1716461181640625,1.1719207763671875,1.1701380014419556,1.1715089082717896,0,1.1743688909365233,1.1741707754135131,37.259736784997905,-0.0007170298651288181,0.0017547692571367537
2026-05-13 17:00:00+01:00,1.1713716983795166,1.17205810546875,1.170823097229004,1.1713716983795166,0,1.1740834440263321,1.174088158607483,36.8306802743334,-0.0006754959816176974,0.0017240984099251883
2026-05-13 21:00:00+01:00,1.1713716983795166,1.172195553779602,1.1712344884872437,1.1719207763671875,0,1.1738774756778423,1.1740054655075074,39.81729833532028,-0.0005767501883215916,0.0016341550009591238
2026-05-14 01:00:00+01:00,1.1719207763671875,1.172195553779602,1.1713716983795166,1.1715089082717896,0,1.1736518978296469,1.1739889836311341,38.352506077000065,-0.000507332299738114,0.0016335334096636092
2026-05-14 05:00:00+01:00,1.1715089082717896,1.1724703311920166,1.1710972785949707,1.1710972785949707,0,1.1734086007596778,1.1739642691612244,36.89178555004033,-0.0004587640458290896,0.001642329352242606
2026-05-14 09:00:00+01:00,1.1710972785949707,1.1716461181640625,1.1702749729156494,1.170548915863037,0,1.1731362498171407,1.173928587436676,34.98041755014988,-0.00043349033521982057,0.0015819413321358816
2026-05-14 13:00:00+01:00,1.170548915863037,1.170823097229004,1.1675423383712769,1.1680878400802612,0,1.1726554488898187,1.1738957953453064,27.97509748075126,-0.0005452189490316242,0.0016681807381766184
2026-05-14 17:00:00+01:00,1.1680878400802612,1.1683608293533325,1.1672697067260742,1.1674060821533203,0,1.1721555092006284,1.1738411569595337,26.397981589068806,-0.0006221663940360776,0.00163771424974714
2026-05-14 21:00:00+01:00,1.1675423383712769,1.1676785945892334,1.1664528846740723,1.1664528846740723,0,1.171612402102861,1.1737729287147523,24.332522903189215,-0.0006891845590712229,0.001538191522870745
2026-05-15 01:00:00+01:00,1.1664528846740723,1.1665889024734497,1.164958119392395,1.1656370162963867,0,1.1710433177403397,1.1736938571929931,22.69566632737596,-0.000736131227376308,0.0015266878264290945
2026-05-15 05:00:00+01:00,1.1655012369155884,1.1656370162963867,1.163602590560913,1.163873314857483,0,1.1703604603229247,1.1735959148406983,19.622613730438303,-0.0008268471481373621,0.0016227705138070242
2026-05-15 09:00:00+01:00,1.1640088558197021,1.1657729148864746,1.1621150970458984,1.1634671688079834,0,1.169703956369121,1.1734761810302734,18.985111007683756,-0.0008517207445599305,0.0018151232174464635
2026-05-15 13:00:00+01:00,1.1634671688079834,1.1640088558197021,1.16225004196167,1.1629259586334229,0,1.1690584327752451,1.173351092338562,18.139410184519306,-0.0008406999657033197,0.0017345207078116281
2026-05-15 17:00:00+01:00,1.1629259586334229,1.163873314857483,1.1621150970458984,1.1623852252960205,0,1.1684228892057953,1.173176851272583,17.30975722694673,-0.0008058124593386144,0.0017131822449820383
2026-05-15 21:00:00+01:00,1.1623852252960205,1.163061261177063,1.16225004196167,1.163061261177063,0,1.1679122579649637,1.1730407905578613,22.106493523503588,-0.000678306632759253,0.0016437854085649764
2026-05-17 21:00:00+01:00,1.1626555919647217,1.1626555919647217,1.1615750789642334,1.1617100238800049,0,1.1673215690044914,1.172839322090149,19.65258775620967,-0.0006272633436302591,0.001661726406642369
2026-05-18 01:00:00+01:00,1.1618449687957764,1.162520408630371,1.161170482635498,1.162520408630371,0,1.1668643156355274,1.1726485681533814,25.027649599432806,-0.00048744173604500785,0.001689502171107701
2026-05-18 05:00:00+01:00,1.162520408630371,1.1642799377441406,1.1621150970458984,1.163602590560913,0,1.1665536751522307,1.1724436855316163,31.607468660778906,-0.0002808488387003871,0.0017852868352617537
2026-05-18 09:00:00+01:00,1.1637378931045532,1.1652295589447021,1.163061261177063,1.1644154787063599,0,1.166350037395481,1.1721859622001647,36.14113169570396,-5.9780520498886776e-05,0.001842090061732701
2026-05-18 13:00:00+01:00,1.1644154787063599,1.16604483127594,1.1637378931045532,1.1653653383255005,0,1.1662562565316732,1.1719804549217223,41.0578972819048,0.00016764939588135522,0.0019089324133736746
2026-05-18 17:00:00+01:00,1.1650937795639038,1.1659088134765625,1.1633317470550537,1.1656370162963867,0,1.1661972812711696,1.1717886710166932,42.42337363279312,0.0003434823114080673,0.001858668667929513
2026-05-18 21:00:00+01:00,1.1655012369155884,1.1664528846740723,1.1655012369155884,1.1657729148864746,0,1.1661568654250083,1.1716023659706116,43.1330554233291,0.00046830978587321815,0.0018487061773027693
2026-05-19 01:00:00+01:00,1.1659088134765625,1.1659088134765625,1.1644154787063599,1.1645511388778687,0,1.1660039390871855,1.171388864517212,38.534433063666114,0.00046691338169708,0.0018678222383771623
2026-05-19 05:00:00+01:00,1.1645511388778687,1.164958119392395,1.1633317470550537,1.163873314857483,0,1.1658010224938804,1.171125841140747,36.22684600957829,0.0004201250526394895,0.0018675071852547781
2026-05-19 09:00:00+01:00,1.163873314857483,1.163873314857483,1.161440134048462,1.1621150970458984,0,1.165449981975025,1.1708221101760865,31.035210246150285,0.00027743290824190853,0.0018959896905081613
2026-05-19 13:00:00+01:00,1.1619800329208374,1.1627906560897827,1.15968918800354,1.160496711730957,0,1.1649782419517805,1.1704970955848695,27.174795918954175,9.040172589670683e-05,0.001856250422341483
2026-05-19 17:00:00+01:00,1.160496711730957,1.1617100238800049,1.160092830657959,1.1609008312225342,0,1.1645899171204237,1.1702381777763367,29.531929312157615,1.4249665180986713e-05,0.0018461346626281738
2026-05-19 21:00:00+01:00,1.1609008312225342,1.1615750789642334,1.1602274179458618,1.1610356569290161,0,1.1642514161498134,1.1699902200698853,30.34199654022629,-5.631671439543587e-06,0.0018168091773986816
2026-05-20 01:00:00+01:00,1.1610356569290161,1.16130530834198,1.15968918800354,1.160496711730957,0,1.1638938252527795,1.1697342371940613,28.911283174287945,-3.2187045182148315e-05,0.0018743021147591727
2026-05-20 05:00:00+01:00,1.1606314182281494,1.1609008312225342,1.1595547199249268,1.15968918800354,0,1.163493383609995,1.169434540271759,26.867078868324015,-7.860019303142706e-05,0.0018642970493861607
2026-05-20 09:00:00+01:00,1.1595547199249268,1.1607661247253418,1.1587486267089844,1.1603620052337646,0,1.163195157097973,1.169104061126709,31.23004807864308,-4.0375707768018285e-05,0.0019119807652064732
2026-05-20 13:00:00+01:00,1.160496711730957,1.164686679840088,1.1586142778396606,1.16225004196167,0,1.1631051461326107,1.168794710636139,41.73460911235645,0.0001265387093193366,0.0021910922867911203
2026-05-20 17:00:00+01:00,1.16225004196167,1.163873314857483,1.1619800329208374,1.163061261177063,0,1.163100966613035,1.1684877061843872,45.580907372767335,0.0002963551676576706,0.0021714482988630024
2026-05-20 21:00:00+01:00,1.163061261177063,1.1631964445114136,1.162520408630371,1.1627906560897827,0,1.163071413229868,1.1681641745567322,44.525017073772666,0.0003893735568447467,0.002054955278124128
2026-05-21 01:00:00+01:00,1.1627906560897827,1.163873314857483,1.1621150970458984,1.16225004196167,0,1.1629931873948016,1.167868685722351,42.41126903021626,0.00041126141915269563,0.0019964660917009625
2026-05-21 05:00:00+01:00,1.16225004196167,1.1629259586334229,1.1599582433700562,1.1610356569290161,0,1.1628067559218696,1.167568290233612,38.0423846228414,0.000343482814290031,0.0021404709134783062
2026-05-21 09:00:00+01:00,1.1610356569290161,1.1637378931045532,1.160092830657959,1.160092830657959,0,1.1625482868491162,1.1672213435173036,35.02566064664461,0.00023960345033997637,0.0022941657475062777
2026-05-21 13:00:00+01:00,1.1603620052337646,1.161170482635498,1.1582117080688477,1.1592857837677002,0,1.1622375722699336,1.166866569519043,32.63968719333255,0.00012666137603943692,0.0023893373353140695
2026-05-21 17:00:00+01:00,1.1592857837677002,1.1633317470550537,1.1590172052383423,1.162520408630371,0,1.1622645090661656,1.1665487480163574,47.94525458379949,0.0002716009429207919,0.0025237202644348145
2026-05-21 21:00:00+01:00,1.162520408630371,1.1626555919647217,1.161440134048462,1.1621150970458984,0,1.1622502793499498,1.1662311506271363,46.51890939094216,0.0003376664809105908,0.002389005252293178
2026-05-22 01:00:00+01:00,1.1621150970458984,1.1621150970458984,1.16130530834198,1.1615750789642334,0,1.1621859745513101,1.1658999752998351,44.614505476160936,0.00034146577680090984,0.002331333500998361
2026-05-22 05:00:00+01:00,1.1615750789642334,1.1621150970458984,1.1606314182281494,1.16130530834198,0,1.162102101578993,1.1656077361106874,43.65308034267551,0.0003225069250073452,0.0023410490580967496
2026-05-22 09:00:00+01:00,1.16130530834198,1.1617100238800049,1.15968918800354,1.1599582433700562,0,1.1618979246067134,1.1653051376342773,39.119781203976196,0.00022079209432499252,0.002369957310812814
2026-05-22 13:00:00+01:00,1.160092830657959,1.1621150970458984,1.1592857837677002,1.1606314182281494,0,1.161777304951612,1.1650215244293214,42.34219716067388,0.0002009632352833158,0.0024759003094264437
2026-05-22 17:00:00+01:00,1.160496711730957,1.16225004196167,1.1603620052337646,1.1610356569290161,0,1.1617066718066027,1.1647680592536926,44.25047349089342,0.00021587746529389863,0.0024666530745370047
2026-05-22 21:00:00+01:00,1.1610356569290161,1.1610356569290161,1.1603620052337646,1.160496711730957,0,1.161591437513684,1.1644900298118592,42.24309041605915,0.00019110234046402922,0.0020810280527387348
2026-05-24 21:00:00+01:00,1.164686679840088,1.164958119392395,1.1644154787063599,1.1644154787063599,0,1.1618603938177485,1.164301404953003,57.382008280134144,0.0004267946659052824,0.002264465604509626
2026-05-25 01:00:00+01:00,1.1644154787063599,1.1650937795639038,1.163873314857483,1.1640088558197021,0,1.162065009246506,1.1641046476364136,55.74912185201738,0.0005363785344483221,0.002303353377750942
2026-05-25 05:00:00+01:00,1.1641442775726318,1.1648223400115967,1.1634671688079834,1.1640088558197021,0,1.1622501374915721,1.1639628791809082,55.749121852017375,0.0005859027053693559,0.002274564334324428
2026-05-25 09:00:00+01:00,1.163873314857483,1.1653653383255005,1.1637378931045532,1.164686679840088,0,1.1624821891438117,1.1638264346122742,58.05660389554871,0.0006371082371751408,0.002178830759865897
2026-05-25 13:00:00+01:00,1.164686679840088,1.1655012369155884,1.1641442775726318,1.1645511388778687,0,1.1626792319756267,1.1636872792243957,57.41190535150317,0.0006333241832528169,0.0020153948238917758
2026-05-25 17:00:00+01:00,1.1645511388778687,1.164686679840088,1.1640088558197021,1.1645511388778687,0,1.1628575088234594,1.1635508680343627,57.41190535150318,0.0006024785223193358,0.0018524697848728725
2026-05-25 21:00:00+01:00,1.1645511388778687,1.1650937795639038,1.163873314857483,1.1640088558197021,0,1.1629671609183396,1.1633926296234132,54.598633665235816,0.0005203077425763581,0.0016314642769949777
2026-05-26 01:00:00+01:00,1.1640088558197021,1.1642799377441406,1.1633317470550537,1.1640088558197021,0,1.1630663699565646,1.1632426285743713,54.598633665235816,0.0004436962520585777,0.0016123737607683455
2026-05-26 05:00:00+01:00,1.163873314857483,1.1642799377441406,1.163061261177063,1.1641442775726318,0,1.1631690278247615,1.1631035685539246,55.23395033195298,0.0003822163436463371,0.001641580036708287
2026-05-26 09:00:00+01:00,1.1640088558197021,1.1648223400115967,1.1637378931045532,1.1637378931045532,0,1.163223205470456,1.1629673480987548,52.8442027592809,0.00029799554051194066,0.0016130634716578893
2026-05-26 13:00:00+01:00,1.1637378931045532,1.1640088558197021,1.1621150970458984,1.16225004196167,0,1.163130523231524,1.162850592136383,45.143229516860025,0.00013424031000089186,0.0016039865357535227
2026-05-26 17:00:00+01:00,1.1623852252960205,1.163602590560913,1.1623852252960205,1.1634671688079834,0,1.1631625847149965,1.1627718138694763,51.384640846230134,0.00010153817615228113,0.0014985033443995885
2026-05-26 21:00:00+01:00,1.163602590560913,1.164686679840088,1.163061261177063,1.1640088558197021,0,1.1632431819630638,1.162722933292389,53.898631452036476,0.00010935546592976894,0.0014797449111938477
2026-05-27 01:00:00+01:00,1.1640088558197021,1.1648223400115967,1.163602590560913,1.1645511388778687,0,1.1633677492882832,1.1627012157440186,56.33310341403404,0.00014194854526121403,0.001518751893724714
2026-05-27 05:00:00+01:00,1.1645511388778687,1.1655012369155884,1.1641442775726318,1.1644154787063599,0,1.1634675330423856,1.162712059020996,55.542915038014215,0.00014477374385538644,0.0012970055852617537
2026-05-27 09:00:00+01:00,1.1641442775726318,1.1653653383255005,1.1637378931045532,1.1642799377441406,0,1.1635449049187432,1.1627283143997191,54.717081023728106,0.00012847054893614816,0.001326075622013637
2026-05-27 13:00:00+01:00,1.1640088558197021,1.1664528846740723,1.1626555919647217,1.163602590560913,0,1.163550398789426,1.162741847038269,50.66310350635248,6.616307032379605e-05,0.0015005128724234445
2026-05-27 17:00:00+01:00,1.163602590560913,1.163873314857483,1.162520408630371,1.1631964445114136,0,1.163516688858187,1.162758071422577,48.349921651592354,-4.556117310461653e-06,0.001480902944292341
2026-05-27 21:00:00+01:00,1.1631964445114136,1.1640088558197021,1.1619800329208374,1.1621150970458984,0,1.1633832039236833,1.1627391481399536,42.75296500618539,-0.00011991977718762062,0.001528893198285784
2026-05-28 01:00:00+01:00,1.1619800329208374,1.1626555919647217,1.159151554107666,1.159151554107666,0,1.1629801896554912,1.1626879787445068,31.865859234812007,-0.0003770621701668235,0.0017307656151907785
2026-05-28 05:00:00+01:00,1.159151554107666,1.1621150970458984,1.1590172052383423,1.161440134048462,0,1.162833517692917,1.1626663732528686,43.773524332900315,-0.00037355128401600566,0.0018648675509861537
2026-05-28 09:00:00+01:00,1.1615750789642334,1.162520408630371,1.1607661247253418,1.1621150970458984,0,1.1627650966789154,1.1626366233825685,46.73044361542061,-0.0003089778833367258,0.001922445637839181
2026-05-28 13:00:00+01:00,1.1621150970458984,1.16604483127594,1.1619800329208374,1.1652295589447021,0,1.1629998073708951,1.1626529049873353,57.76709457132372,-5.3129382027528534e-05,0.0021257400512695312
2026-05-28 17:00:00+01:00,1.1652295589447021,1.1663167476654053,1.164958119392395,1.1650937795639038,0,1.1631992332940386,1.1626474738121033,57.2105882194104,0.00010189293283413962,0.002145324434552874
2026-05-28 21:00:00+01:00,1.164958119392395,1.1656370162963867,1.1648223400115967,1.1656370162963867,0,1.163431403103786,1.1626474738121033,58.9158983937455,0.00022869380889068192,0.0020682471139090402
2026-05-29 01:00:00+01:00,1.1656370162963867,1.16604483127594,1.1640088558197021,1.1640088558197021,0,1.16348639860054,1.1626121926307678,52.20101086080045,0.00019206418583302113,0.002117063317980085
2026-05-29 05:00:00+01:00,1.1641442775726318,1.1657729148864746,1.163873314857483,1.1645511388778687,0,1.163587802436476,1.1626121926307678,54.0783271592786,0.00019299456018601041,0.0021366477012634277
2026-05-29 09:00:00+01:00,1.1640088558197021,1.1652295589447021,1.1629259586334229,1.1652295589447021,0,1.1637441601991643,1.1626393175125123,56.386140052038485,0.0002256661137077119,0.0022140656198774067
2026-05-29 13:00:00+01:00,1.1652295589447021,1.168770432472229,1.1644154787063599,1.1680878400802612,0,1.1641578439973639,1.1627587723731994,64.48441941987642,0.00041511902871341975,0.0024282080786568777
2026-05-29 17:00:00+01:00,1.1680878400802612,1.1680878400802612,1.1665889024734497,1.1667250394821167,0,1.1644023388054356,1.1628833389282227,58.87154035513811,0.0004225823136119472,0.0024190289633614676
2026-05-29 21:00:00+01:00,1.1667250394821167,1.1667250394821167,1.1659088134765625,1.1659088134765625,0,1.164545812583638,1.1629834985733032,55.74202949386415,0.00034950474938624283,0.0022060956273760113
2026-05-31 21:00:00+01:00,1.1657729148864746,1.1659088134765625,1.1652295589447021,1.1652295589447021,0,1.164610931284692,1.163067376613617,53.207202686749,0.00023772119537641273,0.002157977649143764
2026-06-01 01:00:00+01:00,1.1652295589447021,1.1656370162963867,1.1645511388778687,1.164686679840088,0,1.164618145432825,1.1631511759757995,51.20311303615119,0.00011569870192241203,0.0020906244005475727
2026-06-01 05:00:00+01:00,1.164686679840088,1.1668611764907837,1.164686679840088,1.16604483127594,0,1.1647540202750264,1.1632782888412476,55.69876146378729,0.00011471088751946901,0.001995657171521868
2026-06-01 09:00:00+01:00,1.1659088134765625,1.1663167476654053,1.1645511388778687,1.164958119392395,0,1.1647734582862044,1.1633702111244202,51.602201144919626,3.335013326371335e-05,0.00190049409866333
2026-06-01 13:00:00+01:00,1.1650937795639038,1.1653653383255005,1.1610356569290161,1.1626555919647217,0,1.1645717567317773,1.1633783221244811,44.18670062704145,-0.00017178827678790475,0.002084451062338693
2026-06-01 17:00:00+01:00,1.1627906560897827,1.1640088558197021,1.1619800329208374,1.1634671688079834,0,1.1644665578818922,1.1633864402770997,47.0737416352976,-0.0002446280294031715,0.0019390242440359934
2026-06-01 21:00:00+01:00,1.163602590560913,1.1644154787063599,1.1633317470550537,1.163873314857483,0,1.1644100585462343,1.1634080934524536,48.509172877483614,-0.00025604325572929946,0.001919388771057129
2026-06-02 01:00:00+01:00,1.163873314857483,1.1641442775726318,1.1631964445114136,1.1637378931045532,0,1.1643460427898837,1.1634378504753113,48.04131177438017,-0.00026233839151967007,0.0019288999693734305
2026-06-02 05:00:00+01:00,1.1637378931045532,1.1655012369155884,1.1637378931045532,1.1652295589447021,0,1.164430187185581,1.163521728515625,53.37557404793194,-0.0001606595010574739,0.001909426280430385
2026-06-02 09:00:00+01:00,1.1652295589447021,1.1656370162963867,1.1642799377441406,1.1653653383255005,0,1.1645192491989065,1.1636271786689758,53.840119090255044,-8.279808893618137e-05,0.0018706747463771275
2026-06-02 13:00:00+01:00,1.1653653383255005,1.1659088134765625,1.1640088558197021,1.1644154787063599,0,1.1645093662948542,1.1637297725677491,50.08090721391715,-9.304086583305626e-05,0.0018418431282043457
2026-06-02 17:00:00+01:00,1.1641442775726318,1.1642799377441406,1.1617100238800049,1.163602590560913,0,1.1644230067011456,1.1637514162063598,47.05305504783433,-0.00014901543984020203,0.0017240217753819057
2026-06-02 21:00:00+01:00,1.163602590560913,1.1637378931045532,1.16225004196167,1.162520408630371,0,1.1642418068848812,1.1637595224380493,43.29984402750132,-0.0002475656025562828,0.0017232298851013184
2026-06-03 01:00:00+01:00,1.162520408630371,1.163602590560913,1.162520408630371,1.163061261177063,0,1.1641293739603271,1.1637892460823058,45.633876057207765,-0.00026349263635467457,0.0017422267368861607
2026-06-03 05:00:00+01:00,1.163061261177063,1.163061261177063,1.1617100238800049,1.1619800329208374,0,1.163924674813709,1.163802740573883,41.91890308201889,-0.0003297150265419159,0.0017902255058288574
2026-06-03 09:00:00+01:00,1.1618449687957764,1.162520408630371,1.1609008312225342,1.1621150970458984,0,1.1637523340739178,1.1638458776473999,42.54809056422415,-0.0003456176590766137,0.0018283469336373465
2026-06-03 13:00:00+01:00,1.1619800329208374,1.1619800329208374,1.1598236560821533,1.1607661247253418,0,1.1634679331835773,1.1638485717773437,38.10784154655758,-0.00042306720651856376,0.0018367000988551549
2026-06-03 17:00:00+01:00,1.1607661247253418,1.1607661247253418,1.1598236560821533,1.160092830657959,0,1.1631464948478043,1.1638297152519226,36.0837711886559,-0.0004909486712553744,0.0017779043742588588
2026-06-03 21:00:00+01:00,1.1602274179458618,1.161440134048462,1.1598236560821533,1.16130530834198,0,1.1629711437520114,1.163845887184143,42.05272130245124,-0.000427810069568001,0.001584104129246303
2026-06-04 01:00:00+01:00,1.16130530834198,1.1615750789642334,1.1606314182281494,1.1609008312225342,0,1.1627739711301566,1.1637755942344665,40.6876531462226,-0.00038807567072872385,0.0015065925461905344
2026-06-04 05:00:00+01:00,1.1609008312225342,1.1618449687957764,1.1602274179458618,1.1607661247253418,0,1.1625827476630315,1.1637107396125794,40.21940598830308,-0.0003469928818332299,0.0015447224889482772
2026-06-04 09:00:00+01:00,1.1607661247253418,1.1648223400115967,1.1607661247253418,1.1645511388778687,0,1.162770213493016,1.1637215852737426,55.66020680089566,-5.628029420285481e-05,0.0017667497907366072
2026-06-04 13:00:00+01:00,1.1648223400115967,1.1648223400115967,1.1626555919647217,1.1631964445114136,0,1.1628108069233396,1.1636917805671692,50.62061340212394,4.777986470787016e-05,0.0017955643790108816
2026-06-04 17:00:00+01:00,1.1631964445114136,1.1633317470550537,1.161440134048462,1.1615750789642334,0,1.1626931185462819,1.1636322593688966,45.330494445680294,1.2267660136298431e-05,0.0018337454114641463
2026-06-04 21:00:00+01:00,1.1615750789642334,1.1621150970458984,1.161170482635498,1.1615750789642334,0,1.1625866385860868,1.1635727381706238,45.330494445680294,-5.420388518732498e-06,0.0017655066081455775
2026-06-05 01:00:00+01:00,1.1615750789642334,1.1619800329208374,1.16130530834198,1.1618449687957764,0,1.162516003367962,1.1635294604301452,46.4116382491713,6.226727881190452e-06,0.0016204544476100377
2026-06-05 05:00:00+01:00,1.1618449687957764,1.1640088558197021,1.1617100238800049,1.163602590560913,0,1.1626194878625289,1.1635213351249696,52.9388068940742,0.00013057938074991198,0.0016783816473824637
2026-06-05 09:00:00+01:00,1.1637378931045532,1.164686679840088,1.1637378931045532,1.1644154787063599,0,1.1627905346095604,1.1635267591476441,55.6305198531272,0.00025846659950083044,0.0016785178865705217
2026-06-05 13:00:00+01:00,1.1645511388778687,1.1645511388778687,1.1535356044769287,1.1535356044769287,0,1.1619091126921668,1.1633227133750916,30.492323983873987,-0.00036492871966219923,0.0023688248225620817
2026-06-05 17:00:00+01:00,1.15340256690979,1.1535356044769287,1.1522064208984375,1.1528706550598145,0,1.1610483072033713,1.1631351256370543,29.611614855773468,-0.000773809582120761,0.0023480824061802457
2026-06-05 21:00:00+01:00,1.1528706550598145,1.1528706550598145,1.1522064208984375,1.1527377367019653,0,1.1602568242984754,1.162920536994934,29.42863924979848,-0.0009910860806552396,0.002231853348868234
2026-06-07 21:00:00+01:00,1.1518083810806274,1.1526048183441162,1.1518083810806274,1.1526048183441162,0,1.1595280618266317,1.1626924562454224,29.234100766774617,-0.001074619797135949,0.0022309167044503348
2026-06-08 01:00:00+01:00,1.1526048183441162,1.1538017988204956,1.151543140411377,1.1535356044769287,0,1.1589573516028504,1.1624721455574036,32.59442203934124,-0.0009996147419257216,0.0022767867360796246
2026-06-08 05:00:00+01:00,1.1535356044769287,1.154334545135498,1.1516757011413574,1.1520737409591675,0,1.1583017696367852,1.1622253108024596,30.171211610538435,-0.00097958753179532,0.0023992998259408133
2026-06-08 09:00:00+01:00,1.1519410610198975,1.1546010971069336,1.15035080909729,1.1539349555969238,0,1.15788588258537,1.1620184111595153,36.630739784024215,-0.0007807654666077799,0.0025873524802071707
2026-06-08 13:00:00+01:00,1.154068112373352,1.1558021306991577,1.1536686420440674,1.1548677682876587,0,1.1575984431284452,1.1618437147140503,39.64421657862966,-0.000537769752209369,0.002450014863695417
2026-06-08 17:00:00+01:00,1.1547343730926514,1.1548677682876587,1.1531364917755127,1.15340256690979,0,1.1571988358695255,1.1616478371620178,36.6926294657045,-0.00043163505676653037,0.002418909754071917
2026-06-08 21:00:00+01:00,1.15340256690979,1.154334545135498,1.1531364917755127,1.1531364917755127,0,1.15681194595581,1.1614682650566102,36.166044527324026,-0.00033933673358759863,0.0023693697793143137
2026-06-09 01:00:00+01:00,1.1531364917755127,1.154334545135498,1.1531364917755127,1.154068112373352,0,1.1565506284717664,1.1613665962219237,39.44302065171482,-0.0001833416504601411,0.002387472561427525
2026-06-09 05:00:00+01:00,1.1542012691497803,1.1555349826812744,1.154068112373352,1.154334545135498,0,1.1563395729159314,1.1612244844436646,40.38557437493792,-3.763305320219658e-05,0.002444054399217878
2026-06-09 09:00:00+01:00,1.1542012691497803,1.1576753854751587,1.154068112373352,1.1575413942337036,0,1.1564540320890526,1.1611330103874207,50.39373024073617,0.0002817261631143306,0.0025375144822256906
2026-06-09 13:00:00+01:00,1.1576753854751587,1.158077597618103,1.155001163482666,1.1559356451034546,0,1.156404661899948,1.1609471321105957,46.21036353056788,0.0003854139987036153,0.0026798248291015625
2026-06-09 17:00:00+01:00,1.1559356451034546,1.1560693979263306,1.1532695293426514,1.1544678211212158,0,1.1562202008734022,1.160734612941742,42.71932398862402,0.0003564113276876622,0.002092991556440081
2026-06-09 21:00:00+01:00,1.1544678211212158,1.1551345586776733,1.1538017988204956,1.1538017988204956,0,1.1559898768683634,1.160497908592224,41.19844154709315,0.00029611796236249073,0.00209324700491769
2026-06-10 01:00:00+01:00,1.1538017988204956,1.155401587486267,1.1536686420440674,1.155401587486267,0,1.155933849308164,1.1603257632255555,46.15703779188685,0.00036329672368545546,0.002169583524976458
2026-06-10 05:00:00+01:00,1.155401587486267,1.156203031539917,1.1548677682876587,1.1556684970855713,0,1.155908577667917,1.1601481103897096,46.960664288967614,0.00042096166787586146,0.0021985769271850586
2026-06-10 09:00:00+01:00,1.1556684970855713,1.156203031539917,1.1539349555969238,1.154068112373352,0,1.1557332952589108,1.1599248814582825,42.83261584488244,0.00034951482672500463,0.0021992496081760953
2026-06-10 13:00:00+01:00,1.154068112373352,1.1575413942337036,1.1539349555969238,1.1551345586776733,0,1.1556762727273644,1.1596658158302307,46.22489147140855,0.00037028289158932536,0.002266934939793178
2026-06-10 17:00:00+01:00,1.155401587486267,1.156203031539917,1.1544678211212158,1.1544678211212158,0,1.1555611820982075,1.1594206714630126,44.44904327681306,0.00033630908219446035,0.002087286540440151
2026-06-10 21:00:00+01:00,1.1544678211212158,1.1551345586776733,1.1530035734176636,1.1538017988204956,0,1.1553936217860445,1.1591785311698914,42.684943347088485,0.0002690842192916217,0.0020871077265058246
2026-06-11 01:00:00+01:00,1.1539349555969238,1.1559356451034546,1.1539349555969238,1.1548677682876587,0,1.1553435405004842,1.1589712953567506,46.35466721320463,0.0002944606496386778,0.002115862710135324
2026-06-11 05:00:00+01:00,1.1548677682876587,1.1558021306991577,1.1544678211212158,1.1548677682876587,0,1.1552982288611675,1.1587749171257018,46.35466721320463,0.00030784868571931824,0.0021255952971322195
2026-06-11 09:00:00+01:00,1.1548677682876587,1.1548677682876587,1.1527377367019653,1.1542012691497803,0,1.155193756507702,1.1585380458831787,44.29795950567036,0.00026978473821142376,0.0021921651703970773
2026-06-11 13:00:00+01:00,1.1542012691497803,1.1544678211212158,1.1518083810806274,1.1518083810806274,0,1.1548713398003616,1.1582750511169433,37.81146457226146,9.067805678210578e-05,0.002277348722730364
2026-06-11 17:00:00+01:00,1.1518083810806274,1.1588828563690186,1.1506155729293823,1.1582117080688477,0,1.1551894701116459,1.158186173439026,56.26631150604998,0.00039370481214834525,0.0026102066040039062
2026-06-11 21:00:00+01:00,1.1582117080688477,1.1588828563690186,1.1576753854751587,1.1578094959259033,0,1.1554389963796705,1.1580730199813842,55.15904781110386,0.0005478273607013155,0.0024767092296055387
2026-06-12 01:00:00+01:00,1.1579434871673584,1.1579434871673584,1.1564704179763794,1.1575413942337036,0,1.1556392247467213,1.1579463815689086,54.39070267866228,0.0006078502847980273,0.0023819378444126676
2026-06-12 05:00:00+01:00,1.1575413942337036,1.1578094959259033,1.1560693979263306,1.1570056676864624,0,1.155769362169554,1.157811737060547,52.80775845262656,0.0005872822796509151,0.0024110334260123117
2026-06-12 09:00:00+01:00,1.1570056676864624,1.1592857837677002,1.1570056676864624,1.1575413942337036,0,1.1559381271280444,1.1576579737663268,54.24190509862232,0.0005843187484462499,0.0024501170430864605
2026-06-12 13:00:00+01:00,1.1574074029922485,1.1586142778396606,1.1564704179763794,1.1576753854751587,0,1.15610358030396,1.15750417470932,54.61341329935916,0.0005655751243445418,0.002507873943873814
2026-06-12 17:00:00+01:00,1.1576753854751587,1.1582117080688477,1.157273530960083,1.1574074029922485,0,1.156227753893321,1.1573640131950378,53.674802377698164,0.0005109813313563373,0.002412881170000349
2026-06-12 21:00:00+01:00,1.1574074029922485,1.1574074029922485,1.1570056676864624,1.157273530960083,0,1.1563273517092032,1.1572374320030212,53.18307110611562,0.0004441732297285272,0.002183973789215088
2026-06-14 21:00:00+01:00,1.161170482635498,1.161170482635498,1.1606314182281494,1.1606314182281494,0,1.1567372628062458,1.1571996521949768,62.47042439704812,0.0005950351876752693,0.002338383878980364
2026-06-15 01:00:00+01:00,1.1609008312225342,1.161440134048462,1.1598236560821533,1.1607661247253418,0,1.1571209639413977,1.1571537494659423,62.789331092184796,0.0006673680164554475,0.002301633358001709
2026-06-15 05:00:00+01:00,1.1607661247253418,1.1623852252960205,1.1603620052337646,1.1610356569290161,0,1.1574937918449804,1.157134861946106,63.45842041955344,0.0006937716969330303,0.002293731485094343
2026-06-15 09:00:00+01:00,1.1609008312225342,1.1617100238800049,1.160092830657959,1.16130530834198,0,1.1578567934161232,1.1571186661720276,64.15288100882648,0.0006884301141148427,0.0023139374596732004
2026-06-15 13:00:00+01:00,1.16130530834198,1.1623852252960205,1.160092830657959,1.1602274179458618,0,1.1580825671808603,1.157107892036438,59.3013227176722,0.0005759051882313375,0.0023255348205566406
2026-06-15 17:00:00+01:00,1.160092830657959,1.1609008312225342,1.1588828563690186,1.1588828563690186,0,1.15815878519878,1.1570836925506591,53.83242489242599,0.0003837676257753462,0.0022797158786228727
2026-06-15 21:00:00+01:00,1.1587486267089844,1.1603620052337646,1.1587486267089844,1.1594202518463135,0,1.1582789248794976,1.1570459914207458,55.59506895822542,0.00027102999213783163,0.0018044369561331613
2026-06-16 01:00:00+01:00,1.1595547199249268,1.1598236560821533,1.1586142778396606,1.1590172052383423,0,1.1583492372946256,1.157008318901062,53.931963690881474,0.00015333403968348,0.0018045731953212193
2026-06-16 05:00:00+01:00,1.1590172052383423,1.1598236560821533,1.1578094959259033,1.1598236560821533,0,1.158489658131533,1.1569894695281981,56.721686829337,0.00011553794783795957,0.0018432225499834334
2026-06-16 09:00:00+01:00,1.1598236560821533,1.1615750789642334,1.15968918800354,1.1602274179458618,0,1.158655159066231,1.1569029951095582,58.09007822101541,0.0001038408699847057,0.0018536363329206193
2026-06-16 13:00:00+01:00,1.1602274179458618,1.1621150970458984,1.159151554107666,1.1617100238800049,0,1.1589460985723048,1.15687326669693,62.74783348026375,0.00017772796248073566,0.0019024525369916642
2026-06-16 17:00:00+01:00,1.1617100238800049,1.16225004196167,1.1610356569290161,1.161170482635498,0,1.1591579446735611,1.1568651747703553,60.128887260832094,0.0001719304846152451,0.0018360614776611328
2026-06-16 21:00:00+01:00,1.1610356569290161,1.1618449687957764,1.1610356569290161,1.16130530834198,0,1.1593624554991249,1.15685977935791,60.57174893434496,0.0001591368341790026,0.0018268568175179617
2026-06-17 01:00:00+01:00,1.16130530834198,1.1619800329208374,1.16130530834198,1.161440134048462,0,1.1595603296466808,1.1568516826629638,61.037804655241146,0.00014226607757512194,0.0018463560513087682
2026-06-17 05:00:00+01:00,1.16130530834198,1.1618449687957764,1.1607661247253418,1.161170482635498,0,1.1597136775503776,1.1568030405044556,59.52241079989526,9.75872247518661e-05,0.0016450626509530203
2026-06-17 09:00:00+01:00,1.1610356569290161,1.1610356569290161,1.1588828563690186,1.1594202518463135,0,1.1596857322452285,1.1567031359672546,50.72031896276521,-5.688860266814819e-05,0.0016930018152509416
2026-06-17 13:00:00+01:00,1.1595547199249268,1.1606314182281494,1.1587486267089844,1.1595547199249268,0,1.1596732548813904,1.1568235182762145,51.31598160521094,-0.0001516784291366413,0.0016829712050301687
2026-06-17 17:00:00+01:00,1.1595547199249268,1.1599582433700562,1.1482374668121338,1.1496896743774414,0,1.158722437690538,1.1567598986625671,26.24877045358363,-0.000841889080291466,0.002404655729021345
2026-06-17 21:00:00+01:00,1.1500862836837769,1.151145339012146,1.1490291357040405,1.151012897491455,0,1.1579881957668159,1.156725401878357,31.10981286404349,-0.001153187982637138,0.002392070634024484
2026-06-18 01:00:00+01:00,1.1512778997421265,1.1527377367019653,1.1512778997421265,1.1527377367019653,0,1.157488152046354,1.156728060245514,36.944079045149046,-0.001182414989003133,0.0023711323738098145
2026-06-18 05:00:00+01:00,1.1528706550598145,1.1531364917755127,1.151012897491455,1.151543140411377,0,1.1569219604620706,1.156688210964203,34.74910339371908,-0.0012169292580492905,0.002407576356615339
2026-06-18 09:00:00+01:00,1.151543140411377,1.1516757011413574,1.145737886428833,1.1461317539215088,0,1.155894321743922,1.1565693712234497,26.940650221360627,-0.0015192802572851674,0.0027453218187604633
2026-06-18 13:00:00+01:00,1.1458691358566284,1.1490291357040405,1.145737886428833,1.147315263748169,0,1.1550772686014694,1.1564369773864747,30.613027921112433,-0.0015493227680874054,0.002836542470114572
2026-06-18 17:00:00+01:00,1.147446870803833,1.1477103233337402,1.1454753875732422,1.1461317539215088,0,1.1542253148224255,1.1562622570991516,29.040974130506626,-0.0015546391602736633,0.002861474241529192
2026-06-18 21:00:00+01:00,1.1460003852844238,1.1471836566925049,1.1454753875732422,1.1461317539215088,0,1.1534544994985287,1.156116840839386,29.040974130506626,-0.0014651068369122644,0.0027718118258884977
2026-06-19 01:00:00+01:00,1.1465259790420532,1.1467890739440918,1.1445575952529907,1.1445575952529907,0,1.152607175284668,1.1559452629089355,26.909351374281357,-0.0014179384623675588,0.002844461372920445
2026-06-19 05:00:00+01:00,1.1445575952529907,1.145213007926941,1.1422044038772583,1.1449507474899292,0,1.1518779916851691,1.155762915611267,28.324387444058004,-0.0012710146797862676,0.0030015536717006137
2026-06-19 09:00:00+01:00,1.145213007926941,1.1470520496368408,1.145213007926941,1.1463946104049683,0,1.1513557648965786,1.1556041169166564,33.422212715158864,-0.0009993173271142667,0.003103452069418771
2026-06-19 13:00:00+01:00,1.1465259790420532,1.1477103233337402,1.1461317539215088,1.1466574668884277,0,1.1509083079434215,1.155386438369751,34.337813773840935,-0.0007367485672483362,0.003139146736689976
2026-06-19 17:00:00+01:00,1.1466574668884277,1.1485011577606201,1.1465259790420532,1.1481056213378906,0,1.1506413854095614,1.1552298378944397,39.291276537642105,-0.00041634357463766385,0.003116829054696219
2026-06-19 21:00:00+01:00,1.1478420495986938,1.1485011577606201,1.1469204425811768,1.1469204425811768,0,1.1502870099020963,1.1550788903236389,36.84172183572148,-0.00024358835302096824,0.0030952521732875277
2026-06-21 21:00:00+01:00,1.1466574668884277,1.1469204425811768,1.1461317539215088,1.1465259790420532,0,1.149928816486854,1.15493337392807,36.0364532888172,-0.00012141647653205866,0.0023143887519836426
2026-06-22 01:00:00+01:00,1.1466574668884277,1.1475785970687866,1.1458691358566284,1.1460003852844238,0,1.1495546801818606,1.1547453498840332,34.9405834240211,-4.5445403943385546e-05,0.0022853357451302664
2026-06-22 05:00:00+01:00,1.1460003852844238,1.1466574668884277,1.144819736480713,1.1449507474899292,0,1.1491162104016766,1.1545309948921203,32.7956809924963,-3.5754316244075886e-05,0.0022933994020734516
2026-06-22 09:00:00+01:00,1.1449507474899292,1.1466574668884277,1.1445575952529907,1.145081877708435,0,1.1487319882404157,1.154351270198822,33.346172332976636,7.321085571429086e-06,0.0022917049271719797
2026-06-22 13:00:00+01:00,1.145213007926941,1.1465259790420532,1.1428571939468384,1.1435105800628662,0,1.1482347112711253,1.1541187906265258,30.15830264398204,-3.9598610366476175e-05,0.002129631383078439
2026-06-22 17:00:00+01:00,1.1435105800628662,1.1436413526535034,1.1422044038772583,1.1427265405654907,0,1.1477101235848746,1.1538839650154114,28.684736612093232,-9.013465300744105e-05,0.001997181347438267
2026-06-22 21:00:00+01:00,1.1428571939468384,1.1437721252441406,1.1420739889144897,1.142987847328186,0,1.1472603829889993,1.1536676859855652,29.91385098071065,-7.337117753456086e-05,0.001958838530949184
2026-06-23 01:00:00+01:00,1.1428571939468384,1.1436413526535034,1.1423349380493164,1.1432491540908813,0,1.1468783611891784,1.1534353137016295,31.190994689445915,-1.513720924577579e-05,0.0019301346370152064
2026-06-23 05:00:00+01:00,1.1432491540908813,1.144164800643921,1.141291856765747,1.1415525674819946,0,1.1463711427408751,1.1531690096855163,27.665960080785098,-5.8876740538540886e-05,0.0019759535789489746
2026-06-23 09:00:00+01:00,1.1415525674819946,1.1419435739517212,1.1388224363327026,1.1388224363327026,0,1.1456522183210491,1.1528614330291749,23.13495125697645,-0.00023006259332628096,0.001983991691044399
2026-06-23 13:00:00+01:00,1.1389521360397339,1.1402509212493896,1.1379153728485107,1.1385631561279297,0,1.1449770695407522,1.152596528530121,22.7538204770605,-0.0003139471919993979,0.002000723566327776
2026-06-23 17:00:00+01:00,1.1385631561279297,1.1386927366256714,1.1379153728485107,1.1383039951324463,0,1.144341538644723,1.1521983742713928,22.357350117620328,-0.00033799252981063814,0.0019434945923941477
2026-06-23 21:00:00+01:00,1.1381744146347046,1.1389521360397339,1.1381744146347046,1.1383039951324463,0,1.1437665345006967,1.1518082642555236,22.357350117620328,-0.00030596187922288503,0.0018579619271414621
2026-06-24 01:00:00+01:00,1.1381744146347046,1.1385631561279297,1.1364928483963013,1.1370097398757935,0,1.1431230302507058,1.1513976311683656,20.30788402881427,-0.0003223619829620288,0.0018929328237261092
2026-06-24 05:00:00+01:00,1.1370097398757935,1.1377859115600586,1.135589361190796,1.135589361190796,0,1.142405537959286,1.1509693050384522,18.322790733596392,-0.0003755719990989814,0.001993494374411447
2026-06-24 09:00:00+01:00,1.135589361190796,1.1358473300933838,1.1341726779937744,1.1341726779937744,0,1.1416214560578086,1.1505019307136535,16.58178280115405,-0.0004479725562633809,0.0019910080092293875
2026-06-24 13:00:00+01:00,1.134429931640625,1.1363636255264282,1.1328877210617065,1.1353315114974976,0,1.1410224137187315,1.1500550532341003,23.02484992750307,-0.0003632215368824577,0.002108020441872733
2026-06-24 17:00:00+01:00,1.1352026462554932,1.1370097398757935,1.1350737810134888,1.1357183456420898,0,1.140517264378099,1.149621272087097,25.10443315255951,-0.0002328530825488383,0.0020963123866489957
2026-06-24 21:00:00+01:00,1.135589361190796,1.1364928483963013,1.1353315114974976,1.1357183456420898,0,1.140060224498479,1.1491901683807373,25.10443315255951,-0.00010488276565983386,0.0019172089440482004
2026-06-25 01:00:00+01:00,1.135589361190796,1.1373976469039917,1.1352026462554932,1.137268304824829,0,1.1397943273867028,1.148722906112671,33.45824756468963,0.00011402985276035092,0.001971355506352016
2026-06-25 05:00:00+01:00,1.1373976469039917,1.1373976469039917,1.1349449157714844,1.1362345218658447,0,1.1394552982894781,1.148232274055481,30.976514586490623,0.0002133192982488605,0.002025255135127476
2026-06-25 09:00:00+01:00,1.1363636255264282,1.1375269889831543,1.1336582899093628,1.1340440511703491,0,1.1389399414209895,1.1476924419403076,26.49249514522829,0.0001581230326881851,0.00220827545438494
2026-06-25 13:00:00+01:00,1.1340440511703491,1.1390818357467651,1.1340440511703491,1.1388224363327026,0,1.1389287504602004,1.147242784500122,45.146358450048346,0.00045336730172870505,0.0023629069328308105
2026-06-25 17:00:00+01:00,1.1385631561279297,1.1389521360397339,1.137268304824829,1.1376564502716064,0,1.1388075790136676,1.146791365146637,42.32394801110805,0.0005723945161119496,0.002260242189679827
2026-06-25 21:00:00+01:00,1.1376564502716064,1.1379153728485107,1.1363636255264282,1.1364928483963013,0,1.1385871284786804,1.1463435649871827,39.65930932900268,0.0005735802415482447,0.002204256398337228
2026-06-26 01:00:00+01:00,1.1364928483963013,1.1375269889831543,1.1357183456420898,1.1373976469039917,0,1.1384738445191862,1.1459031128883361,42.68121747684187,0.0006315362218833006,0.002277919224330357
2026-06-26 05:00:00+01:00,1.1373976469039917,1.139211654663086,1.137268304824829,1.1390818357467651,0,1.1385317484456223,1.1455044054985046,47.91052909619297,0.0007703360215003136,0.0023611783981323242
2026-06-26 09:00:00+01:00,1.1390818357467651,1.1415525674819946,1.1386927366256714,1.1401208639144897,0,1.1386830927759908,1.1451103496551513,50.887411044483166,0.0009096026473020451,0.0024175729070390973
2026-06-26 13:00:00+01:00,1.1401208639144897,1.143379807472229,1.1396011114120483,1.1406410932540894,0,1.1388695690120003,1.144718623161316,52.35557959952008,0.0010066795864312732,0.002530583313533238
2026-06-26 17:00:00+01:00,1.1406410932540894,1.1406410932540894,1.1384334564208984,1.1390818357467651,0,1.1388897848915018,1.1442660593986511,47.748260136508954,0.0009372214948249122,0.0025686536516462055
2026-06-26 21:00:00+01:00,1.1390818357467651,1.1394712924957275,1.1385631561279297,1.1389521360397339,0,1.1388957230960954,1.143821692466736,47.374804839859955,0.0008561185019491714,0.0023852416447230746
2026-06-28 21:00:00+01:00,1.1389521360397339,1.1390818357467651,1.1385631561279297,1.1389521360397339,0,1.1389010957573944,1.143374629020691,47.374804839859955,0.0007782941285196677,0.002284007413046701
2026-06-29 01:00:00+01:00,1.1389521360397339,1.1396011114120483,1.1386927366256714,1.1388224363327026,0,1.1388936043836142,1.1429222750663757,46.94893568073447,0.0006965533904432456,0.0022659386907305035
2026-06-29 05:00:00+01:00,1.1386927366256714,1.1418131589889526,1.1384334564208984,1.1405109167099,0,1.1390476341289748,1.1425090837478638,52.886591108389176,0.0007310873547390986,0.002350560256413051
2026-06-29 09:00:00+01:00,1.1406410932540894,1.141422152519226,1.1396011114120483,1.141291856765747,0,1.1392613696181912,1.1421465158462525,55.37436911206697,0.0007771063232992657,0.0023054395403180805
2026-06-29 13:00:00+01:00,1.1411616802215576,1.1428571939468384,1.140380859375,1.1425960063934326,0,1.1395789540729762,1.1418073415756225,59.24467964591935,0.0008595303097150317,0.0022059849330357145
2026-06-29 17:00:00+01:00,1.1427265405654907,1.143379807472229,1.1424654722213745,1.1428571939468384,0,1.1398911673942964,1.1416706919670105,59.993033169954764,0.0008919330080008805,0.0019114528383527482
2026-06-29 21:00:00+01:00,1.1428571939468384,1.1437721252441406,1.1423349380493164,1.1423349380493164,0,1.1401239074566791,1.1414971327781678,57.71112786596407,0.0008392543024572083,0.0018938354083469936
2026-06-30 01:00:00+01:00,1.1422044038772583,1.1423349380493164,1.1399909257888794,1.1402509212493896,0,1.140136004008366,1.141247396469116,49.60321344039671,0.0006344289635337164,0.0019504257610866002
2026-06-30 05:00:00+01:00,1.1401208639144897,1.1411616802215576,1.1386927366256714,1.1402509212493896,0,1.140146948507511,1.1410215520858764,49.6032134403967,0.00047652943669040856,0.0019975900650024414
2026-06-30 09:00:00+01:00,1.1399909257888794,1.1405109167099,1.1386927366256714,1.1396011114120483,0,1.1400949640222289,1.1408909392356872,47.204977946156276,0.0003137640011454217,0.001988649368286133
2026-06-30 13:00:00+01:00,1.1396011114120483,1.1436413526535034,1.139211654663086,1.1419435739517212,0,1.140271022110752,1.1407835054397584,55.548339419502184,0.00034672584236364605,0.00210078273500715
2026-06-30 17:00:00+01:00,1.1420739889144897,1.142987847328186,1.1415525674819946,1.142987847328186,0,1.1405297673695551,1.1407206273078918,58.68308437461911,0.0004170001766867127,0.0019333958625793457
2026-06-30 21:00:00+01:00,1.142987847328186,1.1431183815002441,1.1415525674819946,1.1416828632354736,0,1.1406395860234522,1.140631649494171,53.59649898356573,0.000356102810954388,0.0018875513757978166
2026-07-01 01:00:00+01:00,1.1416828632354736,1.1416828632354736,1.1405109167099,1.1407711505889893,0,1.1406521159820748,1.140555920600891,50.31516984597158,0.0002404679399913988,0.0019063949584960938
2026-07-01 05:00:00+01:00,1.1407711505889893,1.141422152519226,1.1396011114120483,1.1405109167099,0,1.140638668432344,1.1404671239852906,49.38576339106483,0.0001376142100900094,0.001999420779091971
2026-07-01 09:00:00+01:00,1.1405109167099,1.1406410932540894,1.1389521360397339,1.1389521360397339,0,1.1404780462997144,1.1403182744979858,44.127720821951556,-3.502065891232119e-05,0.0020551766668047223
2026-07-01 13:00:00+01:00,1.1389521360397339,1.141291856765747,1.1366219520568848,1.1386927366256714,0,1.1403080168069484,1.1401589798927307,43.30150411768362,-0.00015933989358046558,0.00214733396257673
2026-07-01 17:00:00+01:00,1.1386927366256714,1.1397310495376587,1.1379153728485107,1.1383039951324463,0,1.140117157599853,1.139962947368622,42.03141817533865,-0.00025474994644522994,0.002146950789860317
2026-07-01 21:00:00+01:00,1.1381744146347046,1.1386927366256714,1.1376564502716064,1.138044834136963,0,1.1399197934605303,1.1397854351997376,41.164561994813674,-0.0003181885802899827,0.0020440902028764996
2026-07-02 01:00:00+01:00,1.138044834136963,1.139211654663086,1.1379153728485107,1.1385631561279297,0,1.1397905899050447,1.139626178741455,43.666929594201974,-0.00030792022607810897,0.0020713721002851215
2026-07-02 05:00:00+01:00,1.1385631561279297,1.141291856765747,1.1385631561279297,1.1411616802215576,0,1.1399211699351888,1.1395294046401978,54.186881781801475,-0.00011853659284767745,0.0021636230604989187
2026-07-02 09:00:00+01:00,1.1411616802215576,1.1423349380493164,1.140380859375,1.1406410932540894,0,1.1399897340607985,1.139443211555481,52.088226349897646,-2.5598987998266473e-05,0.0021357706614903043
2026-07-02 13:00:00+01:00,1.1406410932540894,1.147446870803833,1.1398608684539795,1.145081877708435,0,1.1404747001224782,1.139443211555481,64.66145321175048,0.000318697650657275,0.002501274858202253
2026-07-02 17:00:00+01:00,1.145081877708435,1.145081877708435,1.142987847328186,1.143379807472229,0,1.1407513770129307,1.1394405961036682,58.341884723221725,0.00040974365141330016,0.0025209784507751465
2026-07-02 21:00:00+01:00,1.143379807472229,1.1442956924438477,1.1425960063934326,1.1425960063934326,0,1.14092705600155,1.139437985420227,55.644888705835235,0.00039495218052560776,0.0023259775979178293
2026-07-03 01:00:00+01:00,1.1427265405654907,1.144819736480713,1.1423349380493164,1.144426703453064,0,1.1412603557588372,1.1394667625427246,60.26515191901546,0.00048055021350995234,0.0024009432111467633
2026-07-03 05:00:00+01:00,1.144426703453064,1.1465259790420532,1.1442956924438477,1.145737886428833,0,1.141686787251218,1.1395165371894835,63.22019595207002,0.0005903338060257527,0.0024484055382864816
2026-07-03 09:00:00+01:00,1.1458691358566284,1.1460003852844238,1.144426703453064,1.145213007926941,0,1.142022617791763,1.1395897459983826,61.256278737898974,0.000591002757089105,0.0024771009172712055
2026-07-03 13:00:00+01:00,1.1453442573547363,1.1454753875732422,1.1439030170440674,1.1440337896347046,0,1.1422141579672813,1.1396939730644227,56.97409883003324,0.0004801402456783828,0.002459338733128139
2026-07-03 17:00:00+01:00,1.1440337896347046,1.144426703453064,1.1439030170440674,1.1440337896347046,0,1.1423874562213217,1.1398033857345582,56.97409883003324,0.0003793441901512194,0.002376105104173933
2026-07-03 21:00:00+01:00,1.1439030170440674,1.1440337896347046,1.1437721252441406,1.1440337896347046,0,1.1425442498797391,1.1399179816246032,56.97409883003324,0.00028927688779795244,0.002061230795724051
2026-07-05 21:00:00+01:00,1.1440337896347046,1.144164800643921,1.1436413526535034,1.1440337896347046,0,1.1426861108087836,1.1400325775146485,56.97409883003324,0.00020999631635994025,0.001968928745814732
2026-07-06 01:00:00+01:00,1.1440337896347046,1.144426703453064,1.1431183815002441,1.1435105800628662,0,1.1427646316901248,1.14016259431839,54.6923840251009,0.00010776404080129311,0.0019883598600115094
2026-07-06 05:00:00+01:00,1.1435105800628662,1.1437721252441406,1.1420739889144897,1.142987847328186,0,1.1427858903223211,1.1403105640411377,52.43306359400372,-3.709918850233491e-06,0.0020170637539454867
2026-07-06 09:00:00+01:00,1.142987847328186,1.142987847328186,1.141291856765747,1.1419435739517212,0,1.1427056697155973,1.1404659819602967,48.15351319837327,-0.00014840778757258856,0.0019432987485613143
2026-07-06 13:00:00+01:00,1.1420739889144897,1.1428571939468384,1.1411616802215576,1.1428571939468384,0,1.1427201005947631,1.1406164956092835,51.85582295877546,-0.00018105802511968064,0.0019248298236301967
2026-07-06 17:00:00+01:00,1.1428571939468384,1.144819736480713,1.1428571939468384,1.1445575952529907,0,1.1428951000860228,1.1407932806015015,57.88381852900362,-9.114418569610046e-05,0.0015231541224888393
2026-07-06 21:00:00+01:00,1.144426703453064,1.145081877708435,1.144164800643921,1.144426703453064,0,1.1430409670733601,1.140967447757721,57.2891875738176,-4.5784101085989725e-05,0.0014390860285077775
2026-07-07 01:00:00+01:00,1.144426703453064,1.1449507474899292,1.1439030170440674,1.1440337896347046,0,1.143135521603012,1.1411027574539185,55.44780411140298,-4.7344579290139566e-05,0.0013925177710396902
2026-07-07 05:00:00+01:00,1.1440337896347046,1.144164800643921,1.1428571939468384,1.142987847328186,0,1.1431214573863617,1.1412378239631653,50.769686195356954,-0.00011979899906526114,0.0013084326471601213
2026-07-07 09:00:00+01:00,1.142987847328186,1.144164800643921,1.1427265405654907,1.1436413526535034,0,1.1431709712213276,1.1414297699928284,53.41431879892315,-0.00012416236376762923,0.001251859324319022
2026-07-07 13:00:00+01:00,1.1435105800628662,1.1445575952529907,1.1425960063934326,1.1425960063934326,0,1.1431162126662902,1.141505241394043,48.890044777789825,-0.00019375258771538303,0.001279566969190325
2026-07-07 17:00:00+01:00,1.1427265405654907,1.1432491540908813,1.1411616802215576,1.1419435739517212,0,1.1430045327887122,1.1415909838676452,46.25659563958837,-0.00027506126554329823,0.0013163600649152482
2026-07-07 21:00:00+01:00,1.1418131589889526,1.1427265405654907,1.140380859375,1.1405109167099,0,1.1427670455431111,1.1416713452339173,41.030228971957214,-0.0004086177117233545,0.001446502549307687
2026-07-08 01:00:00+01:00,1.140380859375,1.1419435739517212,1.1402509212493896,1.1416828632354736,0,1.142663790085241,1.141757049560547,46.368452072608285,-0.0004007697472730392,0.0015487160001482283
2026-07-08 05:00:00+01:00,1.1416828632354736,1.143379807472229,1.141422152519226,1.142987847328186,0,1.1426946526798072,1.1418351697921754,51.62030450572919,-0.0002953000589066739,0.0016511593546186174
2026-07-08 09:00:00+01:00,1.1428571939468384,1.1431183815002441,1.1397310495376587,1.1399909257888794,0,1.1424371548806713,1.141832571029663,41.5560561386046,-0.00040803637941354905,0.0017996600696018764
2026-07-08 13:00:00+01:00,1.1402509212493896,1.1416828632354736,1.1394712924957275,1.1398608684539795,0,1.1421917942686055,1.1418169665336608,41.18082404448235,-0.00046774360126695063,0.0018363339560372488
2026-07-08 17:00:00+01:00,1.1398608684539795,1.1432491540908813,1.1398608684539795,1.1431183815002441,0,1.1422800406716187,1.1418976974487305,52.70088259814286,-0.00027383035017148184,0.001957212175641741
2026-07-08 21:00:00+01:00,1.142987847328186,1.1431183815002441,1.1418131589889526,1.1424654722213745,0,1.1422977008192143,1.1419679641723632,50.56330181327786,-0.00018004785569783233,0.0019293342317853654
2026-07-09 01:00:00+01:00,1.1424654722213745,1.143379807472229,1.1423349380493164,1.142987847328186,0,1.142363429058164,1.1420486783981323,52.23266182084842,-7.852734364963512e-05,0.0018637861524309432
2026-07-09 05:00:00+01:00,1.142987847328186,1.145081877708435,1.1427265405654907,1.1437721252441406,0,1.1424975905996855,1.142147672176361,54.705621575691715,3.9414340034957086e-05,0.0019665190151759555
2026-07-09 09:00:00+01:00,1.1439030170440674,1.144164800643921,1.1424654722213745,1.1432491540908813,0,1.1425691680750374,1.1422024369239807,52.74471288361676,7.795038314357447e-05,0.002013061727796282
2026-07-09 13:00:00+01:00,1.143379807472229,1.144819736480713,1.1427265405654907,1.144164800643921,0,1.1427211330815976,1.1422598958015442,55.736340574247635,0.00015632794247647108,0.0020691752433776855
2026-07-09 17:00:00+01:00,1.1442956924438477,1.144426703453064,1.142987847328186,1.1431183815002441,0,1.1427589662643258,1.1422703433036805,51.70755945644631,0.00012999795912318595,0.0020692178181239535
2026-07-09 21:00:00+01:00,1.1431183815002441,1.1437721252441406,1.1424654722213745,1.1436413526535034,0,1.142843003063295,1.1422860264778136,53.51596481087898,0.00013927810849578484,0.002022436686924526
2026-07-10 01:00:00+01:00,1.1436413526535034,1.1463946104049683,1.143379807472229,1.1453442573547363,0,1.1430812177577179,1.1423462128639221,58.91149650550239,0.0002453746779228688,0.002088674477168492
2026-07-10 05:00:00+01:00,1.145213007926941,1.145213007926941,1.1439030170440674,1.1440337896347046,0,1.1431719388888595,1.1424218702316284,53.74181896222726,0.0002137264996455434,0.0020240715571812223
2026-07-10 09:00:00+01:00,1.1440337896347046,1.1445575952529907,1.142987847328186,1.1435105800628662,0,1.1432041904292412,1.1424870634078979,51.787816803496106,0.00014715548178203435,0.0020152926445007324
2026-07-10 13:00:00+01:00,1.1435105800628662,1.144164800643921,1.1418131589889526,1.144164800643921,0,1.1432956771163534,1.1425783371925353,54.0381329925145,0.0001369907119500083,0.0020434345517839703
2026-07-10 17:00:00+01:00,1.1440337896347046,1.144426703453064,1.1415525674819946,1.1419435739517212,0,1.1431669053863884,1.1425783371925353,46.160269566646434,-2.1103417308183416e-05,0.002006777695247105
2026-07-10 21:00:00+01:00,1.1419435739517212,1.1422044038772583,1.1415525674819946,1.1419435739517212,0,1.1430503976307058,1.1425574517250061,46.160269566646434,-0.00012182765043060664,0.0018953680992126465
2026-07-12 21:00:00+01:00,1.1397310495376587,1.1406410932540894,1.1397310495376587,1.1406410932540894,0,1.142820940071028,1.1425366163253785,41.99665437326983,-0.0002641570187872061,0.001811385154724121
2026-07-13 01:00:00+01:00,1.1407711505889893,1.1407711505889893,1.1389521360397339,1.1401208639144897,0,1.1425637899608816,1.1425236105918883,40.42812005861008,-0.00037457901773893857,0.0018480845860072545
2026-07-13 05:00:00+01:00,1.1402509212493896,1.1428571939468384,1.1399909257888794,1.1427265405654907,0,1.1425792900184635,1.1425679230690002,50.41710911745573,-0.00025887183306261545,0.001978184495653425
2026-07-13 09:00:00+01:00,1.1427265405654907,1.1449507474899292,1.1427265405654907,1.1431183815002441,0,1.1426306320643473,1.1426512479782105,51.727949890243835,-0.00014818862097145882,0.001968818051474435
2026-07-13 13:00:00+01:00,1.1431183815002441,1.1435105800628662,1.1399909257888794,1.1406410932540894,0,1.1424411521776563,1.1426902151107787,43.837291652597045,-0.0002292199041131954,0.0020988413265773226
2026-07-13 17:00:00+01:00,1.1405109167099,1.1405109167099,1.1385631561279297,1.1385631561279297,0,1.1420718192205395,1.1426953983306884,38.528339588739584,-0.00040015823093072947,0.0020977514130728586
2026-07-13 21:00:00+01:00,1.1386927366256714,1.1393414735794067,1.1381744146347046,1.1385631561279297,0,1.1417376608307672,1.142705764770508,38.528339588739584,-0.0004849665468780398,0.0020783373287745883
2026-07-14 01:00:00+01:00,1.1386927366256714,1.1398608684539795,1.1381744146347046,1.1397310495376587,0,1.1415465549933284,1.1427291226387024,43.025954989906786,-0.0004357068827104797,0.002105465957096645
2026-07-14 05:00:00+01:00,1.1397310495376587,1.1399909257888794,1.1388224363327026,1.1398608684539795,0,1.1413860134181524,1.1427031064033508,43.520626272615004,-0.00037025270384661663,0.0019735864230564664
2026-07-14 09:00:00+01:00,1.1398608684539795,1.1411616802215576,1.1393414735794067,1.1410315036773682,0,1.1413522505856968,1.1427109146118164,47.91242170049165,-0.00023081298713814764,0.0020006554467337473
2026-07-14 13:00:00+01:00,1.1409013271331787,1.1462632417678833,1.1407711505889893,1.142987847328186,0,1.141508021704029,1.1426690340042114,54.30697719271211,-1.6420832428267439e-06,0.002280822822025844
2026-07-14 17:00:00+01:00,1.1431183815002441,1.1437721252441406,1.1420739889144897,1.1424654722213745,0,1.1415992074675856,1.1426507472991942,52.45520814736574,0.00011357477519675539,0.0022341438702174594
2026-07-14 21:00:00+01:00,1.1423349380493164,1.1431183815002441,1.1420739889144897,1.1427265405654907,0,1.141706572524529,1.1426533579826355,53.31203401391977,0.0002010662583802861,0.002103447914123535
2026-07-15 01:00:00+01:00,1.1427265405654907,1.1445575952529907,1.1427265405654907,1.144164800643921,0,1.1419406894882806,1.1426481199264527,57.8217207145783,0.00034126092103669886,0.0021876777921404156
2026-07-15 05:00:00+01:00,1.144164800643921,1.144688606262207,1.1423349380493164,1.1425960063934326,0,1.1420031006221047,1.1425852823257445,51.92962430237394,0.00031445869476609355,0.0021977594920567106
2026-07-15 09:00:00+01:00,1.1427265405654907,1.1431183815002441,1.141422152519226,1.1416828632354736,0,1.141972601823378,1.1425146794319152,48.811735340717526,0.00022551647680390933,0.002188989094325474
2026-07-15 13:00:00+01:00,1.1416828632354736,1.144426703453064,1.1410315036773682,1.1439030170440674,0,1.1421564508920152,1.1425120639801025,55.76571411882762,0.00030173430872100103,0.0022267699241638184
2026-07-15 17:00:00+01:00,1.1439030170440674,1.148369312286377,1.143379807472229,1.1467890739440918,0,1.142597653087451,1.1425671696662902,62.83401613844747,0.0005192844616276194,0.0024242912020002094
2026-07-15 21:00:00+01:00,1.1467890739440918,1.147446870803833,1.1463946104049683,1.147315263748169,0,1.1430469493408528,1.1426327991485596,63.96461228157826,0.0006622298774565102,0.002248048782348633
2026-07-16 01:00:00+01:00,1.147315263748169,1.1477103233337402,1.1463946104049683,1.1469204425811768,0,1.143415853458979,1.142690532207489,62.430002711974076,0.0006906349301448509,0.0021936041968209402
2026-07-16 05:00:00+01:00,1.1469204425811768,1.1479737758636475,1.1466574668884277,1.147315263748169,0,1.1437872258674733,1.142766625881195,63.376252074305185,0.0006945782947328992,0.0022042649132864816
2026-07-16 09:00:00+01:00,1.1471836566925049,1.147446870803833,1.1461317539215088,1.1471836566925049,0,1.1441106954698572,1.1428505420684814,62.80838655135849,0.0006478043256631094,0.002177740846361433
2026-07-16 13:00:00+01:00,1.1471836566925049,1.147315263748169,1.1440337896347046,1.1449507474899292,0,1.1441907004241498,1.1429106855392457,53.972186569096664,0.00043611701207744156,0.0023286683218819754
2026-07-16 17:00:00+01:00,1.145081877708435,1.145081877708435,1.1435105800628662,1.144426703453064,0,1.144213176903094,1.14294207572937,52.11897431712802,0.0002402239915935844,0.002310889107840402
2026-07-16 21:00:00+01:00,1.1442956924438477,1.1449507474899292,1.144164800643921,1.144819736480713,0,1.144270944481915,1.1429473185539245,53.41103861222943,0.00012247776060002726,0.001974735941205706
2026-07-17 01:00:00+01:00,1.144819736480713,1.145081877708435,1.1439030170440674,1.1442956924438477,0,1.1442733014306703,1.1429446983337401,51.41869098704704,1.0800079100291684e-06,0.0019376448222569057
2026-07-17 05:00:00+01:00,1.1442956924438477,1.1456066370010376,1.1439030170440674,1.1449507474899292,0,1.1443378201029806,1.1429630374908448,53.741534799879354,-4.099768971436567e-05,0.0019847324916294645
2026-07-17 09:00:00+01:00,1.144819736480713,1.145081877708435,1.1428571939468384,1.143379807472229,0,1.144246580804814,1.1429708766937257,47.83463322316829,-0.0001731176936814316,0.0020128488540649414
2026-07-17 13:00:00+01:00,1.143379807472229,1.144688606262207,1.1428571939468384,1.1442956924438477,0,1.1442512581037696,1.1429839634895325,51.20219788956085,-0.0001956505905450597,0.0019755448613848004
2026-07-17 17:00:00+01:00,1.1442956924438477,1.144426703453064,1.1436413526535034,1.144426703453064,0,1.1442679671846547,1.1430205774307252,51.68269187100156,-0.00019795809544379287,0.0019104821341378348
2026-07-17 21:00:00+01:00,1.144426703453064,1.1445575952529907,1.1439030170440674,1.1445575952529907,0,1.1442955508102106,1.1430728578567504,52.189219172147794,-0.00018702417438618804,0.0017147234507969447
2026-07-19 21:00:00+01:00,1.142987847328186,1.1431183815002441,1.1427265405654907,1.142987847328186,0,1.1441710076214464,1.1431223964691162,45.96569829462513,-0.00027646854658075015,0.0014891198703220912
2026-07-20 01:00:00+01:00,1.142987847328186,1.1445575952529907,1.142987847328186,1.1445575952529907,0,1.1442078254911172,1.1431798911094666,52.115172224406194,-0.0002231538481163272,0.0015260832650320871
2026-07-20 05:00:00+01:00,1.1445575952529907,1.145213007926941,1.1437721252441406,1.144688606262207,0,1.144253614135983,1.143213906288147,52.600024122251334,-0.0001744635904989493,0.0015350239617483957
2026-07-20 09:00:00+01:00,1.144819736480713,1.144819736480713,1.1431183815002441,1.1432491540908813,0,1.1441579512745446,1.1432790708541871,46.97236564924957,-0.0002310499200562765,0.0015625272478376115
2026-07-20 13:00:00+01:00,1.1431183815002441,1.1432491540908813,1.1406410932540894,1.1415525674819946,0,1.1439098194847779,1.1433129048347472,41.35613183212677,-0.00036653833559626564,0.0016548803874424525
2026-07-20 17:00:00+01:00,1.141422152519226,1.1422044038772583,1.141291856765747,1.1419435739517212,0,1.143722558005439,1.1432894086837768,43.04625224366879,-0.00041031779512709643,0.0014856713158743723
2026-07-20 21:00:00+01:00,1.1419435739517212,1.1423349380493164,1.141291856765747,1.1418131589889526,0,1.1435407104800595,1.1432763624191284,42.605204249518266,-0.00042666156655088997,0.00144794157573155
2026-07-21 01:00:00+01:00,1.1419435739517212,1.1420739889144897,1.141291856765747,1.1415525674819946,0,1.143351363527863,1.1432476568222045,41.68611135554522,-0.00043228752760116507,0.0014476690973554338
2026-07-21 05:00:00+01:00,1.1415525674819946,1.142987847328186,1.1415525674819946,1.1425960063934326,0,1.1432794247531555,1.1432241344451903,46.648960734702015,-0.000346695405005363,0.0014659847531999861
2026-07-21 09:00:00+01:00,1.1425960063934326,1.1431183815002441,1.1420739889144897,1.1422044038772583,0,1.1431770418125937,1.143203239440918,45.09772826795145,-0.00029920723770370753,0.0014188970838274275
2026-07-21 13:00:00+01:00,1.1423349380493164,1.1423349380493164,1.1406410932540894,1.1410315036773682,0,1.1429727048473342,1.143140573501587,40.72914628710578,-0.0003272699386872753,0.0013809800148010254
2026-07-21 17:00:00+01:00,1.1410315036773682,1.141422152519226,1.1402509212493896,1.140380859375,0,1.1427258624213976,1.1430858230590821,38.50109026415945,-0.0003671403014064683,0.0013338242258344377
2026-07-21 21:00:00+01:00,1.1405109167099,1.1406410932540894,1.1398608684539795,1.1405109167099,0,1.142514915210779,1.14302321434021,39.21687059177823,-0.00036166206581211607,0.0013334580830165318
2026-07-22 01:00:00+01:00,1.140380859375,1.141291856765747,1.1401208639144897,1.1410315036773682,0,1.1423736379218827,1.1429369592666625,42.12074862504569,-0.0003023003956983831,0.001370344843183245
2026-07-22 05:00:00+01:00,1.1410315036773682,1.1420739889144897,1.1407711505889893,1.141291856765747,0,1.142270611145108,1.1428821206092834,43.572656451705114,-0.00022819598402023036,0.0013326151030404227
2026-07-22 09:00:00+01:00,1.141291856765747,1.1415525674819946,1.140380859375,1.1409013271331787,0,1.142140203143972,1.1428299355506897,41.8757620873057,-0.0001897534931186856,0.0013041836874825613
2026-07-22 13:00:00+01:00,1.1410315036773682,1.1423349380493164,1.1410315036773682,1.1416828632354736,0,1.1420966469622102,1.1427802968025207,46.37642291775547,-0.0001004474385369325,0.00130366427557809
2026-07-22 17:00:00+01:00,1.1416828632354736,1.1416828632354736,1.1410315036773682,1.141422152519226,0,1.1420324093962118,1.142769868373871,45.12127503186318,-5.022747563327985e-05,0.0012286646025521414
2026-07-22 21:00:00+01:00,1.141422152519226,1.1415525674819946,1.1409013271331787,1.141422152519226,0,1.1419742896936418,1.142759439945221,45.12127503186318,-1.0386103790125398e-05,0.0010888917105538504
2026-07-23 01:00:00+01:00,1.1415525674819946,1.143379807472229,1.141422152519226,1.1432491540908813,0,1.1420957053505216,1.1428116011619567,55.01602613431692,0.00013748026182226888,0.0011635422706604004
2026-07-23 05:00:00+01:00,1.1431183815002441,1.1439030170440674,1.1424654722213745,1.1427265405654907,0,1.1421557848948045,1.1428637146949767,52.121078812132346,0.00019504290982360728,0.001191718237740653
2026-07-23 09:00:00+01:00,1.1428571939468384,1.1428571939468384,1.1388224363327026,1.1398608684539795,0,1.1419372214242498,1.1428064012527466,39.76495006977765,4.301434057560544e-05,0.0014240486281258719
2026-07-23 13:00:00+01:00,1.1397310495376587,1.1397310495376587,1.1367511749267578,1.1375269889831543,0,1.1415171992870028,1.1426945734024048,32.92006288424825,-0.00019857262879148074,0.0015436496053423201
2026-07-23 17:00:00+01:00,1.1376564502716064,1.1384334564208984,1.1373976469039917,1.138044834136963,0,1.141186497844142,1.1426426482200622,35.57014413082247,-0.00030118568959741274,0.0015430365289960588
2026-07-23 21:00:00+01:00,1.1381744146347046,1.1384334564208984,1.1375269889831543,1.138044834136963,0,1.1408872917767916,1.142632281780243,35.570144130822484,-0.0003436746555067731,0.001486795289175851
2026-07-24 01:00:00+01:00,1.1379153728485107,1.1390818357467651,1.1379153728485107,1.1385631561279297,0,1.1406659455245192,1.142632281780243,38.39534391867989,-0.00031239025910281034,0.0014864546912057059
2026-07-24 05:00:00+01:00,1.1385631561279297,1.140380859375,1.138044834136963,1.1393414735794067,0,1.1405398053392704,1.1426244902610778,42.47444650588015,-0.00021920182469916034,0.001597583293914795
2026-07-24 09:00:00+01:00,1.1393414735794067,1.1396011114120483,1.1375269889831543,1.1377859115600586,0,1.1402775297412502,1.1425829911231995,37.17620884419891,-0.0002405413604377087,0.0016620925494602748
2026-07-24 13:00:00+01:00,1.1379153728485107,1.1393414735794067,1.1368803977966309,1.1386927366256714,0,1.1401265970635759,1.1425362157821655,41.73872641286029,-0.00017485412176662446,0.001744823796408517
2026-07-24 17:00:00+01:00,1.1386927366256714,1.1389521360397339,1.1370097398757935,1.1373976469039917,0,1.1398666970483773,1.1424244117736817,37.54505692110649,-0.00019818615021598238,0.001799872943333217
2026-07-24 21:00:00+01:00,1.1373976469039917,1.1376564502716064,1.1370097398757935,1.1375269889831543,0,1.1396438677088323,1.1423256421089172,38.212752530033264,-0.00018473501109864728,0.0017436657633100236
2026-07-26 21:00:00+01:00,1.1393414735794067,1.1398608684539795,1.139211654663086,1.1398608684539795,0,1.1396645344464653,1.142268328666687,48.84090600773028,-7.824551505058227e-06,0.0018638457570757186
2026-07-27 01:00:00+01:00,1.1399909257888794,1.1416828632354736,1.1399909257888794,1.1406410932540894,0,1.1397575400471915,1.1421978545188904,51.82431553704618,0.00016313232707813787,0.0019474710736955916
2026-07-27 05:00:00+01:00,1.1406410932540894,1.1420739889144897,1.1402509212493896,1.1402509212493896,0,1.1398045287331153,1.1421509528160094,50.24628633906486,0.0002463319729614326,0.0019378576959882463
2026-07-27 09:00:00+01:00,1.1401208639144897,1.1406410932540894,1.1388224363327026,1.1389521360397339,0,1.1397233484766027,1.1420963382720948,45.3013724626753,0.00021161861016230914,0.0019650799887520926
2026-07-27 13:00:00+01:00,1.1390818357467651,1.1393414735794067,1.137268304824829,1.1379153728485107,0,1.1395511603215465,1.1419765853881836,41.76773037718753,0.00012105870118113372,0.0018249664987836564
2026-07-27 17:00:00+01:00,1.1377859115600586,1.1388224363327026,1.1370097398757935,1.1373976469039917,0,1.1393460638055888,1.1417887568473817,40.08617616825445,3.309038630346897e-05,0.0017323238509041922
2026-07-27 21:00:00+01:00,1.137268304824829,1.1384334564208984,1.1364928483963013,1.137268304824829,0,1.1391481819978972,1.1415878176689147,39.6566294678019,-2.393179190288055e-05,0.0017969523157392228
2026-07-28 01:00:00+01:00,1.1371389627456665,1.1383039951324463,1.1370097398757935,1.1377859115600586,0,1.1390184419561984,1.1414051270484924,42.32031763247256,-1.722702702517873e-05,0.0018246514456612723
2026-07-28 05:00:00+01:00,1.1376564502716064,1.1376564502716064,1.1364928483963013,1.1368803977966309,0,1.1388148187029061,1.1411964297294617,39.071027653103236,-6.171188534841144e-05,0.0018336943217686244
2026-07-28 09:00:00+01:00,1.1368803977966309,1.1376564502716064,1.1357183456420898,1.1370097398757935,0,1.1386429064336574,1.1409929513931274,39.78223081826597,-6.97667018733192e-05,0.0018052714211600168
2026-07-28 13:00:00+01:00,1.1368803977966309,1.1405109167099,1.1364928483963013,1.140380859375,0,1.1388084257614044,1.140901553630829,54.64279003995654,0.00015247604681584398,0.001944124698638916
2026-07-28 17:00:00+01:00,1.140380859375,1.1407711505889893,1.1389521360397339,1.1390818357467651,0,1.1388344648076292,1.1407946562767028,49.56671309057287,0.00020902936781044476,0.0018982631819588797
2026-07-28 21:00:00+01:00,1.1390818357467651,1.1398608684539795,1.1383039951324463,1.1389521360397339,0,1.138845671591639,1.1406773042678833,49.07651046414042,0.00023291424761275612,0.0018707258360726492
2026-07-29 01:00:00+01:00,1.1388224363327026,1.140380859375,1.1385631561279297,1.1399909257888794,0,1.1389547434199476,1.1405912089347838,53.07896527834687,0.0003091105051062627,0.0019543681825910297
2026-07-29 05:00:00+01:00,1.1399909257888794,1.1406410932540894,1.1393414735794067,1.1401208639144897,0,1.139065802514666,1.1404946112632752,53.570546717932864,0.00035539487423201705,0.0018804924828665598
2026-07-29 09:00:00+01:00,1.1401208639144897,1.140380859375,1.1384334564208984,1.1384334564208984,0,1.1390055790771645,1.1403956842422485,46.7244895558714,0.00026371597953355353,0.0018894502094813756
2026-07-29 13:00:00+01:00,1.1385631561279297,1.1399909257888794,1.1379153728485107,1.1385631561279297,0,1.13896344355819,1.1402810335159301,47.28215762020674,0.00020573281740325145,0.001907484872000558
2026-07-29 17:00:00+01:00,1.1385631561279297,1.1469204425811768,1.138044834136963,1.145213007926941,0,1.1395586401647377,1.1402967596054077,66.59136767494806,0.0005875410283629218,0.002411552837916783
2026-07-29 21:00:00+01:00,1.145081877708435,1.1492931842803955,1.145081877708435,1.1470520496368408,0,1.1402722982097,1.1403466486930847,69.87734405402907,0.0009166331486657477,0.002564276967729841
2026-07-30 01:00:00+01:00,1.1470520496368408,1.1471836566925049,1.145213007926941,1.1453442573547363,0,1.1407553419377987,1.1403937768936157,63.61950778969486,0.0009669924401994667,0.002575559275490897
2026-07-30 05:00:00+01:00,1.145213007926941,1.1460003852844238,1.1439030170440674,1.144164800643921,0,1.1410800522907627,1.1403859210014344,59.64662867874398,0.0008715206478336066,0.002586756433759417
2026-07-30 09:00:00+01:00,1.144426703453064,1.1486331224441528,1.1442956924438477,1.1478420495986938,0,1.1417240520343752,1.140448989868164,66.64106783400709,0.000997606783993654,0.0028134754725864957
2026-07-30 13:00:00+01:00,1.1479737758636475,1.1538017988204956,1.147315263748169,1.1524720191955566,0,1.142747667954488,1.1406334471702575,72.98925147801776,0.0013144781518516343,0.0031844377517700195
2026-07-30 17:00:00+01:00,1.1527377367019653,1.1539349555969238,1.1519410610198975,1.1535356044769287,0,1.1437750904804345,1.1408731079101562,74.20368534537464,0.001503724809215022,0.003188422748020717
2026-07-30 21:00:00+01:00,1.15340256690979,1.1535356044769287,1.1526048183441162,1.1526048183441162,0,1.1446160169436423,1.141086332798004,71.18719859352684,0.0014723547305975767,0.002967902592250279
2026-07-31 01:00:00+01:00,1.1527377367019653,1.1530035734176636,1.151012897491455,1.1516757011413574,0,1.145288367819615,1.1412835836410522,68.20657280125845,0.0013011015402404225,0.0029801641191755024
2026-07-31 05:00:00+01:00,1.1516757011413574,1.1527377367019653,1.1508804559707642,1.1516757011413574,0,1.1458966852788288,1.1414860463142396,68.20657280125845,0.0011074783163491989,0.003001621791294643
2026-07-31 09:00:00+01:00,1.1518083810806274,1.1528706550598145,1.1488970518112183,1.1488970518112183,0,1.1461824344723899,1.1416120672225951,59.557411894398435,0.0007301329622411423,0.0031556146485464914
2026-07-31 13:00:00+01:00,1.1487650871276855,1.1522064208984375,1.1461317539215088,1.1522064208984375,0,1.146756147465347,1.1418121075630188,65.2150512966158,0.000644274195161487,0.0034966894558497836
2026-07-31 17:00:00+01:00,1.1520737409591675,1.154068112373352,1.1516757011413574,1.15340256690979,0,1.147389139793389,1.1420595288276671,67.01137347290009,0.0006092850412011152,0.0035284757614135742
2026-07-31 21:00:00+01:00,1.15340256690979,1.155001163482666,1.1527377367019653,1.1527377367019653,0,1.1478985299751583,1.1423066663742065,65.00213396219088,0.00048786232592035357,0.0035418953214372906
2026-08-02 21:00:00+01:00,1.1552680730819702,1.1552680730819702,1.1546010971069336,1.1547343730926514,0,1.1485495626530147,1.1425911355018616,68.09599833317992,0.0004873665519978601,0.0030886616025652203
2026-08-03 01:00:00+01:00,1.154334545135498,1.1558021306991577,1.1530035734176636,1.15340256690979,0,1.1490117535346123,1.14283855676651,64.02997587819422,0.0003491671953114667,0.002987750938960484
2026-08-03 05:00:00+01:00,1.15340256690979,1.1542012691497803,1.1524720191955566,1.1530035734176636,0,1.1493919268568076,1.1430727910995484,62.81978439660607,0.00019063664338604984,0.002970508166721889
2026-08-03 09:00:00+01:00,1.1527377367019653,1.1535356044769287,1.1520737409591675,1.1535356044769287,0,1.1497865628206285,1.1433254766464234,63.80222981071221,8.665463801139873e-05,0.0029251149722508024
2026-08-03 13:00:00+01:00,1.1536686420440674,1.1538017988204956,1.1506155729293823,1.1512778997421265,0,1.1499285949083904,1.1435173773765563,56.927812922486794,-0.0001559184111163854,0.0028335366930280414
2026-08-03 17:00:00+01:00,1.1512778997421265,1.1518083810806274,1.150483250617981,1.151410460472107,0,1.1500697249620777,1.143717143535614,57.21927401298788,-0.00031974503398152524,0.002464864935193743
2026-08-03 21:00:00+01:00,1.151410460472107,1.1518083810806274,1.151012897491455,1.151012897491455,0,1.1501595509172566,1.1439089584350586,55.995468851011054,-0.0004587293532924558,0.0023792641503470285
2026-08-04 01:00:00+01:00,1.151145339012146,1.1518083810806274,1.1506155729293823,1.151145339012146,0,1.1502534354977223,1.1440668821334838,56.33055043469553,-0.0005399880242556443,0.002397980008806501
2026-08-04 05:00:00+01:00,1.1512778997421265,1.1519410610198975,1.1507480144500732,1.151410460472107,0,1.1503636283524257,1.1442405605316162,57.03583590221724,-0.0005711075976656322,0.0023410064833504812
2026-08-04 09:00:00+01:00,1.151543140411377,1.1526048183441162,1.1507480144500732,1.1519410610198975,0,1.150513860035042,1.1444821643829346,58.48107857124455,-0.000550925691708031,0.002340972423553467
2026-08-04 13:00:00+01:00,1.1520737409591675,1.15340256690979,1.151410460472107,1.1528706550598145,0,1.150738316704068,1.1447890377044678,60.95888266863329,-0.0004729284775788264,0.002199436937059675
2026-08-04 17:00:00+01:00,1.1528706550598145,1.1536686420440674,1.1520737409591675,1.15340256690979,0,1.1509920548188985,1.1450961923599243,62.34369101114209,-0.0003870837398451776,0.0018794536590576172
2026-08-04 21:00:00+01:00,1.15340256690979,1.1536686420440674,1.1530035734176636,1.1535356044769287,0,1.1512342976434728,1.1454060077667236,62.7000559142403,-0.0003253934320975064,0.0017560720443725586
2026-08-05 01:00:00+01:00,1.1535356044769287,1.1544678211212158,1.1530035734176636,1.154068112373352,0,1.1515041847606042,1.1457161068916322,64.1620214124886,-0.00025584166035470726,0.0016989878245762416
2026-08-05 05:00:00+01:00,1.154068112373352,1.1548677682876587,1.1535356044769287,1.1542012691497803,0,1.1517610499405257,1.1460133028030395,64.53633403662003,-0.0002099110347109183,0.0016134040696280344
2026-08-05 09:00:00+01:00,1.154334545135498,1.1558021306991577,1.1535356044769287,1.1555349826812744,0,1.1521204721063114,1.1463682842254639,68.12716997751502,-0.00010409828802001317,0.0015754018511090959
2026-08-05 13:00:00+01:00,1.1556684970855713,1.1559356451034546,1.1544678211212158,1.155001163482666,0,1.1523948236659642,1.1466944527626037,65.27814626600482,-8.524378187765771e-05,0.0015567285673958914
2026-08-05 17:00:00+01:00,1.1551345586776733,1.156203031539917,1.1547343730926514,1.155401587486267,0,1.1526811821250407,1.1470545315742493,66.41279182888997,-6.20658941933301e-05,0.0015572139195033482
2026-08-05 21:00:00+01:00,1.1556684970855713,1.156336784362793,1.1552680730819702,1.1560693979263306,0,1.1530038693442113,1.1474253797531129,68.27479143891212,-2.018777944927646e-05,0.0014059628759111678
2026-08-06 01:00:00+01:00,1.1559356451034546,1.156203031539917,1.155001163482666,1.1552680730819702,0,1.1532195077954266,1.1477335238456725,63.71066266778361,-6.249481429389161e-05,0.0013971584183829172
2026-08-06 05:00:00+01:00,1.1551345586776733,1.1555349826812744,1.1544678211212158,1.1547343730926514,0,1.1533637806808765,1.1480153894424439,60.795631834577755,-0.000138128033936368,0.0014165639877319336
2026-08-06 09:00:00+01:00,1.1547343730926514,1.155001163482666,1.1539349555969238,1.1548677682876587,0,1.1535070175958082,1.1483077263832093,61.272586605587954,-0.00018779736428560165,0.0014075211116245814
2026-08-06 13:00:00+01:00,1.1547343730926514,1.1548677682876587,1.1522064208984375,1.1524720191955566,0,1.153408446319594,1.1485781240463258,49.60123706376265,-0.00037956533513870683,0.001512399741581508
2026-08-06 17:00:00+01:00,1.152339220046997,1.1528706550598145,1.1519410610198975,1.1526048183441162,0,1.1533319103219295,1.1488719129562377,50.16787146961006,-0.0004881140392916873,0.0014461704662867955
2026-08-06 21:00:00+01:00,1.1526048183441162,1.1530035734176636,1.1522064208984375,1.1527377367019653,0,1.1532753223581234,1.1491787147521972,50.76454311062193,-0.0005376920985729241,0.0013608166149684361
2026-08-07 01:00:00+01:00,1.1526048183441162,1.1528706550598145,1.1522064208984375,1.1526048183441162,0,1.1532114648329799,1.149485445022583,50.11828377020034,-0.0005634491054046153,0.0012943404061453684
2026-08-07 05:00:00+01:00,1.1526048183441162,1.1528706550598145,1.1522064208984375,1.1526048183441162,0,1.1531536889768976,1.1497818231582642,50.11828377020034,-0.0005631585596300441,0.001294280801500593
2026-08-07 09:00:00+01:00,1.1526048183441162,1.1536686420440674,1.1522064208984375,1.1536686420440674,0,1.153202732126152,1.1501175880432128,55.38978951964684,-0.0004773828478793923,0.0012941360473632812
2026-08-07 13:00:00+01:00,1.1538017988204956,1.1582117080688477,1.1532695293426514,1.156203031539917,0,1.153488474927463,1.1505014538764953,64.90514696343506,-0.0002475870691058719,0.0015519942556108748
2026-08-07 17:00:00+01:00,1.156203031539917,1.157273530960083,1.156203031539917,1.1564704179763794,0,1.1537724695035503,1.150823245048523,65.73554321983278,-8.36791150028585e-05,0.0014665637697492326
2026-08-07 21:00:00+01:00,1.1564704179763794,1.1564704179763794,1.1559356451034546,1.156203031539917,0,1.1540039516022518,1.1511656689643859,64.1021188786204,-3.597932536892473e-06,0.0013999172619410924
2026-08-09 21:00:00+01:00,1.1559356451034546,1.156203031539917,1.1558021306991577,1.1559356451034546,0,1.15418792241189,1.1515053391456604,62.431463152473654,1.9752465965003395e-05,0.0013236488614763533
2026-08-10 01:00:00+01:00,1.1560693979263306,1.156203031539917,1.1552680730819702,1.1552680730819702,0,1.1542907939042788,1.1518108820915223,58.34311714705799,-1.926288733346878e-05,0.0013140950884137834
2026-08-10 05:00:00+01:00,1.1552680730819702,1.1568717956542969,1.1551345586776733,1.1564704179763794,0,1.1544983771492408,1.15213787317276,63.03790842984917,2.405499677722925e-05,0.0013523357255118234
2026-08-10 09:00:00+01:00,1.156336784362793,1.1568717956542969,1.1552680730819702,1.1555349826812744,0,1.1545971014856249,1.1524799036979676,57.5989760932086,-1.9775999682578125e-05,0.0013906615121023996
2026-08-10 13:00:00+01:00,1.1555349826812744,1.1558021306991577,1.1547343730926514,1.1555349826812744,0,1.1546864235042582,1.1528193402290343,57.5989760932086,-5.619016417798741e-05,0.0013907722064426967
2026-08-10 17:00:00+01:00,1.1555349826812744,1.1558021306991577,1.154334545135498,1.1544678211212158,0,1.1546656042296828,1.15300443649292,51.69742025518136,-0.0001540224003406137,0.0013055035046168736
2026-08-10 21:00:00+01:00,1.1544678211212158,1.155001163482666,1.154334545135498,1.155001163482666,0,1.1546975622537765,1.1531634187698365,54.221890193755925,-0.00018273029707080056,0.0012867195265633719
2026-08-11 01:00:00+01:00,1.155001163482666,1.1552680730819702,1.1542012691497803,1.1546010971069336,0,1.1546883750969343,1.1533485555648804,52.02541605098754,-0.0002257589673059638,0.0013059803417750768
2026-08-11 05:00:00+01:00,1.1546010971069336,1.1548677682876587,1.1535356044769287,1.1535356044769287,0,1.1545785874188386,1.1535359716415405,46.60997990796353,-0.00031745938557742304,0.0013536896024431502
2026-08-11 09:00:00+01:00,1.1535356044769287,1.1546010971069336,1.1535356044769287,1.154068112373352,0,1.1545299707478398,1.1536604928970338,49.442442896769435,-0.00033215501060452897,0.0013823509216308594
2026-08-11 13:00:00+01:00,1.154068112373352,1.1551345586776733,1.1538017988204956,1.1546010971069336,0,1.1545367446868011,1.1537030744552612,52.17716307901437,-0.00029702767501898824,0.00137310368674142
2026-08-11 17:00:00+01:00,1.1546010971069336,1.1547343730926514,1.1538017988204956,1.1546010971069336,0,1.1545428734887184,1.1537243843078613,52.17716307901437,-0.000265850560322754,0.0010867033685956682
2026-08-11 21:00:00+01:00,1.1546010971069336,1.1547343730926514,1.1542012691497803,1.1546010971069336,0,1.154548418595215,1.1537643098831176,52.17716307901437,-0.00023817779621864918,0.0010483179773603166
2026-08-12 01:00:00+01:00,1.1546010971069336,1.1548677682876587,1.1538017988204956,1.1538017988204956,0,1.1544773119500038,1.1538068318367005,47.377135063666174,-0.0002646186371544762,0.0010862605912344797
2026-08-12 05:00:00+01:00,1.1539349555969238,1.1542012691497803,1.1535356044769287,1.154068112373352,0,1.1544383405617513,1.1538546800613403,49.05865787247531,-0.0002549827872803667,0.0011051722935267857
2026-08-12 09:00:00+01:00,1.154068112373352,1.1552680730819702,1.1535356044769287,1.1547343730926514,0,1.1544665341361227,1.153971426486969,53.09666962966218,-0.00019713504253817684,0.001162137304033552
2026-08-12 13:00:00+01:00,1.1547343730926514,1.1564704179763794,1.1536686420440674,1.154334545135498,0,1.1544539637551108,1.1540139889717103,50.50916567074682,-0.00017968746859608591,0.0012381758008684432
2026-08-12 17:00:00+01:00,1.1542012691497803,1.154334545135498,1.152339220046997,1.1526048183441162,0,1.1542778546683494,1.1539980340003968,41.163415251654776,-0.0002729380623127185,0.0012661474091666086
2026-08-12 21:00:00+01:00,1.1526048183441162,1.1532695293426514,1.1524720191955566,1.1531364917755127,0,1.1541691534404601,1.1540060091018676,44.5590927912648,-0.00028574441249840706,0.0012468440192086355
2026-08-13 01:00:00+01:00,1.1531364917755127,1.15340256690979,1.152339220046997,1.1526048183441162,0,1.1540201691455703,1.153963418006897,41.951661711718906,-0.0003146675825593852,0.0012179698262895858
2026-08-13 05:00:00+01:00,1.1526048183441162,1.1531364917755127,1.151543140411377,1.1528706550598145,0,1.1539106916135935,1.1539527797698974,43.724822263117964,-0.00030056383718620014,0.0012841650417872838
2026-08-13 09:00:00+01:00,1.1528706550598145,1.1542012691497803,1.1526048183441162,1.1536686420440674,0,1.1538876392736388,1.1539660811424255,48.78240481570169,-0.00022558536370450666,0.0013219969613211496
2026-08-13 13:00:00+01:00,1.1538017988204956,1.1548677682876587,1.1528706550598145,1.15340256690979,0,1.153841441905653,1.1539634203910827,47.25733917857445,-0.00018377408934601897,0.0013694933482578822
2026-08-13 17:00:00+01:00,1.15340256690979,1.1535356044769287,1.1528706550598145,1.1531364917755127,0,1.1537743037980206,1.1540005922317504,45.71812716469455,-0.00016452433061113025,0.0013408831187656947
2026-08-13 21:00:00+01:00,1.15340256690979,1.1538017988204956,1.1528706550598145,1.1536686420440674,0,1.1537642407738347,1.1540457558631898,49.27651241230133,-0.00010910893230361056,0.0013121962547302246
2026-08-14 01:00:00+01:00,1.1536686420440674,1.1542012691497803,1.1535356044769287,1.154068112373352,0,1.1537931809261697,1.1541068601608275,51.829307507434265,-4.214922093807394e-05,0.0012931312833513533
2026-08-14 05:00:00+01:00,1.154068112373352,1.155401587486267,1.154068112373352,1.155401587486267,0,1.153946362503322,1.15419198513031,59.209259116689026,8.823817337250501e-05,0.0013503006526402064
2026-08-14 09:00:00+01:00,1.1555349826812744,1.1574074029922485,1.155401587486267,1.1568717956542969,0,1.1542249751843672,1.154301211833954,65.48734918236767,0.00026007055938781796,0.0014174325125558035
2026-08-14 13:00:00+01:00,1.1570056676864624,1.1588828563690186,1.1566041707992554,1.1583458185195923,0,1.1546174364543886,1.1544293069839477,70.40535614141838,0.00044852281732250766,0.0015326482909066336
2026-08-14 17:00:00+01:00,1.1584800481796265,1.1584800481796265,1.1566041707992554,1.1570056676864624,0,1.1548448870479195,1.1545120072364807,61.78495109737526,0.00045689684499429197,0.0015428917748587473
2026-08-14 21:00:00+01:00,1.157139539718628,1.1574074029922485,1.157139539718628,1.157273530960083,0,1.1550761864681256,1.1545894265174865,62.76625355047115,0.0004535406896122837,0.0013714603015354701
2026-08-16 21:00:00+01:00,1.1578094959259033,1.1579434871673584,1.1576753854751587,1.1576753854751587,0,1.1553237292307001,1.1546722221374512,64.2494266482849,0.0004505255149830558,0.0012767910957336426
2026-08-17 01:00:00+01:00,1.1579434871673584,1.1587486267089844,1.1579434871673584,1.1587486267089844,0,1.1556499099429178,1.1547658324241639,67.92431556325775,0.0004897016140479932,0.0012964861733572824
2026-08-17 05:00:00+01:00,1.1586142778396606,1.1615750789642334,1.1586142778396606,1.1609008312225342,0,1.1561499976838339,1.154899823665619,73.75125626788355,0.0006210094970577046,0.001432018620627267
2026-08-17 09:00:00+01:00,1.1610356569290161,1.1617100238800049,1.159151554107666,1.1595547199249268,0,1.1564742569448905,1.154980218410492,65.71075312575363,0.000578510672525677,0.001500955649784633
2026-08-17 13:00:00+01:00,1.1595547199249268,1.1602274179458618,1.1584800481796265,1.1592857837677002,0,1.1567420214042057,1.1550659108161927,64.20472289809405,0.0004967252876480355,0.0015117355755397252
2026-08-17 17:00:00+01:00,1.1592857837677002,1.1595547199249268,1.1574074029922485,1.1582117080688477,0,1.1568819915627429,1.1551221132278442,58.443630877965965,0.0003420889108707206,0.0015224644115992955
2026-08-17 21:00:00+01:00,1.1583458185195923,1.1590172052383423,1.1578094959259033,1.1586142778396606,0,1.1570469712081635,1.155173010826111,59.896127400092006,0.00024335361245969903,0.0015612329755510604
2026-08-18 01:00:00+01:00,1.1586142778396606,1.1588828563690186,1.1575413942337036,1.1576753854751587,0,1.1571068201859724,1.1552211570739745,55.06229953614707,9.866826279618921e-05,0.001590541430882045
2026-08-18 05:00:00+01:00,1.1576753854751587,1.158077597618103,1.157139539718628,1.1576753854751587,0,1.157160969261133,1.1552799773216247,55.06229953614707,-7.5400113320590965e-06,0.0016099980899265834
2026-08-18 09:00:00+01:00,1.1575413942337036,1.1582117080688477,1.157273530960083,1.158077597618103,0,1.1572482671998923,1.1553441739082337,56.79466129604863,-5.837856217628555e-05,0.0015817625182015555
2026-08-18 13:00:00+01:00,1.1579434871673584,1.159151554107666,1.1575413942337036,1.1587486267089844,0,1.1573911585817107,1.1554697060585022,59.59333100464969,-5.455907615018168e-05,0.0015535014016287668
